GID_0,NAME_0,2000,2010,2020,2030,2040,2050,2060,2070,2080
ABW,Aruba,0.5110321044921875,0.7667083740234375,1.0261688232421875,1.3481674194335938,1.6050796508789062,1.9740219116210938,2.338897705078125,2.7224807739257812,3.062225341796875
AFG,Afghanistan,0.6850975131480351,1.1185912001831706,1.545108558017873,2.0248529085257547,2.5443022001276643,3.209632453444161,3.889584258436945,4.622081587200267,5.312603206871669
AGO,Angola,0.5272109646267361,0.8802231174045139,1.262363552517361,1.6559144422743055,2.0624964735243054,2.5111992730034722,3.0206624348958333,3.581542697482639,4.1894319661458335
AIA,Anguilla,0.6075693766276041,0.8697611490885416,1.0348103841145833,1.3120473225911458,1.5614776611328125,1.9501698811848958,2.2442728678385415,2.694636027018229,3.113886515299479
ALA,Åland,0.7840519657841435,1.2338855884693287,1.5629894115306713,1.8741319444444444,2.3832024468315973,3.0415185998987266,3.58481287073206,4.326591209129051,4.99227453161169
ALB,Albania,0.6435127258300781,1.0754436916775174,1.3692389594184027,1.7862269083658855,2.234577178955078,2.75388420952691,3.2913072374131946,3.8925662570529513,4.591946495903863
AND,Andorra,0.5762939453125,0.95357666015625,1.3263427734375,1.725799560546875,2.135418701171875,2.605523681640625,3.177984619140625,3.780224609375,4.46993408203125
ARE,United Arab Emirates,0.5238074785397376,0.8843574052975501,1.273172449182581,1.699950983494888,2.193498587902681,2.779995765215085,3.372441798080633,3.9917406623746143,4.555899914400078
ARG,Argentina,0.3551014696104506,0.5980188960973352,0.890976391387672,1.1896776080778055,1.5453573966155612,1.9375297409522318,2.3550650063881937,2.8265585073790156,3.3320510093997706
ARM,Armenia,0.7854963030133929,1.1180463518415178,1.4680584003398944,1.9258323768516639,2.4782548384232954,2.9799444025213067,3.704486004717938,4.345262799944196,4.9280007102272725
ASM,American Samoa,0.5122307671440972,0.7050577799479166,0.8823716905381944,1.0952996148003473,1.3569505479600694,1.6318495008680556,1.92431640625,2.2663811577690973,2.6154310438368054
ATA,Antarctica,0.4071618013266093,0.6914012029126311,0.9944406137007843,1.3437321591330216,1.7077691028735689,2.169784488586853,2.733040221452109,3.2487013726825653,3.8571203213108842
ATF,French Southern Territories,0.4261576334635417,0.5471389205367477,0.6564794469762731,0.8787463152850116,1.115001537181713,1.3569172046802662,1.6713132505063657,1.9973698368778936,2.4001916956018516
ATG,Antigua and Barbuda,0.6037360297309028,0.8448520236545138,0.9983317057291666,1.2551371256510417,1.5492316351996527,1.8983052571614583,2.2039388020833335,2.6773918999565973,3.0883314344618054
AUS,Australia,0.4027510058773897,0.6886872530343368,1.0308305022901643,1.3940052196880766,1.7918603523813517,2.2599847497065237,2.7505279955559283,3.2958465223042093,3.836015454678853
AUT,Austria,0.6553547703942587,1.0480167832485465,1.4229040811228197,1.8141363099563954,2.2355204737463663,2.955059956395349,3.498641612917878,4.09224853515625,4.859188771802326
AZE,Azerbaijan,0.7466129868794856,1.1197724410791716,1.401593660053454,1.8241723165557715,2.3302705755644437,2.7491817200583135,3.3811473207610647,3.98196046090012,4.572193784576854
BDI,Burundi,0.486041259765625,0.8054027210582386,1.169662753018466,1.5402199485085226,1.944576748934659,2.348843661221591,2.8126364968039774,3.31658935546875,3.849328058416193
BEL,Belgium,0.5574858292289402,0.9308272652004076,1.1147238689920176,1.4708324929942256,1.7664844678795857,2.2531200906504756,2.9113172448199727,3.393374899159307,3.9277957418690557
BEN,Benin,0.4695714960243496,0.7970357982035216,1.1048483291858344,1.4972255338872145,1.9079645611913072,2.338335531012056,2.7956660701538705,3.2329039597874365,3.6976417502776013
BES,"Bonaire, Sint Eustatius and Saba",0.5824241638183594,0.8412208557128906,1.0320701599121094,1.3168487548828125,1.5880775451660156,1.9471817016601562,2.288799285888672,2.713550567626953,3.0992164611816406
BFA,Burkina Faso,0.511282723906975,0.8369550594320984,1.216891755637326,1.6374879912267981,2.1179547586463165,2.5792474237782774,3.1056525635332077,3.5701261374347446,4.096618793956641
BGD,Bangladesh,0.3323667139039004,0.5857609340122768,0.9150555832941729,1.233842204387923,1.5945023845012922,2.0823745153900375,2.6131734059269265,3.1275827508223686,3.4810561560150375
BGR,Bulgaria,0.6797662353515626,1.034449462890625,1.3740391845703126,1.832403564453125,2.2601884765625,2.8360390625,3.352474365234375,3.98513525390625,4.63761767578125
BHR,Bahrain,0.6155776977539062,0.9717063903808594,1.2886543273925781,1.7382698059082031,2.3078269958496094,2.8927154541015625,3.5536422729492188,4.1552581787109375,4.6743621826171875
BHS,Bahamas,0.5501284599304199,0.7627765337626139,0.9384366671244303,1.2082603772481282,1.5127922693888347,1.8817014694213867,2.2252155939737954,2.6530367533365884,3.106001536051432
BIH,Bosnia and Herzegovina,0.675782242441565,1.1006167031885163,1.4014299594289887,1.7874443240282012,2.214624420414126,2.8627019122364077,3.384905559260671,3.992092225609756,4.698848569296239
BLM,Saint-Barthélemy,0.59765625,0.855865478515625,1.0289306640625,1.314361572265625,1.561859130859375,1.927581787109375,2.222198486328125,2.6749267578125,3.091766357421875
BLR,Belarus,0.8117516508556548,1.2233623976934525,1.5347798084077382,1.9538450985863096,2.461983351934524,3.181685732886905,3.8566162109375,4.4245833333333335,4.887959449404762
BLZ,Belize,0.5157475875595868,0.7974150059586864,1.1067903163069386,1.4376060356528073,1.8223075220140361,2.261463747186176,2.6968306201999472,3.1733620853747353,3.666934255826271
BMU,Bermuda,0.6302897135416666,0.8477376302083334,1.046356201171875,1.288909912109375,1.5800984700520833,1.931884765625,2.2860209147135415,2.6981913248697915,2.9720357259114585
BOL,Bolivia,0.5642587110837103,0.9506072902857923,1.3749262856752964,1.8217770391453525,2.3201053688396756,2.855236945863225,3.426573831292888,4.06254203544136,4.708168034544604
BRA,Brazil,0.516996343964186,0.8807565789473685,1.2595498689763496,1.6243290161194788,2.03992635042943,2.5079643803414284,3.0602103914579457,3.647542083580132,4.258983912252496
BRB,Barbados,0.6374409993489584,0.87030029296875,1.04681396484375,1.2625223795572917,1.6506551106770833,2.0145060221354165,2.2359720865885415,2.6659647623697915,3.0868733723958335
BRN,Brunei,0.41617889404296876,0.6885284423828125,0.953656005859375,1.186376953125,1.4855316162109375,1.8403106689453126,2.201029968261719,2.6194488525390627,3.0674697875976564
BTN,Bhutan,0.42779814891326123,0.7094554412059295,1.1314575977814503,1.5373629056490385,1.9506155160757213,2.439329880934495,2.9990989489433093,3.567330384865785,4.141886001978165
BVT,Bouvet Island,0.3970947265625,0.556488037109375,0.7286376953125,0.776092529296875,0.998809814453125,1.2344970703125,1.378448486328125,1.724578857421875,2.08056640625
BWA,Botswana,0.563697272406684,0.9904988606770834,1.3729985894097223,1.8383534071180556,2.3674864366319444,2.9683702256944446,3.5893424479166667,4.2490237087673615,4.947784288194445
CAF,Central African Republic,0.4754843006963315,0.805792236328125,1.1414164667544158,1.5075748609459918,1.8992490022078805,2.298546301800272,2.7769992994225543,3.2812362007472826,3.820706840183424
CAN,Canada,0.7849708583557253,1.2982223141733302,1.9182144634821456,2.547535631616433,3.160512490287805,3.972820775599728,4.876009157790799,5.789014191945353,6.669996297225549
CCK,Cocos Islands,0.633270263671875,0.812591552734375,0.9325103759765625,1.2220611572265625,1.433319091796875,1.805633544921875,2.0515594482421875,2.41888427734375,2.832489013671875
CHE,Switzerland,0.5882434844970703,1.050487790788923,1.3705744062151228,1.7463150024414062,2.1726352146693637,2.838622501918248,3.459165573120117,4.124434334891183,4.87341799054827
CHL,Chile,0.3371505434035172,0.5584605886880678,0.8142737280841851,1.089543807784107,1.4122353964810477,1.7758891654244748,2.148948101886357,2.5617244618647077,3.008991473239637
CHN,China,0.5392218663895673,0.9483158776379235,1.3865080145516313,1.8330857833928236,2.352867518708122,2.946651764747323,3.5902001534222556,4.224752841442795,4.864743800488446
CIV,Côte d'Ivoire,0.4435624487606096,0.7713046603732638,1.0756891195666152,1.392687385464892,1.7425954057355968,2.1083145455568415,2.52966810940715,2.980412235966435,3.444983211564429
CMR,Cameroon,0.4613241706095951,0.7500615509463028,1.0780976631272008,1.4361434721610915,1.8348741128411092,2.222143210827465,2.6631082884022885,3.120874367297535,3.639586198833627
COD,Democratic Republic of the Congo,0.49204735772064484,0.8103945595038858,1.1726751260003079,1.5466578358244845,1.9529422514619883,2.3891316017909356,2.8929457260887967,3.425245929035857,3.9643225559787627
COG,Republic of Congo,0.48887475449799606,0.7758600171170713,1.090561196706552,1.4533870654478391,1.8479404378557738,2.216257995832365,2.6631349471421935,3.1540654405785316,3.6862865575627324
COK,Cook Islands,0.4934246356670673,0.6930436354417068,0.8469496506911057,1.0511204646183894,1.2976050743689904,1.5485159067007213,1.8963822584885817,2.237035898061899,2.617114727313702
COL,Colombia,0.5064907153684701,0.818744971431903,1.1466041861007463,1.5058490263526119,1.9047635844216417,2.3322944846082088,2.8103180387126865,3.322395055970149,3.9003145405783584
COM,Comoros,0.5500052315848214,0.7742091587611607,0.9730398995535714,1.2470136369977678,1.5076969691685267,1.8099169049944197,2.209535871233259,2.609224591936384,3.072267804827009
CPV,Cape Verde,0.5262113298688617,0.8126209803989956,1.0384630475725447,1.2619389125279017,1.574322291782924,1.9331120082310267,2.2735464913504466,2.5351039341517856,2.958399091448103
CRI,Costa Rica,0.5241213843936012,0.8212791806175596,1.0316906156994048,1.3498081752232143,1.643240501767113,1.9843563988095239,2.3387596493675593,2.8115161714099703,3.209345935639881
CUB,Cuba,0.6162916865662067,0.8555673195497833,1.0323251320497833,1.3197768830904995,1.6537198254661838,1.9960892948791058,2.3582623335566835,2.7480961040858807,3.1778377338047443
CUW,Curaçao,0.5168195452008929,0.7837088448660714,1.0409066336495536,1.3491995675223214,1.6130283900669642,1.9950474330357142,2.4006522042410716,2.783726283482143,3.131779261997768
CXR,Christmas Island,0.6189727783203125,0.8460845947265625,0.9916534423828125,1.186248779296875,1.4816131591796875,1.7846527099609375,2.114959716796875,2.5651702880859375,2.908782958984375
CYM,Cayman Islands,0.5445469447544643,0.7830069405691964,0.9820469447544643,1.2743443080357142,1.5876508440290178,1.9489876883370536,2.3025599888392856,2.7492196219308034,3.2100001743861606
CYP,Cyprus,0.6125764392671131,0.9537164597284227,1.172700427827381,1.482240222749256,1.832090831938244,2.2170308430989585,2.7378670828683034,3.2434503464471724,3.6593221028645835
CZE,Czech Republic,0.6981314310213415,1.0859992794874238,1.4265627977324695,1.8330374368807165,2.1676530047160822,2.8004727991615854,3.429724716558689,3.97227783203125,4.754773842416158
DEU,Germany,0.646501628754417,0.9982478093483141,1.2422453000772968,1.575393011769361,1.9661049994478799,2.5748122791519434,3.237542214185807,3.769302350191402,4.33713433543139
DJI,Djibouti,0.46696959150598405,0.7534426425365691,1.0735850232712767,1.3968953883394282,1.7606369992519946,2.1982597188746675,2.7522011614860373,3.285261438248005,3.828144479305186
DMA,Dominica,0.6267547607421875,0.8656387329101562,0.9923477172851562,1.251800537109375,1.5755462646484375,1.9035186767578125,2.1936874389648438,2.6689224243164062,3.0810089111328125
DNK,Denmark,0.6627462418352972,0.9825471138042179,1.1122388162248122,1.4260754194415983,1.801694942953808,2.1861026951524076,2.696348596791752,3.154209824859119,3.694877582821038
DOM,Dominican Republic,0.6762381248103763,0.9120198962757888,1.0840116334192962,1.3503252047936893,1.6530995785611347,2.01321766677412,2.3932441785497574,2.8301385675819173,3.238399764866505
DZA,Algeria,0.6082620841769059,1.0139049028291678,1.4498577016720189,1.8740670705633902,2.4007898675300194,3.015022045605278,3.6773760384669085,4.323193373010333,4.959434340966211
ECU,Ecuador,0.5584241453953053,0.8678849040088565,1.1349021806145594,1.4655906571770594,1.814036145188292,2.198543706797235,2.648280833723358,3.1129476661506335,3.5617248253888247
EGY,Egypt,0.6221686863467983,1.0017488859112564,1.3696896259790858,1.7503466544533268,2.2608768748990635,2.79515907622739,3.3380070176235463,3.8908167797157622,4.457974377220607
ERI,Eritrea,0.4992176513671875,0.8383275146484375,1.1927464599609374,1.548672119140625,1.92324072265625,2.347314453125,2.896345703125,3.427862548828125,4.031662109375
ESH,Western Sahara,0.5212266939180391,0.8628784729553772,1.2331369760874156,1.5989423872114301,1.9785354201858107,2.436464326875704,2.9559832048845722,3.4556194683452985,4.027774845157658
ESP,Spain,0.5065431826999148,0.8914074623828505,1.2540360462816456,1.6204212341011441,1.9901275189036636,2.4328648939569133,2.9289023038126825,3.5190624619644595,4.118009543117089
EST,Estonia,0.8537633141805959,1.251006192939226,1.5528644295625909,1.962557593057322,2.5109946672306505,3.2404093187908796,3.837146847747093,4.366641022438227,4.946196090343387
ETH,Ethiopia,0.47706705729166665,0.7803653895297897,1.0861529674114097,1.4237499391549844,1.7553497979945483,2.1513787480529594,2.6350083966121494,3.1314008956386292,3.6518542518496884
FIN,Finland,0.8436284522487693,1.3772105386812392,1.9019873632143622,2.373238341449058,2.8721978174497003,3.5011046945232236,4.222899972575984,4.94446804098887,5.605054045376712
FJI,Fiji,0.40063065332723846,0.5868958818151596,0.7598039343001994,0.9814699862865691,1.25103456754211,1.5792671365940825,1.908969743877438,2.272410940616689,2.5856604609929077
FLK,Falkland Islands,0.2751617431640625,0.37383736504448783,0.5409435696072049,0.7461984422471788,0.931412590874566,1.2657915751139324,1.5625038146972656,1.8886973063151042,2.1980230543348522
FRA,France,0.5142890369096048,0.9331205340632924,1.2186367005890744,1.5623272648325233,1.8928224719991547,2.43159047608041,2.984229918969252,3.5465159089708367,4.118497563133982
FRO,Faroe Islands,0.3914082845052083,0.5814175075954862,0.7329118516710069,0.8442416720920138,1.2654012044270833,1.5591651068793402,1.864900377061632,2.10318840874566,2.36562262641059
FSM,Micronesia,0.6623746431790866,0.9208651811648638,1.0296662159455128,1.273738763271234,1.5768992106119792,1.9188604110326521,2.3369989639673476,2.693324162409856,3.183353913136018
GAB,Gabon,0.4809030443796069,0.7505047772381757,1.0240260318690495,1.3342612076742937,1.7400211268619472,2.091307693968827,2.5014954363098894,2.9299598337684274,3.3770119107033167
GBR,United Kingdom,0.403907071317406,0.6922249907239446,0.8670868483571075,1.0441028121907983,1.2093692668824207,1.5857640570889677,2.007381388883163,2.422861064015089,2.8494502648829156
GEO,Georgia,0.7352649143763951,1.063309079124814,1.422271728515625,1.8542211623418898,2.3773291451590404,2.8661586216517856,3.49673825218564,4.098914373488653,4.673417590913319
GGY,Guernsey,0.412896728515625,0.725433349609375,0.902703857421875,1.113262939453125,1.2158447265625,1.620751953125,1.99581298828125,2.42384033203125,2.88341064453125
GHA,Ghana,0.4652045263002997,0.7975227251444778,1.0732790594231592,1.3985305577108305,1.758565322666952,2.129443359375,2.5644170055650686,3.0051590592893835,3.482322880993151
GIB,Gibraltar,0.493255615234375,0.899169921875,1.142181396484375,1.47509765625,1.94183349609375,2.39227294921875,2.661376953125,3.11895751953125,3.673187255859375
GIN,Guinea,0.4542995394789023,0.8014405536167513,1.1332480338624287,1.4702808360763007,1.8688261545249047,2.2597949032856124,2.7330994581813135,3.211395418583439,3.738428106162754
GLP,Guadeloupe,0.6026051839192709,0.839141845703125,0.9824422200520834,1.2604904174804688,1.5573832194010417,1.8987884521484375,2.1996027628580728,2.6767705281575522,3.0927658081054688
GMB,Gambia,0.46504429408482145,0.7709995814732142,1.08778076171875,1.4536002022879464,1.8366830008370536,2.2367963518415177,2.7142490931919645,3.188161795479911,3.612565394810268
GNB,Guinea-Bissau,0.4416436529778815,0.7446820147625812,1.0618654721743102,1.4080735243760145,1.8029309557629871,2.183206137124594,2.6366470138747973,3.071305312119521,3.499692842557833
GNQ,Equatorial Guinea,0.4965215047200521,0.769946797688802,1.0195780436197917,1.3050384521484375,1.701067606608073,2.0504364013671874,2.447423807779948,2.866314697265625,3.2691274007161457
GRC,Greece,0.6723655748466858,1.0414475219981407,1.2510294426458115,1.6327208835546059,2.0491140600534967,2.5384707520550625,3.0188605003914404,3.553461954837552,4.050838335073069
GRD,Grenada,0.6136125837053571,0.7932826450892857,1.0350472586495536,1.2664097377232142,1.6039515904017858,1.94500732421875,2.2046944754464284,2.656306675502232,3.050358363560268
GRL,Greenland,0.7313360163803799,1.1020720471998802,1.5124537413365278,1.9567379553670745,2.6133923844335585,3.3159693997604176,4.055104964383503,4.7996077372294,5.584278003871823
GTM,Guatemala,0.5279804430509868,0.818484175832648,1.1491305702611019,1.5156413831208881,2.0224829422800163,2.5190685071443255,3.0166452508223682,3.575767758018092,4.084173905222039
GUF,French Guiana,0.5593096051897322,0.8818740844726562,1.1521360124860491,1.4673001970563615,1.808009992327009,2.216426522391183,2.674316188267299,3.224059840611049,3.71949462890625
GUM,Guam,0.6213607788085938,0.844940185546875,0.9577560424804688,1.2372360229492188,1.534912109375,1.9725723266601562,2.3710556030273438,2.6961746215820312,3.0762786865234375
GUY,Guyana,0.5779438018798828,0.9208447592599052,1.2574409303211032,1.5923087710425967,1.994741712297712,2.4422360374813987,2.9756237211681547,3.485503423781622,4.025111243838356
HKG,Hong Kong,0.3170967102050781,0.6196823120117188,0.9322662353515625,1.2730789184570312,1.6524467468261719,2.07574462890625,2.562297821044922,3.0400123596191406,3.44989013671875
HMD,Heard Island and McDonald Islands,0.3732757568359375,0.5540822347005209,0.5638987223307291,0.7515970865885416,0.9741007486979166,1.272064208984375,1.6068572998046875,1.917938232421875,2.164393107096354
HND,Honduras,0.4967180769020152,0.7670359388690129,1.0526441057151723,1.3949661967910338,1.7415568984557535,2.09212971624927,2.4965187144056658,3.044279294593312,3.4608462324766354
HRV,Croatia,0.6613741069260038,1.078127055588164,1.4026335879311043,1.7902533180355409,2.2513570044324807,2.8623733125202397,3.374168277404469,3.9670296308290154,4.673718704460816
HTI,Haiti,0.658368522738233,0.8893945011091821,1.0619423948688271,1.3430262436101466,1.6364516270013503,1.992039809992284,2.3657603322723766,2.790413185402199,3.2042778862847223
HUN,Hungary,0.6989100633469303,1.0794014719735205,1.4776635634160675,1.8761346867654176,2.280137593767284,2.967488786815542,3.518083150407909,4.095810611691095,4.855159253145741
IDN,Indonesia,0.4693485144412879,0.69599866703722,0.9091086647727272,1.17480597414361,1.4784924654150198,1.8132739161314229,2.191768311511858,2.6078845520421607,3.0399101408102767
IMN,Isle of Man,0.408270263671875,0.714617919921875,0.88524169921875,1.021832275390625,1.22227783203125,1.583258056640625,2.0469970703125,2.449774169921875,2.788995361328125
IND,India,0.42802830057792407,0.7291517162303531,1.0707626078026127,1.431623681172178,1.8634971343003675,2.3368793774877528,2.887606407238722,3.4501074039344766,4.000778618723209
IOT,British Indian Ocean Territory,0.7990442911783854,1.0235239664713542,1.172045389811198,1.3960494995117188,1.707745869954427,2.055638631184896,2.4521255493164062,2.8463261922200522,3.2815653483072915
IRL,Ireland,0.3676626628340639,0.6141393324908089,0.7466621226315046,0.8350979213800905,0.9851333825296946,1.2697458396669965,1.6489803262425764,2.0967139334700224,2.538126811722285
IRN,Iran,0.6493843402422282,1.0567410625988924,1.4735306479197692,1.8704149554402456,2.4045426517125836,3.039872908716493,3.700985724590469,4.382384935778108,5.022745253164557
IRQ,Iraq,0.6992481549580892,1.110349973042806,1.519715944925944,1.9341468811035156,2.439807415008545,3.116461435953776,3.8439528147379556,4.508930206298828,5.144887288411458
ISL,Iceland,0.365163310592723,0.6647301615683685,0.9438257351727553,1.2593825076107688,1.7652322831847858,2.2487864606257335,2.634858467209507,3.0834052573906985,3.6299275143045775
ISR,Israel,0.5915237176613729,0.9239481941598361,1.3236209056416497,1.6616426061411373,2.058988977651127,2.5923637014920593,3.1957587570440573,3.7006640825115267,4.296660876664959
ITA,Italy,0.5860474808180021,0.9832098749677614,1.2888136579049174,1.6794238818560867,2.139245958079006,2.6074593188510145,3.1045156948504125,3.6534657222532667,4.2664591751203575
JAM,Jamaica,0.6600261015050551,0.8800542494829964,1.0453473259420956,1.2981666116153492,1.6049373851102942,1.9234089570886947,2.2890508315142464,2.7089000028722428,3.112579345703125
JEY,Jersey,0.420721435546875,0.738043212890625,0.924627685546875,1.14481201171875,1.250347900390625,1.66015625,2.068682861328125,2.479986572265625,2.92608642578125
JOR,Jordan,0.6223608329471222,1.0032833120917197,1.4146559548243292,1.8014245329603638,2.2891392249845515,2.924348820400777,3.5863650909251414,4.176009183549612,4.757753878663489
JPN,Japan,0.5821441348236386,0.8973571173035272,1.2284324721534654,1.610139571086015,2.0327324895575494,2.4719547687190593,2.9912694345606434,3.5172699276763613,4.068827351485148
KAZ,Kazakhstan,0.8998304001828458,1.4247343022772607,1.8405198983266844,2.2979805587876774,2.773601991910461,3.4827155363475177,4.13977345135195,4.924950132978723,5.552681737588652
KEN,Kenya,0.4645295920946919,0.7418527445330969,1.0371806548278664,1.322886654107565,1.6527779220689274,2.0203001775358302,2.444123829510195,2.907511970393765,3.3842548343306738
KGZ,Kyrgyzstan,0.7459500781713925,1.1649804194579498,1.5554061490962738,1.9639057512804334,2.6039392466782956,3.1835195219714962,3.8031690149012767,4.561683781639697,5.239314643334323
KHM,Cambodia,0.3623503117862334,0.6449544406016403,0.9280661142545681,1.2639666078890677,1.5939477052403448,1.937576648800872,2.3420028939991693,2.73586093230897,3.1829679875674834
KIR,Kiribati,0.4903116226196289,0.7507486343383789,0.9300026893615723,1.2626471519470215,1.5780525207519531,1.9171533584594727,2.3388381004333496,2.7559351921081543,3.194943428039551
KNA,Saint Kitts and Nevis,0.6175333658854166,0.8626505533854166,1.026519775390625,1.2628987630208333,1.5702412923177083,1.9220377604166667,2.2177632649739585,2.676422119140625,3.09234619140625
KOR,South Korea,0.5410189369852229,0.8954749292181444,1.2230575916378996,1.570964251377786,2.0681592364643895,2.584476677946342,3.1354696584302326,3.6237431016079213,4.1753052704094
KWT,Kuwait,0.6841950850053267,1.074585654518821,1.4875772649591619,1.855407021262429,2.357485684481534,2.9970612959428267,3.721769159490412,4.361292058771307,4.917277943004262
LAO,Laos,0.3232881860825622,0.5979887582723377,0.9835628028054839,1.3563113907008495,1.7221602652836772,2.1184809416243175,2.6425280524689017,3.130184729122421,3.607894156743022
LBN,Lebanon,0.6419446221713362,0.9645427835398707,1.3326973750673492,1.6816237877155173,2.013239367254849,2.4749008704876077,3.045893175848599,3.5747533337823274,4.078161831559806
LBR,Liberia,0.4632086901931289,0.7793031301557648,1.0485470220909356,1.342396232652368,1.6861875545904503,2.013669410847729,2.389845001031153,2.803269475143148,3.280256377984278
LBY,Libya,0.6251430626699054,1.004176643362364,1.3499001216081856,1.7432875585229561,2.214581025976641,2.7266494191753927,3.2620322096506245,3.8091707202728555,4.3833957630638345
LCA,Saint Lucia,0.5603179931640625,0.7987314860026041,0.9850616455078125,1.2232004801432292,1.5648956298828125,1.892181396484375,2.173792521158854,2.6417744954427085,3.044987996419271
LIE,Liechtenstein,0.6154378255208334,1.0416158040364583,1.3711954752604167,1.74505615234375,2.1664632161458335,2.8570454915364585,3.4707234700520835,4.114990234375,4.895487467447917
LKA,Sri Lanka,0.476481287932593,0.7381387505649535,0.9408397832192665,1.2085165228725465,1.4952296737797004,1.8384717200413223,2.1739870181753616,2.52970545745093,2.9006622566664513
LSO,Lesotho,0.44896364212036133,0.7837009429931641,1.1058073043823242,1.5227093696594238,2.0225419998168945,2.5085840225219727,3.0952906608581543,3.7085018157958984,4.320150852203369
LTU,Lithuania,0.7585817367311508,1.1519286140562996,1.412974201182209,1.782429367146164,2.2890342429832176,2.9962745949074074,3.55503013651207,4.096725544601521,4.672832186259921
LUX,Luxembourg,0.5629817417689732,0.9592132568359375,1.1747327532087053,1.5195552280970983,1.8487941196986608,2.434565952845982,3.168943132672991,3.6917550223214284,4.239499773297991
LVA,Latvia,0.7869638770517676,1.1874152289496527,1.4666772707544191,1.842602354107481,2.377352627840909,3.070498688052399,3.679854576033775,4.212164368292298,4.757201223662405
MAC,Macao,0.315032958984375,0.619720458984375,0.93218994140625,1.2508544921875,1.63104248046875,2.061431884765625,2.5694580078125,3.04022216796875,3.452728271484375
MAF,Saint-Martin,0.60333251953125,0.8633880615234375,1.027252197265625,1.3173828125,1.55865478515625,1.9411468505859375,2.23406982421875,2.6853790283203125,3.10369873046875
MAR,Morocco,0.5411874121362037,0.9440775441599416,1.3726461221883586,1.7842683896913634,2.2306337461366756,2.749137459220467,3.367821997338599,3.989505642063015,4.655427702180632
MCO,Monaco,0.5467376708984375,0.980316162109375,1.29913330078125,1.706451416015625,2.15618896484375,2.6262664794921875,3.096923828125,3.67193603515625,4.3289031982421875
MDA,Moldova,0.7434573524876644,1.1726485402960527,1.5444374486019736,1.9695450632195723,2.3907001696134866,2.9802034076891446,3.504829165810033,4.128192459909539,4.716300884046053
MDG,Madagascar,0.4514340710409968,0.7141415513213425,0.9885610435297763,1.3018708551045015,1.620393775539255,1.9897731768739952,2.4325444424906215,2.9055139147072615,3.3917941536039655
MDV,Maldives,0.7669414651804957,0.9825092184132543,1.111169223127694,1.3584626296470905,1.6751761600889008,2.011182061557112,2.3560896248653016,2.7090376930675286,3.1610801959859915
MEX,Mexico,0.5177677480419677,0.870017430291104,1.2011796960878611,1.5705939058083385,1.9853448148947865,2.4489233889172426,2.961717461820823,3.5252590466983356,4.059350708621231
MHL,Marshall Islands,0.6552175457557935,0.9220440468091643,1.0441541350289676,1.263599181443118,1.593877899512816,1.9650357707162922,2.3778155037526334,2.7719081921523876,3.24685257472349
MKD,Macedonia,0.6744365692138672,1.0786314010620117,1.373222827911377,1.8391098976135254,2.313417911529541,2.8903074264526367,3.467650890350342,4.146007537841797,4.869692802429199
MLI,Mali,0.5942390086462284,0.9645013447572454,1.3604015544589654,1.7928081938143283,2.3302323330004064,2.8608641784601843,3.464441433758803,4.056088861897345,4.652533137527086
MLT,Malta,0.5548553466796875,0.911376953125,1.1129989624023438,1.468475341796875,1.8406143188476562,2.205230712890625,2.6327896118164062,3.0836334228515625,3.5324630737304688
MMR,Myanmar,0.3780170171752611,0.6880853850494996,0.9908750050995431,1.3190414388870757,1.6845976163035792,2.0670653659432117,2.556007006772193,2.9886492670256746,3.4432888313207135
MNE,Montenegro,0.6597217378162202,1.102537609281994,1.4148145403180803,1.8035176595052083,2.173885527111235,2.8179502941313244,3.398831322079613,4.028748285202753,4.728214808872768
MNG,Mongolia,0.689509690409959,1.1625267568260733,1.6009105335582385,2.0555110122218276,2.534833965879498,3.189460523200758,3.823007602884312,4.55378707731613,5.260255139283459
MNP,Northern Mariana Islands,0.5230611165364584,0.7729271782769097,0.9482574462890625,1.1954871283637152,1.4814368353949652,1.8577100965711806,2.260001288519965,2.6486918131510415,2.9777679443359375
MOZ,Mozambique,0.48379501763193883,0.8106906587919115,1.1179508846041835,1.4738350100030388,1.837890625,2.2769900032921395,2.7572345950035455,3.2981014406275326,3.8560678244023503
MRT,Mauritania,0.5939545124522597,0.9651014108251114,1.3746374410705762,1.7826268847469764,2.2871500910049334,2.8304523392743475,3.401114810431254,4.027731018260662,4.662634953353756
MSR,Montserrat,0.5755615234375,0.8155670166015625,0.99249267578125,1.2576446533203125,1.55328369140625,1.895294189453125,2.2032623291015625,2.6826019287109375,3.09637451171875
MTQ,Martinique,0.6088307698567709,0.8504689534505209,1.0125325520833333,1.2437744140625,1.5809122721354167,1.9103291829427083,2.183563232421875,2.6530558268229165,3.061309814453125
MUS,Mauritius,0.6062397203947368,0.8194387335526315,0.9346923828125,1.1857621042351973,1.4242393092105263,1.7148726613898027,2.0642892937911186,2.383000424033717,2.7519707930715462
MWI,Malawi,0.5305845510905685,0.8656589974105627,1.2130427986248586,1.5580415337333853,1.9684678850130797,2.445708538072681,2.9590895985046664,3.565827106458569,4.119000879348134
MYS,Malaysia,0.42786262087637017,0.6744937993221701,0.927634227939239,1.2094161498405882,1.5061119555622893,1.8554963341852866,2.222655838295742,2.6415904464850337,3.080357260486931
MYT,Mayotte,0.525921630859375,0.751092529296875,0.9568359375,1.19453125,1.4956298828125,1.80721435546875,2.249273681640625,2.58702392578125,3.058465576171875
NAM,Namibia,0.5028060792937992,0.8758582408033957,1.2701784148929627,1.7148852731299213,2.185802549827756,2.715671136811024,3.287816421628937,3.8573353684793306,4.49330170398622
NCL,New Caledonia,0.4916805144279234,0.6746744135374664,0.8466629520539315,1.1063544160576277,1.3640615811911962,1.6560557375672043,1.9932162377142137,2.3249784079931115,2.765978741389449
NER,Niger,0.627222015275988,0.993774204319695,1.3866112218553122,1.821390438189075,2.335642741444731,2.869360715116695,3.4374037979667813,3.989337794422967,4.539225260416667
NFK,Norfolk Island,0.4987640380859375,0.6926116943359375,0.8412322998046875,1.1131439208984375,1.41290283203125,1.7258758544921875,2.0063323974609375,2.4484710693359375,2.8643341064453125
NGA,Nigeria,0.4743631329350373,0.7973338610905222,1.1123585777603768,1.4872841400870314,1.8788479700650345,2.289564230465761,2.7281244769749424,3.1964000185300305,3.7235580946346594
NIC,Nicaragua,0.5206037248883929,0.8064591544015067,1.0552146094185966,1.3864024026053292,1.6690898622785295,2.0132345472063338,2.376615524291992,2.874353681291853,3.2814671652657643
NIU,Niue,0.4267120361328125,0.5708160400390625,0.7213134765625,0.9454498291015625,1.186553955078125,1.4664764404296875,1.815216064453125,2.2021026611328125,2.4440155029296875
NLD,Netherlands,0.5704866297104779,0.8844383944984243,1.0208914620535714,1.3660491174008667,1.6669950084525997,2.0851145511915705,2.7069035377823005,3.1483010684742645,3.7165104200860033
NOR,Norway,0.5924564513709379,1.0517572715680392,1.4747971685457442,1.7900578148079764,2.1745032080871494,2.6056313902095645,3.178830663774003,3.8794406907773262,4.499265775018464
NPL,Nepal,0.46069202283873173,0.8176396502195483,1.2436018895058736,1.6369341550952328,2.0839634359317976,2.6033267278740877,3.2161290523779655,3.857812589102418,4.442982026260265
NRU,Nauru,0.420379638671875,0.7010498046875,0.89617919921875,1.2139892578125,1.575927734375,1.910247802734375,2.286865234375,2.721649169921875,3.097442626953125
NZL,New Zealand,0.39260886664257527,0.5648448792848293,0.7575583212876285,0.979573298830993,1.2596804805089024,1.5614477933415933,1.9461707564702644,2.4145362618736232,2.8284974847421074
OMN,Oman,0.4505612939820254,0.7717007515125704,1.13973849877379,1.5090789794921875,1.9194271689967106,2.3606840434827303,2.876155537770207,3.452429749911889,3.9852359169407894
PAK,Pakistan,0.5771106714822664,0.9521698533442983,1.3824042810602226,1.8354818367282388,2.326718143766869,2.904762422507591,3.5382678074392713,4.220543988803137,4.847946187584346
PAN,Panama,0.5048693438482018,0.7794037717680692,1.0230329289782647,1.3142536525619763,1.6305182259842004,1.9545003368867842,2.3038824496988477,2.685265226737081,3.104856352566341
PCN,Pitcairn Islands,0.454266357421875,0.65775146484375,0.77528076171875,0.90364990234375,1.09658203125,1.294989013671875,1.57125244140625,1.90592041015625,2.231488037109375
PER,Peru,0.5151226461280407,0.8616091901193151,1.228049937409109,1.63135656460702,2.069083404944474,2.5196748165653093,3.028048672164199,3.5683769335007933,4.122410895772739
PHL,Philippines,0.5129107636169583,0.7404703079634016,0.9173386254345584,1.1587297584141962,1.4721297658160146,1.817189857837332,2.1854639030027507,2.5945242063340466,2.9784326530027507
PLW,Palau,0.6731548309326172,0.8855819702148438,1.0015850067138672,1.2463359832763672,1.5360431671142578,1.8736419677734375,2.2698612213134766,2.6319751739501953,3.0634803771972656
PNG,Papua New Guinea,0.4518164190322317,0.6785113429523888,0.8845099803664922,1.1439313798674737,1.442906372709424,1.789131524051047,2.1573058123363875,2.556878374509162,2.9867678337696337
POL,Poland,0.7201982581097147,1.059375928795856,1.381192331728728,1.767168791397758,2.1652802177097485,2.809301625127378,3.3956816300101904,3.918094137440557,4.586579695991848
PRI,Puerto Rico,0.5956627630418346,0.8430244691910282,1.0169136293472782,1.2707785329511088,1.551270515688004,1.905793220766129,2.2412798481602825,2.711301742061492,3.133307672316028
PRK,North Korea,0.5842118499972296,0.9900584119431516,1.3858150184577238,1.7880402693511745,2.309969854693041,2.8130519136469414,3.5160743226396276,4.1013516906305405,4.751798156305408
PRT,Portugal,0.46634771885016024,0.7752145620492789,1.1042450472839878,1.4244612995375934,1.7624158288678553,2.1585313845903444,2.6277398003472223,3.1579495943509617,3.645328097873264
PRY,Paraguay,0.5253083084749172,0.8564258878948908,1.239639734515162,1.6609918888943058,2.155785904287734,2.768598107205538,3.247461089849844,3.8318019634847893,4.555472482571178
PSE,Palestina,0.5887925889756944,0.9176850495515047,1.2792527940538194,1.6022847493489583,2.000827365451389,2.5431620279947915,3.147102638527199,3.6318721064814814,4.159889503761574
PYF,French Polynesia,0.4699821651261737,0.6558263357816168,0.8254794268540933,1.0068676012782423,1.2427583076584507,1.4694633662980487,1.798665937683392,2.145247481798342,2.465682195385857
QAT,Qatar,0.5973943894909274,0.9589262931577621,1.2963473412298387,1.7398848995085685,2.3209956999747985,2.907835929624496,3.564182404548891,4.167377102759577,4.717896492250504
REU,Reunion,0.531463623046875,0.7320556640625,0.8780687120225694,1.1284247504340277,1.3736538357204862,1.6848178439670138,2.0183614095052085,2.3410407172309027,2.7429368760850696
ROU,Romania,0.7049617016409325,1.1017226572111836,1.4853364238588829,1.9044287974440206,2.3161188561146653,2.9870896226777806,3.5096486009012056,4.114837886780266,4.818074864665355
RUS,Russia,0.9377302268393054,1.5415192462109806,2.144011122402891,2.7427312305530465,3.3174787338151157,4.153578553146643,4.980302117835993,5.921375338753387,6.73807525343772
RWA,Rwanda,0.4883990478515625,0.8133892822265625,1.1457000732421876,1.5154608154296876,1.8849151611328125,2.277305908203125,2.7428289794921876,3.2417034912109375,3.8052117919921873
SAU,Saudi Arabia,0.6083527387461851,1.016420837174678,1.4613367017951,1.8713313504047981,2.4053575496990507,3.0077101745295014,3.6698331266954898,4.324284980077993,4.966372340200068
SDN,Sudan,0.5913465302759516,0.9605952182557925,1.3501108554673134,1.7462686620770504,2.210162427592865,2.721131605714417,3.320426713635528,3.915910031261493,4.512399003539905
SEN,Senegal,0.47018331199254154,0.8009176110212897,1.1396712104359423,1.5298188085642466,1.937367234705438,2.35571215304003,2.841329614921639,3.3450002065237916,3.8284838350878023
SGP,Singapore,0.458221435546875,0.68968505859375,0.928759765625,1.193743896484375,1.503515625,1.858685302734375,2.23623046875,2.62901611328125,3.025933837890625
SGS,South Georgia and the South Sandwich Islands,0.43099229600694444,0.6082750108506945,0.7766255696614583,0.8872097439236111,0.9745185004340278,1.2465413411458333,1.533559841579861,1.8261501736111112,2.1282911512586806
SHN,Saint Helena,0.49982799183238635,0.739166259765625,0.9020330255681818,1.1388133655894885,1.4239862615411931,1.7431640625,2.124062278053977,2.499991677024148,2.951535311612216
SJM,Svalbard and Jan Mayen,0.9842739793301317,1.7492214274440836,2.6481840235502343,3.608640112058081,4.486781529017857,5.512778454184704,6.593923329274892,7.714517524576118,8.756046796085858
SLB,Solomon Islands,0.5252021966978561,0.7549896240234375,0.8843335883561955,1.1262558338253996,1.4190331392509992,1.7200995156931322,2.0995181771211846,2.496251483296239,2.897082661473474
SLE,Sierra Leone,0.4464776947742372,0.7471010703740157,1.030197984590305,1.3491280623308317,1.6956741453155757,2.050090879905881,2.468654602531373,2.934217317836491,3.4501578263410435
SLV,El Salvador,0.5505923007396941,0.8092456574135638,1.11388705639129,1.4500745408078457,1.8809450839428192,2.2445977393617023,2.6396549306017287,3.122203421085439,3.545263412150931
SMR,San Marino,0.60791015625,1.0231475830078125,1.3691864013671875,1.772216796875,2.27435302734375,2.78509521484375,3.28924560546875,3.8756256103515625,4.5131072998046875
SOM,Somalia,0.46468094728592774,0.7526619449226871,1.0458834642184252,1.3575355704261953,1.673650222112136,2.0168805984846023,2.4077752444451663,2.8423300760947243,3.2932702459069647
SPM,Saint Pierre and Miquelon,0.6815185546875,1.035577392578125,1.36595458984375,1.750927734375,2.20469970703125,2.75302734375,3.255889892578125,3.8015380859375,4.396844482421875
SRB,Serbia,0.6513612808719758,1.080973143218666,1.408560804141465,1.8482915406586022,2.315033943422379,2.994691910282258,3.5552765220724125,4.198763939642137,4.927051831317204
SSD,South Sudan,0.49332470914502163,0.8065243675595238,1.1664048232041395,1.5337224522710362,1.89210252637987,2.3047575186857414,2.831557236708604,3.345186307832792,3.8659393178436146
STP,São Tomé and Príncipe,0.6103006998697916,0.8868069118923612,1.12603759765625,1.3935411241319444,1.7011888292100694,2.072048611111111,2.4651082356770835,2.885226779513889,3.2791239420572915
SUR,Suriname,0.5397646662503353,0.9047837155059684,1.2307098781602066,1.538889872669662,1.9331434520017436,2.353505146861588,2.855383353171942,3.3979733184683476,3.928208772716604
SVK,Slovakia,0.6944404370857008,1.0591823693477747,1.452897274132931,1.8526990485913826,2.312782056403883,2.9655105128432764,3.458512970895478,4.024313724402226,4.785667650627367
SVN,Slovenia,0.6387314796447754,1.0767312049865723,1.4237499237060547,1.8236794471740723,2.324605941772461,2.9994540214538574,3.5211338996887207,4.1388115882873535,4.872865200042725
SWE,Sweden,0.7005587229040149,1.1844250142332995,1.5636689756241566,1.9337189503205128,2.394679019325658,2.9007583185728745,3.485081722861842,4.221084656503036,4.936299394821187
SWZ,Swaziland,0.40534009431537826,0.7228883442125822,1.0302975303248356,1.3990647165398848,1.7534677605879934,2.2070440995065788,2.700552689401727,3.170241506476151,3.8618340743215462
SXM,Sint Maarten,0.59844970703125,0.8581008911132812,1.02789306640625,1.3136978149414062,1.5602340698242188,1.9351577758789062,2.2288360595703125,2.6798858642578125,3.09796142578125
SYC,Seychelles,0.7041707852991616,0.9277023687595274,1.1107594559832317,1.3807566572980183,1.6887333567549543,2.0094373749523626,2.437578899104421,2.879230778391768,3.32562255859375
SYR,Syria,0.6759561358345272,1.0648201229237553,1.439423656736882,1.8470630372492836,2.2573661913502865,2.9823820010297277,3.626910103084706,4.213144559231734,4.779775362643266
TCA,Turks and Caicos Islands,0.5962560317095589,0.8266888786764706,1.0329446231617647,1.275482177734375,1.58685302734375,1.9331288057215072,2.3215314079733456,2.729434742647059,3.1311089010799633
TCD,Chad,0.5617601919148433,0.9206306873818206,1.298173390228255,1.7346187449351702,2.206401047997704,2.7124326799702865,3.245771922271745,3.7762975460899515,4.338283940690843
TGO,Togo,0.4576028128650701,0.777752172167056,1.0561837169611565,1.4499058233243283,1.8270317861966998,2.209508022415304,2.6790138315931658,3.1155757725795854,3.5935677501642815
THA,Thailand,0.3633827776227679,0.6421388113839286,0.9530284598214286,1.2694893973214285,1.593167689732143,1.9488544921875,2.4147486049107143,2.8584461495535716,3.3088856026785716
TJK,Tajikistan,0.7730472012885712,1.2300116580987126,1.6266801942069575,2.134439528363306,2.690475367899961,3.3701974161016115,4.058131955704599,4.8408932475923745,5.534687546064269
TKL,Tokelau,0.645526123046875,0.884600830078125,1.03953857421875,1.27003173828125,1.58841552734375,1.838287353515625,2.1443359375,2.482037353515625,2.981072998046875
TKM,Turkmenistan,0.6975366446948845,1.1160476963194816,1.4539410747851773,1.8775853731706498,2.381516273244495,2.910110358905075,3.509547970092642,4.112563251040548,4.725273353584855
TLS,Timor-Leste,0.6030466963605183,0.7887186189977134,0.8689835711223323,1.1295456304782774,1.4358773580411586,1.7894227562881098,2.136491728991997,2.5173332400438264,2.864251113519436
TON,Tonga,0.3668104602444556,0.562560050718246,0.7269424930695565,0.9416425151209677,1.1639926049017137,1.511813256048387,1.818056168094758,2.1813167448966735,2.4793829148815525
TTO,Trinidad and Tobago,0.6280597189198369,0.8344540803328805,1.0259969960088315,1.3043982464334238,1.600258205247962,1.9425698985224185,2.241632876188859,2.7101838485054346,3.1142777152683423
TUN,Tunisia,0.5534279652130909,0.9407816177759415,1.2663852985088642,1.6752941425030048,2.1394234681740785,2.5844875237880607,3.107019473344852,3.698088817107372,4.223866780598958
TUR,Turkey,0.7228438457935967,1.0827052976519924,1.4177136330253746,1.8209800616272138,2.2693323452401226,2.890432082339918,3.476091847432732,4.028495934094005,4.57254169682391
TUV,Tuvalu,0.599822998046875,0.8385416666666666,0.9953282674153646,1.255541483561198,1.5563456217447917,1.8530324300130208,2.2577743530273438,2.6565119425455728,3.093846638997396
TWN,Taiwan,0.3613189400978459,0.6251019227851942,0.9048482654164138,1.1829899167551579,1.5821245804573725,1.9641412531287925,2.4429579058897146,2.874163581329642,3.2889605772148056
TZA,Tanzania,0.45120471923285993,0.7883399268770818,1.139464744720346,1.4736928989232514,1.816462993268875,2.204761519245004,2.647369136287935,3.163421337203923,3.677357050333087
UGA,Uganda,0.432855156980393,0.7295024163835266,1.0730928119860197,1.428980100848338,1.7938026153479918,2.1531853926809212,2.614820823775104,3.087535572844529,3.6398993410231992
UKR,Ukraine,0.7697652857654287,1.1623099384180986,1.530731404171286,1.9571178630820398,2.4141801494364374,3.0503849951496673,3.6392002148004434,4.180779907497229,4.706649430663341
UMI,United States Minor Outlying Islands,0.5886383056640625,0.7937028672960069,0.9723358154296875,1.2811177571614583,1.5827162000868056,1.9571533203125,2.326661851671007,2.698550754123264,3.1053568522135415
URY,Uruguay,0.3095357769335325,0.5381975801760874,0.8371159185810149,1.1125167798846494,1.4488473730774882,1.8072029520351685,2.2426294787176726,2.7328718896943576,3.276294481044279
USA,United States,0.6630571674853734,1.1407812378650202,1.6467096811250905,2.1134764209252355,2.6280715656389146,3.2444391455032617,3.9315987593196646,4.63626409275655,5.356948813037175
UZB,Uzbekistan,0.7698134555611559,1.2138769006216399,1.583077379452285,2.010849819388441,2.5241914482526884,3.077886634744624,3.658426789314516,4.28331285702285,4.935905997983871
VAT,Vatican City,0.592376708984375,0.98516845703125,1.29632568359375,1.667694091796875,2.15960693359375,2.545684814453125,2.99798583984375,3.5430908203125,4.036895751953125
VCT,Saint Vincent and the Grenadines,0.5678536551339286,0.7685721261160714,0.9779009137834821,1.2502267020089286,1.5523202078683036,1.8873029436383928,2.187800816127232,2.64312744140625,3.041682652064732
VEN,Venezuela,0.5279532612233923,0.8692745485167572,1.2346183445142662,1.6058554829030798,2.0271431300951086,2.477308190387228,2.98225486865942,3.553260161911232,4.127290675951087
VGB,British Virgin Islands,0.5868301391601562,0.8183746337890625,1.0059814453125,1.2795486450195312,1.56988525390625,1.9369888305664062,2.2521209716796875,2.7063446044921875,3.128387451171875
VIR,"Virgin Islands, U.S.",0.567840576171875,0.7956390380859375,0.986724853515625,1.2556838989257812,1.5476264953613281,1.9044113159179688,2.2348175048828125,2.6939964294433594,3.114086151123047
VNM,Vietnam,0.334294860343623,0.5922819308149136,0.9194961175685976,1.24912109375,1.6110200711382114,1.9759227721671748,2.4508141990599595,2.859326568851626,3.3047295795223577
VUT,Vanuatu,0.46034017423304113,0.6352349258050686,0.8059279279011052,1.0338064054163492,1.3081207275390625,1.628950165539253,1.9789812041491996,2.352302737352325,2.706478211937881
WLF,Wallis and Futuna,0.5521036783854166,0.7489217122395834,0.891845703125,1.0963846842447917,1.3260345458984375,1.6453399658203125,1.9781901041666667,2.3258768717447915,2.698582967122396
WSM,Samoa,0.48013877868652344,0.6813411712646484,0.8575248718261719,1.0905113220214844,1.3409194946289062,1.6049671173095703,1.9112720489501953,2.2604217529296875,2.6248741149902344
XAD,Akrotiri and Dhekelia,0.604217529296875,0.9457194010416666,1.1694183349609375,1.4796346028645833,1.84552001953125,2.1945699055989585,2.706731160481771,3.2106831868489585,3.6402384440104165
XCA,Caspian Sea,0.6904920230057839,1.1084036388981358,1.2999084716471787,1.6276156530875499,2.0599191312624834,2.523677414489015,3.0896711285993677,3.629023281458056,4.152112612870339
XCL,Clipperton Island,0.772247314453125,0.9705810546875,1.09857177734375,1.349884033203125,1.64959716796875,2.000732421875,2.416656494140625,2.854583740234375,3.19281005859375
XKO,Kosovo,0.6561270321116728,1.0923605526194853,1.3786800608915442,1.8297765395220589,2.2552256864659928,2.9191230325137867,3.489431044634651,4.182887357823989,4.922023997587316
XNC,Northern Cyprus,0.6391439998851103,1.0050228343290442,1.2265481387867647,1.5342066147748161,1.9196418313419117,2.375026927274816,2.9474810431985294,3.4365001005284928,3.8185747931985294
XPI,Paracel Islands,0.4634181431361607,0.6512887137276786,0.8058558872767857,1.0963352748325892,1.5055018833705358,1.8135506766183036,2.207209995814732,2.619293212890625,3.0643397739955356
XSP,Spratly Islands,0.6272176106770834,0.813507080078125,0.9855753580729166,1.1867472330729167,1.4972568088107638,1.8620876736111112,2.197750515407986,2.6234910753038196,3.0870293511284723
YEM,Yemen,0.48692720853365384,0.8332695380791084,1.2101654692963286,1.5830711524803323,2.0234905963177447,2.435143957604895,2.9893288352272727,3.557439972137238,4.110241613854895
ZAF,South Africa,0.4677406365034915,0.8030623849650846,1.1477959211482558,1.545378805532735,1.9919275605883469,2.4859420421511627,3.040499695873357,3.601834288501643,4.23989025767821
ZMB,Zambia,0.5654958406800569,0.9400962536936887,1.3108476405692462,1.70768178349409,2.140404598293934,2.6396445173115524,3.1542899057760927,3.776111939674398,4.360980534957627
ZWE,Zimbabwe,0.5102422853179326,0.9227658707574503,1.2791329693320572,1.7002567518625828,2.171326289903249,2.7209785916157907,3.3000383187603477,3.899000155215232,4.5056621223096025
