GID_0,HASC_1,NAME_0,NAME_1,VARNAME_1,GID_0.1,HASC_1.1,NAME_0.1,NAME_1.1,VARNAME_1.1,1950,1951,1952,1953,1954,1955,1956,1957,1958,1959,1960,1961,1962,1963,1964,1965,1966,1967,1968,1969,1970,1971,1972,1973,1974,1975,1976,1977,1978,1979,1980,1981,1982,1983,1984,1985,1986,1987,1988,1989,1990,1991,1992,1993,1994,1995,1996,1997,1998,1999,2000,2001,2002,2003,2004,2005,2006,2007,2008,2009,2010,2011,2012,2013,2014,2015,2016,2017,2018,2019
USA,US.AL,United States,Alabama,AL|Ala.,USA,US.AL,United States,Alabama,AL|Ala.,17.832961659992865,18.132480359350065,17.943422773086343,18.18539490674824,18.372298802691443,17.91133868874435,18.022441003163127,18.183198857841713,16.713859622681955,17.665895671095512,16.94434038113884,17.10246349401203,17.696634256496456,16.943833494639552,17.292524118127517,17.61125320440779,17.00919500055507,17.17349694853843,16.64530638342191,16.86376613502026,17.228184994879513,17.51639037932453,17.741512597472806,17.70662748227009,17.71444934797886,17.588248712762354,16.43684250635337,17.513365926550296,17.11629923587112,16.839106491136246,17.477079318743943,17.223428181153807,17.969188165977272,16.631857445624934,17.464174223283024,17.504365484509762,18.141170661638338,17.63104393657733,17.128441235476938,17.162269080868125,18.580374467692163,18.11162650867051,17.17451205163249,17.307260909776122,17.67015990435721,17.64490224606377,17.05079882443034,17.28188185212899,18.809482139987114,18.325623904426337,17.869250270210046,17.690019408446403,18.022111380217215,17.554469198304464,17.963908702871933,17.942268435189494,18.290895049751224,18.3616060583814,17.524441998030326,17.585199297297635,17.372786449999747,18.050130985537052,18.748684672730906,17.492939327197288,17.208310478135747,18.6947462427952,19.075969355759202,18.94352285273413,18.63635401687743,19.02853039241167
USA,US.AK,United States,Alaska,AK|Alaska,USA,US.AK,United States,Alaska,AK|Alaska,-5.061191860184048,-5.576303017440996,-5.500962762296264,-5.098787317442986,-5.808755343292103,-6.664659572510445,-7.479096973773989,-3.8149414040461136,-4.5156863238777545,-5.990471771542784,-4.708859044844672,-6.501357857318136,-4.67847360586222,-4.7933687297153424,-6.622915650237732,-5.830895765130869,-6.42252168112941,-4.541979293810319,-5.478036402173477,-4.568936681584344,-5.532077701696086,-7.200526316105754,-6.495356483190011,-5.85164500184645,-6.320982971878739,-6.637740300947375,-5.116580770367101,-4.42686602188257,-3.4625062563906774,-4.349642767764,-4.714687965735422,-3.1565390487073586,-5.44118927069687,-4.64435414720931,-5.491409884990088,-4.8712756770189385,-4.4335817392333,-3.9896234699429107,-4.28004667423328,-4.447237832087474,-5.187289285818497,-4.437913692259232,-5.416195958958487,-2.90107440647409,-4.898144133681316,-4.1372880122708935,-5.338768535406317,-3.7339604799485713,-3.5184150555238056,-6.098345188305096,-3.784817520543598,-4.166604776598748,-2.7788664596014363,-3.134068703306904,-3.1500336225804944,-3.273575566712561,-4.60064949956529,-3.7374948681428015,-5.304553765006041,-4.4561646342921835,-3.943908976228601,-4.196804521743597,-5.73994700244005,-3.7629560297267752,-2.3721093743324295,-2.5742501756126095,-1.5733189796205238,-3.020084867989541,-2.339810389685065,-1.5258100568998803
USA,US.AZ,United States,Arizona,AZ|Ariz.,USA,US.AZ,United States,Arizona,AZ|Ariz.,16.24956164629185,15.248793488716643,15.162603590837847,15.484135817895748,16.296728908239427,14.911058850573852,15.500594832827597,15.656681645053188,16.1587513222664,16.06259754037588,15.624993141072304,15.481360879448625,15.759967333947685,15.724799684985959,14.562854884132193,14.937288389099905,15.621267034922818,15.387367223024564,15.18209259021485,15.755420118173566,15.311037595065548,14.850739434176006,15.573750657810427,15.059323678593207,15.531775711205588,14.605506059723604,15.17213597989688,15.876098125856965,15.781092866787139,15.16524052090684,15.894530367706926,16.543624410075413,15.178435420602375,15.497931204356286,15.71040943527801,15.663099776827517,16.179860734969694,15.551265852184045,16.164761386765516,16.595261315654316,15.837920506261213,15.573656129936031,15.782359186601497,15.909951410678522,16.259143171497247,16.44945967336722,16.949162554682704,16.369915122903084,15.77432749119591,16.282440793149235,16.79483106913389,16.589562608981826,16.56101343953634,17.099734918760873,16.336992905416093,16.636492553386365,16.668612282400805,16.898589147117942,16.418378866111755,16.648492876309643,16.328194233396413,16.224454474003377,17.200167346734855,16.354727767948408,17.070426477542266,16.730587841021133,17.040617139322393,17.293022302761727,17.241696961023134,16.036006325709934
USA,US.AR,United States,Arkansas,AR|Ark.,USA,US.AR,United States,Arkansas,AR|Ark.,16.26308143988591,16.464572934966526,16.92492994851271,17.327958652317772,17.83775909629371,16.735381548520333,17.134052738478573,16.59369505819198,15.535855024564606,16.224606683417065,15.614168993481158,15.759685464002624,16.46149234195241,16.44106395792116,16.602676298010238,16.822598130292477,15.80132391337527,16.143218323238155,15.475510476001887,15.91182933688601,16.062484278228265,16.492087124151833,16.26024634821022,16.481539620528213,16.277025275069153,16.051357569317048,15.474065342206847,16.57615924185205,15.712959199799693,15.165566750347216,16.50668442947568,16.271444170444312,16.13835514279177,15.49268870394962,16.139405246174235,15.915097929621547,16.922384324524884,16.70578769292413,16.057295457170635,15.499331107989605,17.086588285140852,16.744303441410548,16.06101352677663,15.71589808660749,16.371724461280532,16.38948372410027,15.86692173410755,15.85716638239334,17.79218089531906,17.342834165476262,16.659569453390805,16.75206787719421,16.367689980361334,16.252705929634264,16.667876656564463,17.15592773643046,17.29069176134408,17.081160442454458,15.999889582558566,16.055249683880035,16.73879916616565,17.140877531514338,18.04074070277352,15.917324190091108,15.285545720011976,16.912839271701056,17.818151841826875,17.664503448172542,16.719429836674134,16.713602870462882
USA,US.CA,United States,California,CA|Calif.,USA,US.CA,United States,California,CA|Calif.,13.058271347288454,12.612466745590202,12.485600548697525,12.660038817386033,12.784334864841554,12.183321788599457,12.575774521616452,12.79553280047447,13.729551527746457,13.694531685133603,13.097866831928405,12.947142001874886,12.650954896723258,12.662407896549349,12.370004476620807,12.455516220270605,13.132929875188074,12.892233350195454,12.96208112058853,12.877982060074132,13.125117847367525,12.300993258111697,12.809894125064469,12.772944132678726,12.944719616453796,12.189489022812174,12.90847943410599,13.17656718038763,13.174571038951953,13.163727774374928,13.205016471325854,13.943450827044344,12.352605574219197,13.183840424063794,13.440941227165013,12.744192165239506,13.668676600762828,13.396648422869566,13.627226060257323,13.193097267964424,13.245079172931739,13.254929731826659,14.00724527193735,13.171119654069699,13.053894526302718,13.740408755464557,13.970257832521133,13.91161239815969,12.711480170022048,12.980259821562436,13.541199804536282,13.621793902057007,13.400009652385867,13.927162434607856,13.731630678894865,13.562573302968227,13.520435479135221,13.51661466516263,13.522014213386404,13.52278407911679,13.149118775661554,12.86689286847386,13.896930428070101,13.857201021245368,15.144309838759677,14.626856516686544,14.443988093169494,14.464736861808825,14.243175470061104,13.704835152495031
USA,US.CO,United States,Colorado,CO|Colo.,USA,US.CO,United States,Colorado,CO|Colo.,7.207939659868472,6.113550918414465,6.50702568394621,7.225054323603047,8.14929988973445,6.492910500407135,7.019699169658442,6.452957507712266,7.155313327863851,6.735176143206843,6.498736588107377,6.250894171179975,7.008132509780604,7.6226726542885075,6.2089560741959815,6.509647958777198,6.743979314190568,6.7962901227389,6.14352791346487,6.670575139937658,6.446622410393506,6.208585243970475,6.554658526456511,5.9570555079146645,6.544315277749267,6.047574787824071,6.679030318862336,7.601290711285827,6.621429787605469,6.067584532222942,7.414258119455776,8.106443533776448,6.391104785811308,6.62779872873151,6.160734786075101,6.350118075081848,7.591771327096912,6.900785759641896,6.792758018958679,6.974265239823528,7.607357145605941,7.204888908539776,7.178907296978096,6.534063454953696,8.150015421567304,7.699618697857574,7.809582032620587,7.119813754664965,7.935915306271549,8.196454062830378,8.411459491203564,8.183925709873227,7.8716086706304464,8.501779070320476,7.781813217879521,8.377565550939039,8.312107401013762,7.906402373315326,7.264985398731729,7.49547627090539,7.972458860987534,7.614005878367304,9.167599019083715,7.340961520600231,8.04321748437045,8.720358071492717,8.66609158021715,8.859392876145316,8.620704436036604,7.323749559457563
USA,US.CT,United States,Connecticut,CT|Conn.,USA,US.CT,United States,Connecticut,CT|Conn.,9.39530723911811,10.025217583318996,10.263281840091556,10.861214745963457,9.85284182549413,9.878096623186101,9.266023608591178,10.158156342006174,8.712784627420382,10.085754099839733,9.385456764554192,9.489896151968642,8.77028114191342,9.023763337130964,9.554181012336963,9.190381232698243,9.467910502016759,8.969438961245151,9.371203812339758,9.496880173749625,9.500348084218691,9.64235956020238,8.969872157841602,10.456981642288374,9.58640219636174,10.026058028069764,9.111455171066225,9.541853106187958,8.674324769894099,9.6740321645498,9.404247152174463,9.500353372373771,9.339690644273995,10.136458393546794,9.941027846907545,9.742872722700165,9.56427773853755,9.682720582088995,9.446795332686415,9.26794962692619,10.912234258696051,10.95171591848171,9.140172706186087,9.640174571031153,9.742308377732618,9.958480313583621,9.412323043384086,9.577243444713753,11.25048965836639,10.836198127767881,9.620204211122655,10.58726389999182,10.815871116687811,9.481602730923745,9.906751500929346,10.323905145402543,11.181341530065856,10.32231375960813,10.436236174502904,9.857961558321671,11.131872821053458,10.92243443509445,11.722983548191863,10.312712265765612,9.672496029881325,10.467957783719447,11.470423942998082,11.013819207675875,10.733048104487258,10.42704236270553
USA,US.DE,United States,Delaware,DE|Del.,USA,US.DE,United States,Delaware,DE|Del.,12.399638641828076,12.849741107402243,13.088271430435347,13.693565021121287,13.129616010853757,12.841399332863366,12.711055227078361,13.151622166752455,11.703754530032256,13.515630209347032,12.263643616374333,12.580419158935603,11.930559604957097,11.965130450519155,12.703430054507416,12.446415514057998,12.199934244212509,11.88415553227586,12.524074863058312,12.26283794597668,12.534073410848782,12.87079148026694,12.308170844425453,13.342121116122348,12.908211026808326,13.191263944143964,12.382416808647681,12.905175564043105,12.029134224091914,12.480434767065868,12.620148434531586,12.378308474720635,12.64001562677393,13.044842839721904,12.974064530342142,13.323716441705495,13.177020651929388,13.116004211679245,12.581992008847328,12.60138791175929,14.303276918169217,14.09040678302594,12.450795184731698,12.936319852129921,13.046316543705851,13.184119726613266,12.462051795244562,12.879164179647043,14.450624328830571,13.864121072572374,12.929985250923338,13.583107642629747,14.146120432065246,12.76641216798472,13.480638158759797,13.559346775765425,14.34402973632094,13.846794170049357,13.751086130741854,13.331343840647753,14.098488710161396,14.456534557410459,14.943544250705557,13.458569659937936,12.644431982798437,13.773685628182847,14.46156095276246,14.51648800941554,14.165545567414142,14.329555159418357
USA,US.FL,United States,Florida,FL|Fla.,USA,US.FL,United States,Florida,FL|Fla.,21.60605710370506,21.701402702488977,21.647638286319083,21.87734395786185,21.51528650682091,21.510353444413656,21.361857011810216,21.944185075433328,20.85540636029897,21.6961986009574,20.991151809149255,21.399421433181132,21.30993358976878,20.954018320888057,21.390561089354247,21.502571291688653,20.835476573440662,21.486281065707402,20.62205243984377,20.830938598563606,21.021826820426018,21.520048302862392,21.870560302491374,21.50442126732617,21.88229122281076,22.027236448150955,20.828281582888224,21.0472089746421,21.20946393448538,21.176165552796785,21.303004414362288,21.028723335565278,22.202652013772205,20.906302114551266,21.377155827991512,21.82288402845595,22.182860039860334,21.447291644146148,21.240138186118305,21.88123329851359,22.77970929382514,22.3599185770631,21.524038357082116,21.596398906633727,22.229785975951007,21.78757106959871,21.348725429729996,22.01777814014842,22.720431507176613,22.062340903180342,21.711444112638322,21.960436689928784,22.15610529369982,21.856880015254905,21.826786365535288,21.81909207098013,22.133637013835003,22.32751833744189,21.8348626269179,22.036308728932017,21.013676156843285,22.348508372083952,22.45781196777064,22.329746409331772,21.806391689707706,23.429033092186824,22.926451910178134,23.07419360236385,22.623370115392035,23.17778929761917
USA,US.GA,United States,Georgia,GA|Ga.,USA,US.GA,United States,Georgia,GA|Ga.,18.090232185038726,18.31847710849846,18.337323452132583,18.33422009693939,18.500959552048183,18.16109882197974,18.25615996644184,18.471267037133643,17.18133599911633,18.14902530589959,17.294913912577616,17.59586636216244,17.82555062745704,17.18679621644995,17.575976069762984,17.88167061445608,17.132925598394976,17.486753849604,17.068495847783026,17.067382754046633,17.717504651924983,17.938760874769997,18.048279500371848,17.997296374316367,18.153127557693903,18.11672072970603,16.914412015718927,17.66687537295866,17.498830408629743,17.31912721109984,17.722050787939196,17.335492756739615,18.22654088506644,17.05860705111031,17.850851837797233,18.09379235718315,18.76363862501434,17.874262030903513,17.338733798797822,17.794082064791027,19.126240295461916,18.57288589023319,17.547030155587606,17.81235701156753,18.088304247741224,17.996733849753696,17.49597110134587,17.77393175561018,19.16526092046844,18.495682336579936,17.90238409805995,18.181398400340296,18.446782571281137,17.94951068690112,18.289123562613785,18.124480148534243,18.560244288350926,18.729205864371703,17.99042823572563,17.975773760818864,17.616721180695492,18.57931249090606,19.039850516815537,17.99299507999379,17.753837511685003,19.187100979518842,19.246386455505583,19.229038958968786,18.80471859418462,19.405694219762932
USA,US.HI,United States,Hawaii,HI|Hawaii,USA,US.HI,United States,Hawaii,HI|Hawaii,21.538741151346873,21.802787098810565,21.38789079385442,21.655771707978115,21.719143352117474,20.924218256505398,21.71659991281766,21.802587185288697,21.61028758597756,22.10956275394871,22.048182065395153,22.16777373084578,21.810835900262763,22.120094643903126,22.035967200130827,21.7211006606462,22.097920449209507,22.475608492789686,22.64766578837681,22.069049460183592,22.257738447243188,22.057354334310578,21.760754400033772,21.94018653627194,22.498506217855226,21.798614069328593,21.971961150428484,22.70876272088496,22.454615894770814,22.46601306673705,22.950871426795445,21.995697102988476,21.943718663942917,21.56053274832588,22.398846183125272,21.396688166668564,22.232696284564426,21.69080590486055,22.33059009812519,21.753598377020705,21.877651197232836,22.710885018294437,22.80427245612304,22.45650480698986,22.95391969403529,22.998516378344817,22.998651812564052,22.754728784361387,22.39607299192562,22.375291107569883,22.53631996634536,22.971868282281264,22.808137847508476,23.165318192075247,23.259966261397206,23.08336225075051,22.873287020209034,23.112654462483018,22.72545679215796,22.546867555279263,22.76144723915868,22.78452366778853,22.681713045613435,22.7901566696942,22.077537655954103,22.551161762656353,22.543495189227524,22.564447351627322,22.70341287320184,22.51220389214201
USA,US.ID,United States,Idaho,ID|Idaho,USA,US.ID,United States,Idaho,ID|Idaho,4.651756730105821,4.229346993939454,4.475405359412899,5.734053394452843,5.189667352090335,3.631157621928594,4.583959621377243,4.5959081391932415,6.034903559838317,4.899120707021808,4.68685938552953,5.4096838181176,4.763358592595613,5.320591981043809,3.666096077211662,4.792180274021931,5.37571534538597,5.505852637206128,4.800374585879339,4.948104455736792,4.801536359472422,4.355876377085248,4.544335092985686,5.053679056662186,5.1420350356600055,4.098326216335285,4.536584503564289,5.09341528086676,4.778180544885089,4.733134296055027,5.183260219143928,5.861221625984588,4.163603949202828,5.155639804773107,3.843442920833089,3.045184533133431,5.648948117638,5.900171572804467,5.6497137805706545,4.904207457737168,5.5654292464837924,5.269110336447507,6.173509661262249,3.8040933744142458,5.939179317288762,5.705001803370043,5.385272063419454,5.574072108758931,6.143601486444534,5.665256336839444,5.6327472247883135,5.6736785973745185,5.210423115373274,6.628246361854873,5.775946908327825,5.418199219428938,6.015615121212733,6.166966316494784,4.9493111014068205,5.121247178487844,5.389793535602631,4.818620619880282,6.514265414169084,5.4392159350774945,6.446326252098018,7.270351239060919,6.521258821095079,5.898857937711152,6.406767133118294,5.31998112220145
USA,US.IL,United States,Illinois,IL|Ill.,USA,US.IL,United States,Illinois,IL|Ill.,10.387825212426245,10.39297501135196,11.896730237484812,12.461953717346816,12.474150018401412,11.776691960036652,11.906111370827801,11.48581288244515,10.457668733864628,11.441595573736768,10.578311482969184,10.963767052330127,10.882655945423332,10.80252551263282,11.809415957052488,11.495111219418368,10.72782854731434,10.739460961656329,11.006260268126487,10.634117412883782,11.058348420838243,11.612187222835141,10.56431922454513,12.054608156017684,11.26465110994703,11.496689991508484,10.584226774995585,11.230965221436804,10.120381829579424,10.114472028046663,11.1061954179384,11.325118531247256,10.705381092187594,11.336951069851446,11.284304743032408,10.659027834394465,11.860979962568484,12.55514476425507,11.444161131680596,10.495828924399541,12.267023347194515,12.334783837110223,11.351609952816801,10.763167300022255,11.39057536035456,11.174919365762056,10.362213421184595,10.806051284123688,13.160798436451193,12.266360366624019,11.521088500929395,12.142108886022774,12.079903920188789,11.229512488352805,11.725203347272318,12.339862041171818,12.5274563782695,12.327342940391597,10.785272664685033,11.082552061791352,11.88444237684449,12.056014629155513,13.463354292573735,10.86788806503003,10.053291874104309,11.997921083375923,13.014030429233111,12.784879258922638,11.69679196418293,11.54853022928918
USA,US.IN,United States,Indiana,IN|Ind.,USA,US.IN,United States,Indiana,IN|Ind.,10.433211326788145,10.592835503015204,11.805217612108711,12.241275272174065,12.150111221550347,11.55659336081267,11.563937889832587,11.31089485024791,10.089266058396026,11.483007789563919,10.443040904110314,10.840609616700851,10.679398908007025,10.231658743488765,11.49100990686081,11.268443553157075,10.466712952668374,10.548942505679301,10.72930946135862,10.467314900050772,10.925737491755148,11.265845725667845,10.499458711723108,11.970279162545268,11.111183475258741,11.480161363030211,10.339074854729475,10.960267231855866,9.896170895100449,9.953636354434474,10.723998751229209,10.833890320973543,10.77565219502344,11.343105924094067,11.121036397721634,10.87956332284548,11.705378987539467,12.184326400983707,11.140748947793833,10.473703081819712,12.202765474045364,12.424232149959067,11.097015025224252,10.78748878879756,11.204039989480293,11.17704132957195,10.365252459966845,10.589509648555273,13.018100466821181,12.072594547177223,11.1758287256529,12.082743733119045,12.045272347759337,10.942375392302631,11.628738646795531,12.010174437044972,12.248818631230469,12.18299711572088,10.897502885811571,11.03032992501286,11.75247822519889,12.003609727167023,13.159310017822966,10.934080737504312,10.00830406740945,11.666404429228729,12.711776426912058,12.592770237287828,11.759843553959607,11.694985400106319
USA,US.IA,United States,Iowa,IA|Iowa,USA,US.IA,United States,Iowa,IA|Iowa,7.746654980937383,7.478185938566544,9.393559456056082,10.116288010535408,10.199811723230406,9.42255524377894,9.58129239218007,9.205516495830556,8.835645790557663,8.879849297690077,8.391188281232232,8.690224926692792,8.630649413353089,9.308022109158847,9.660840925071426,8.78278337689863,8.577621291360591,8.68839377485053,9.15630937737293,8.345206619780981,8.879114452282721,9.111566996478823,8.054438484498164,9.796910707556606,9.214499066734348,9.090478345329535,9.088427464915787,9.562913064529567,7.870803145202426,7.768453014238599,9.3602530136506,9.897727309894151,8.356302299578786,9.173526652368603,9.245129206562757,8.24063366607813,9.718742156488394,11.069495585323347,9.760352974398662,8.558491592769826,10.180021463063184,9.73329919710965,9.267976012592234,8.023473276930465,9.066783496210334,8.948847172447605,7.779551169442111,8.832667301238217,10.842679372993624,10.211680144124204,9.635905224281913,9.843776971947761,9.939050000405862,9.26211815989256,9.55681812135939,10.179313114063262,10.615747945333078,9.75870332520725,8.125743252165384,8.566100101855119,9.379911220737105,9.517721002249914,11.545435301876793,8.585537456733846,7.9929459400111496,10.034330158986643,10.886001113665307,10.430344514533516,9.060701995317885,8.716788339476599
USA,US.KS,United States,Kansas,KS|Kans.,USA,US.KS,United States,Kansas,KS|Kans.,12.232318590318348,11.605836003085813,13.104143430714482,13.93498403333706,14.484788100713303,13.015352267777564,13.70528648637901,12.47364480910899,12.257143936597478,12.42546197343276,11.939349720719031,11.888318031497548,12.860670891990475,13.686126786508344,13.153812107656018,12.966881511306264,12.329686543477536,12.610777545787997,12.40600024855423,12.29309793944673,12.68768781162368,12.61800198293723,12.270353461392668,12.603361627697973,12.864874963319503,12.514099460170362,12.775294593099781,13.567247850557726,11.983928054304835,11.747883226348256,13.252175745480926,13.651069403979738,12.201399500044209,12.20974738040295,12.644778945040477,11.906488393637959,13.835095021782692,13.44107917995793,13.054804705455751,12.232702551887186,13.566242360334021,13.658319594250287,12.826116031544819,11.680758324511379,13.268930855503143,12.778331711112239,12.341988697059918,12.544952393848996,14.001276488074069,13.84577658489458,13.557534580343026,13.773191240764405,13.307937558321802,13.241498264406024,13.296752226411561,13.74626878650684,14.298772656228897,13.270813399525977,12.554762505267979,12.53759396809655,13.411627524677334,13.424212172943546,15.005263536852501,12.622681212948592,12.592474697865773,13.893016462197233,14.443671172341316,14.09973088920952,13.10041449469253,12.627676105584328
USA,US.KY,United States,Kentucky,Commonwealth of Kentucky|KY,USA,US.KY,United States,Kentucky,Commonwealth of Kentucky|KY,13.10046459556475,13.343436272851582,14.144019989023107,14.457660552446137,14.350286196640758,13.829830812816889,13.880373316246226,13.869191344009929,12.244483009200678,13.73888409173495,12.529690090538002,12.934449984547939,13.051452455033251,12.512407031145457,13.567604229112456,13.615177043147753,12.55061792280838,12.884480202975325,12.669952820636993,12.670312615596975,13.227972920969284,13.479881518515535,13.088455474358545,13.981325594058811,13.515970162729516,13.726266506114584,12.344490440329034,13.244917357613858,12.449108653423329,12.442262663197686,13.107924301806099,12.962958069361504,13.403669337800224,13.191076688880434,13.433507156255416,13.225421876093003,14.108572387928945,14.107497166638629,13.155826992458856,12.916359954964884,14.468741970103201,14.515745710706389,13.283200656130797,13.277196123200886,13.566849509648833,13.502078577747554,12.855549404867157,12.990421011895327,14.984589793961698,14.4157970609453,13.524583999731965,14.011982407349612,14.20393881936458,13.331434594216637,13.986984387909558,14.206748664419337,14.266002866840232,14.781528062823469,13.438672681609452,13.43560717921037,13.741666754240143,14.27588348575508,15.200446595378017,13.384615744645401,12.990061259671188,14.238270401173878,15.002945822023145,14.8839920085981,14.378723474974933,14.629411205225281
USA,US.LA,United States,Louisiana,LA,USA,US.LA,United States,Louisiana,LA,19.821498166334965,19.836378184013896,19.37363533005693,19.908280422528716,20.129857346791493,19.801570958805982,19.93235597272884,19.904927984997503,18.692893877209954,19.134837898879468,18.72313681741517,18.74748091921613,19.51678379225847,19.17497897655906,19.239878607547272,19.6618617515967,18.773973283022272,19.131692846833175,18.381234399040153,19.094842547375475,18.991567819433058,19.632631801852714,19.60192882712569,19.420880706350616,19.66342921990776,19.3789993134008,18.429715503107854,19.36358384208316,18.833549268678734,18.522711770518328,19.352746258159538,19.379708362276798,19.721171773318858,18.39223744767611,19.54940685530724,19.51760373820359,20.024108633838704,19.27839563218461,19.13269853353538,19.00265034362948,20.349861554433975,19.79794456416897,19.263945780515613,19.128842082393618,19.630841471221895,19.78041226470114,19.416517582499154,19.32505887983301,20.738760152860063,20.381305981963866,20.049586943191088,19.6573309856625,19.68983582451314,19.549438116533597,20.015645477334633,20.212960339874055,20.381905426170945,20.10920517746037,19.741982519852254,19.88228054126556,19.571518445466253,20.290879607700145,20.91084205529337,19.55595908251102,18.860053528211264,20.558973150386993,20.969386702682154,20.899566318581986,20.40336094351801,20.285551540825097
USA,US.ME,United States,Maine,ME|Maine,USA,US.ME,United States,Maine,ME|Maine,4.6334718860229644,5.1130559648934435,5.445607251682238,6.11372594045595,4.659911960168377,4.702721712231778,4.104858610873559,5.100034273207943,4.257602881079895,4.773400506665037,4.994676808476616,4.794162051464639,3.866262301311707,4.129318008996752,4.500317760844183,4.029001354432926,4.967407519133815,4.088092133610691,4.331595238090263,4.941478998812784,4.507316482413695,4.477856762079497,3.6959500512303545,5.598681620513688,4.24259953507566,4.935015523318195,4.084448147214346,4.566916558832541,4.002549638701031,5.359586957215645,4.125529645214281,5.445801149820582,4.464627255861586,5.5537511565639335,5.25338392232491,4.492358849831746,4.572142391640408,5.054842412795755,4.968963135721075,4.1395345669125545,5.828904270193571,5.564007274547322,4.279672930632761,4.57413968151324,4.83063313690413,4.978077848563312,4.941859464263477,4.455811328271461,6.534465552697919,6.543063786240343,4.914763761612098,5.714760877931511,5.397600073470978,4.564126727797107,4.623426273307449,5.3082457335942665,6.461585718268533,4.87855144949754,5.428761244560164,4.9817273242255595,6.860558534784976,6.030827847097153,6.707570395638058,5.524473330751168,5.315022719713426,5.375026396764166,6.44303645747723,6.062362634656665,5.820593663067214,5.061829244230215
USA,US.MD,United States,Maryland,MD,USA,US.MD,United States,Maryland,MD,12.214839930187248,12.602178247861039,12.912355172131734,13.516388400213003,12.89774564070718,12.618317184229022,12.475748522893687,12.871641256252019,11.467986407773239,13.196319728427483,11.90963311067488,12.27397367086453,11.697379225880729,11.648701965032439,12.490540351356154,12.294596623095538,11.89147968895137,11.785923141537964,12.248985594168497,12.031907042689705,12.336110163831174,12.584242541579926,12.0825420854649,13.115803729894097,12.645576611697933,12.826558772083454,12.001360517260707,12.55640667462257,11.72667391766077,12.081936647517475,12.275584583903646,12.04515847703052,12.36831219205458,12.59997867295568,12.612211067009701,12.963162252638094,12.860372706299975,12.869926041935605,12.307575584280096,12.227822977373,13.946265985591225,13.807206606408172,12.143078003258571,12.608379475823767,12.715076098862292,12.768363463376232,12.079071684724084,12.489405212183106,14.150956684967573,13.428833782809923,12.598518278772369,13.202750262081429,13.670973321395849,12.409981547096256,13.135847827392533,13.227848941247624,13.869862663700209,13.461065530228913,13.218618395136701,12.846001776150834,13.571993214325909,13.9992060226499,14.473416474039093,13.009103047345357,12.201253916934071,13.391034571512472,14.047360037843873,14.172293940175118,13.763280828702506,14.032706227247772
USA,US.MA,United States,Massachusetts,Commonwealth of Massachusetts|MA|Mass.,USA,US.MA,United States,Massachusetts,Commonwealth of Massachusetts|MA|Mass.,8.539949088718672,9.13859633072569,9.408723628831998,10.068549334761096,8.961780615544034,8.919148227857614,8.316568555970221,9.342076389478715,7.9424874214504895,9.126478596563004,8.553947951828317,8.620632069905696,7.855119375698891,8.218230797588049,8.608492949112682,8.29348259525031,8.572763717209137,8.033988608761177,8.355081933063124,8.677492384979786,8.547402172365134,8.812400529281021,8.101056999538367,9.647524544536282,8.600403435748637,9.129333943906142,8.31384384597564,8.742382835719988,7.828894805908277,8.967265717879672,8.417421515644568,8.714958689592956,8.487593116207487,9.339209298396549,9.075451150424305,8.784116055032541,8.637608774157604,8.72084360869043,8.6482043545489,8.400150827601403,10.047018796395667,9.995814529640159,8.246090676128063,8.723846473141085,8.915455130978017,9.102865330792946,8.69178793091715,8.751934681768054,10.430437473905329,10.089878447159549,8.85063437641539,9.787149804156845,9.929568135358371,8.64882996379473,8.976242802937927,9.429523423789291,10.354610491766527,9.41584498308715,9.55686663973169,9.011154779627782,10.44888365704089,10.085592873614852,10.915064996912932,9.491571956026457,9.012303117392818,9.666262596241035,10.72013717983088,10.21257880058854,10.00950603650974,9.554282808165686
USA,US.MI,United States,Michigan,MI|Mich.,USA,US.MI,United States,Michigan,MI|Mich.,5.370701159085073,5.870557404026883,7.150010690503213,7.706857985707264,6.786159911909607,7.2921412679263495,6.431328019110997,6.482960431151601,6.132023452618412,6.516203680681595,6.298555955302798,6.711896235445077,6.079581933150853,6.003510088743781,6.9742588251860935,5.998715002618003,6.258211010156562,5.877916470429692,6.636833898132366,6.309383463637047,6.358947839441133,6.549719800238388,5.31371234799929,7.488128406799471,6.209499554256017,6.930460934060501,5.9217501011383105,6.700940373314249,5.746093291334105,5.680936864131827,6.045131035456838,6.69469232984748,6.143179318802335,7.062848933426689,6.8138581187889855,6.268393254949629,6.885605914883645,8.240601732026755,6.918930558494121,5.839717582809399,7.531233409008313,7.6097028507853155,6.262462643906403,6.240383182503895,6.5950798038572644,6.811372651185162,5.79849438262498,6.365150852145059,8.937319594202682,7.9382818518063045,7.141481183094058,8.081814988812548,7.573073306099043,6.651797150939397,6.9371059262510215,7.751241133095419,8.305846211856528,7.761082552333747,6.632841742816628,6.55692179885629,8.404316088842037,7.600353322340027,9.16285296865063,6.640241746454056,5.413668204501548,7.25997439107573,8.526383130896912,7.881543811994011,7.206878284107693,6.652234004087764
USA,US.MN,United States,Minnesota,MN|Minn.,USA,US.MN,United States,Minnesota,MN|Minn.,2.855614130867238,3.1930881230489945,5.386500526627685,5.787371903190594,5.303132407859366,4.837837445936557,4.607816882863863,4.880474743292775,5.164843732142695,4.880022080141373,4.676108989596017,5.332966339230741,4.618306941492345,5.473217683535087,5.211261611192962,3.8431932765870775,4.061122036755927,4.205259247783033,5.065064171814645,4.474086743427871,4.340861794626974,4.598483986208346,3.4285717887971336,5.989580916008474,4.854211917450243,4.83540609284789,5.106756264396576,5.426076963901622,4.234970262915586,3.5254352845019334,5.164298969358124,6.145288364076284,4.174510365523669,5.437625395614487,5.376848712517837,3.997023488233831,5.514781374832793,7.562662301336222,5.571747078969338,4.202779127246434,6.045218559781939,5.6655277882415005,5.129581268248089,4.01377246506416,5.112251360841107,4.871794511521898,3.310864957422401,4.865570009434919,7.244781184076629,6.624293485193765,5.603091827741248,6.199364729017044,5.745025171990595,5.424542130320934,5.336315878417399,6.294798580299267,7.042184200323608,5.923032059470884,4.26232154648676,4.659046022847808,6.1147089948185,5.7283018975564355,7.523344784217595,4.283874419590087,3.9392915433572853,6.69316956241865,7.233674388252472,6.211313735299735,5.093646482753182,4.39517109293575
USA,US.MS,United States,Mississippi,MS|Miss.,USA,US.MS,United States,Mississippi,MS|Miss.,18.090479292401827,18.3894140366704,18.202712643700213,18.55093803793633,18.76227332060407,18.243471092691724,18.40622509785757,18.343699637190582,16.984282161233654,17.81145035444172,17.136586522885725,17.26912987025833,17.967581107780912,17.374984710810836,17.678776666232974,18.074041950365302,17.243469272035977,17.442555514191813,16.816609702407774,17.256147671767977,17.427934573541265,17.873134256202082,17.917509518314432,17.976441167887558,17.915990984928,17.757986514559864,16.78889033796376,17.832394992653374,17.204063568576544,16.87970461969888,17.73391162508564,17.712044839840715,18.085204228597547,16.933265370712068,17.852817540012847,17.739805573256174,18.45822630607356,17.875161133064154,17.47045813966962,17.327976235612265,18.798074739377114,18.346468833594226,17.567280614464597,17.468880736248035,17.938868233475556,17.998072248659657,17.601487135251684,17.59886918242214,19.19575188205155,18.775739140732068,18.33620126236273,18.037223870219027,18.161375567506255,17.784136325745035,18.21480244539312,18.352022923791708,18.648311099445383,18.620466238484692,17.795931221672983,17.958543674210123,17.830166000362098,18.407053808603862,19.12884243123646,17.698119560340302,17.173725292125166,18.844405979493043,19.392486869977702,19.25468840550585,18.723370842070207,18.856682830709975
USA,US.MO,United States,Missouri,MO,USA,US.MO,United States,Missouri,MO,12.109479208739984,12.001413551125799,13.403674405320666,14.205130917006173,14.51081258987981,13.301678334553046,13.72002601920193,13.006121592932985,12.16567126740937,12.863005299371764,12.21924597475313,12.242012818114176,12.753049980278297,13.110358588206248,13.342098982486315,13.329302769304016,12.424354944451006,12.61170544869474,12.403799339575562,12.417716407433664,12.73852867076271,13.198922268678851,12.517781660569383,13.29977966889013,12.892368636736569,12.946349203895826,12.415658077381138,13.134805938399717,11.95703142202992,11.66092566964655,13.25028224257685,13.232687488159897,12.506129819519126,12.668784330315697,12.972669477290694,12.15106707671975,13.681098812429147,13.890227167921608,13.006521409153374,12.155732645170241,13.984200420397812,13.928337324098166,13.000170275124725,12.136651737504868,13.071415190816117,12.832228625462179,12.229851893572706,12.566827467747297,14.433646656907499,14.032001829273275,13.371177679192357,13.739426946128342,13.441196519047756,13.008987619056535,13.232996163465103,13.921067251122778,14.256797215967064,13.865371224710742,12.40529843170692,12.682203048829104,13.403558856732374,13.628898172087645,15.196236756166916,12.457809637453627,12.070503991601356,13.765907894266007,14.661792316407988,14.43303885263767,13.299887877082213,13.132705030693407
USA,US.MT,United States,Montana,MT|Mont.,USA,US.MT,United States,Montana,MT|Mont.,3.7763021544847106,3.3802609049214993,5.291683611010105,6.690111387301253,5.578942969078976,3.9707394339357287,5.2992221563522905,5.100005276562286,6.1902217283913785,4.8268845530123485,5.309393342305033,6.241782060380761,5.503928376765738,6.186467360800208,4.890950148340636,4.542998357661119,5.267048926000716,5.564244110628716,5.021149841140513,4.6251262856090944,4.8890931738786305,4.90694872049995,4.541175272079424,5.754015371062077,6.076679951954802,4.241009791316998,6.1141343812401585,5.585976236653963,4.1126282706514745,4.803209645420016,5.846906531179229,6.861328515225433,4.178986177417258,5.736784554918079,5.582043288061001,4.161231876615308,6.298473152584829,7.174082223646185,6.8918236081175195,5.142937399742148,6.332632330543916,6.3166956559315635,6.633603291017361,4.441058110871069,6.282616608995075,5.735349165101435,4.360720314549691,5.8964590200924265,6.842723104299357,6.989213303410797,5.945753292273504,6.629087535192009,5.465865412875132,6.564858820288175,6.243562406746624,6.274932090449279,7.1078278315449195,6.955335679461186,5.509526455556795,5.321398545736329,5.519320444730795,5.544808789330857,7.249959572425273,5.97942166903329,5.706453314083191,7.394727698817647,7.291755396090882,6.326240537337786,5.504668935776375,4.881263847853295
USA,US.NE,United States,Nebraska,NE|Nebr.,USA,US.NE,United States,Nebraska,NE|Nebr.,8.440922259613473,7.8146658981631605,9.516960723994027,10.362484010040484,10.704868748123474,9.24510765966096,9.851813295501879,9.118890250235651,9.076310749332189,9.116698898733347,8.598115260679501,8.90546587378949,9.224363026879749,10.282915311902599,9.46967051175713,9.03956783073636,8.89819453957326,9.148820357379316,9.154668039825916,8.834489313289154,9.308719775401537,9.179676611669692,8.704747681448291,9.388174579766794,9.7429458465194,8.985289395709032,9.591652099285023,10.16380704081567,8.12367797693986,8.383491857624156,9.929903033425015,10.458007865348515,8.57683622218149,9.038773021277015,9.213391938652904,8.366513462886255,10.362370474273675,10.606765012951021,10.009298154601339,9.100822325916539,10.207349258562488,10.316522329681638,9.652636127395363,8.072289744525571,9.861131233058481,9.479702828524214,8.493547716753307,9.494135468794573,10.540184307562052,10.734053711168826,10.231383936017261,10.426863940817503,10.193373061788725,10.092267566138062,10.08777485052189,10.617292215991418,10.818243672629839,10.15723396230086,8.94659610949527,8.882817241596058,9.92571298075312,9.628687616921875,11.68883393304335,9.395527880846325,9.188581403816476,10.608396188191326,11.050102927989556,10.657481057280274,9.459951418069688,9.053471524533274
USA,US.NV,United States,Nevada,NV|Nev.,USA,US.NV,United States,Nevada,NV|Nev.,9.679943460741802,8.948343788284339,8.689829522765814,9.306452080935983,9.587589196549695,8.317808106439614,8.961660920747727,8.899721743766799,9.974283092991953,9.565730516847244,9.495615759724464,9.306557979452885,9.059809781931369,9.132475183991374,8.351708255767823,8.638440254127696,9.476503518113452,9.171787136487836,9.12204553543254,9.364485757003555,9.20939070534376,8.558442172668526,9.076433363564627,8.973108731337485,9.33979403021371,8.324736233955383,8.956818383765187,9.455590186860482,8.980945216261176,9.262699268872558,9.521476231101522,10.347334369604175,8.301432833609619,9.185242320582537,8.763979165323164,8.426376860490544,9.797075398296665,9.244495869935642,9.37204865115991,9.07996170637009,9.14532123056334,9.080321929609852,9.799551998796156,8.420306811254099,9.652019325973137,9.822022854742102,10.127162786395962,9.601423560736754,8.904983208718448,9.335575844254768,9.714076478015647,9.817424063028687,9.474483684529483,10.252411073554105,9.693810120318076,9.68851867025748,9.869499763387708,10.146269442574924,9.744901129530282,9.556176351134448,9.543642700479543,9.251577036642104,10.816962176966257,9.578340641684429,11.013641804958917,10.837315864607794,10.465622361646558,10.67332808820188,10.651977128121985,9.70944393802805
USA,US.NH,United States,New Hampshire,NH|N.H.,USA,US.NH,United States,New Hampshire,NH|N.H.,4.907245791591374,5.31099040011533,5.575835596469015,6.366617317623455,5.032500013483926,5.155439584350977,4.421647401928695,5.451607815884411,4.269570710535963,5.3150974811455045,4.755930528299724,4.991582199873359,4.212178915632175,4.473362745715548,4.820119396700046,4.397257964316883,4.8367444982986525,4.36967791447086,4.4425423114506755,4.9807946038336866,4.745761551095176,4.826996948529053,4.2361733530520524,5.930721875301013,4.7902132643080035,5.3830087919455805,4.4357239421377885,5.01173738125524,4.089281399090306,5.375313764879721,4.477649382446155,5.294126313995396,4.818041874762102,5.72561953980077,5.440352260832232,4.8670610116600175,5.0619775262490805,5.186556675698109,5.040775382043023,4.570418589929702,6.269703736521213,6.044555740980404,4.3661561969435025,4.943089784063304,5.0942907442558765,5.3630732464264,5.152734878784055,4.9110354402687575,6.9033403768857555,6.470341983191294,5.228500802575463,6.129113430571238,6.14527731464418,4.941792061581229,5.290586035612203,5.8209038023807596,6.78210478142105,5.557072987714226,5.941067014880712,5.504266774603512,7.046823090318554,6.570763217772883,7.408186725107593,5.8510856918024485,5.636789046587528,6.099710690156063,7.135571504916797,6.663194738644407,6.467791864820522,5.741335632517945
USA,US.NJ,United States,New Jersey,NJ|N.J.,USA,US.NJ,United States,New Jersey,NJ|N.J.,10.878049846311626,11.480391849217588,11.709444881354434,12.260411210668716,11.601277931407196,11.48922551581308,11.083170104489474,11.697227512690034,10.251964279393917,11.916262651531705,10.901245707896962,11.125720128427895,10.459835105808219,10.605765654646268,11.291076631030029,10.928334811358576,10.887946242190958,10.427165713463006,11.012306990640843,10.952361237068175,11.051178294812388,11.328990135066585,10.774516092021548,12.081392755251201,11.475918408676932,11.819292576445852,10.903050609130725,11.367995480201836,10.503869976736425,11.215875425878872,11.244734755884869,11.125920532727312,11.14316275374415,11.712084170436464,11.542611566758197,11.843727126018527,11.63644315759025,11.713981493378126,11.260310829789693,11.14222118006389,12.8419151129229,12.761642892707906,11.041681855408362,11.573420733626255,11.526679034397901,11.699782801404131,11.056718589251991,11.389404957391184,13.108652540990184,12.529792284721106,11.485010972800106,12.340168857770095,12.693144957360005,11.260828085648322,11.885513136924402,12.175343804661182,12.98477468904332,12.268420866547913,12.246022057040625,11.835703995032668,12.8198027806208,12.930596087350954,13.522426103699408,12.04015149322482,11.264929409361116,12.327729457958199,13.18642686566156,12.971299152702306,12.613765080228314,12.565196178922013
USA,US.NM,United States,New Mexico,NM|N.M.,USA,US.NM,United States,New Mexico,NM|N.M.,12.601739157496715,11.81436494097826,11.715601363184911,12.097261569780779,12.802948602872315,11.425651078389313,11.88971767643549,11.836221695963696,11.83164878627531,11.707825452271493,11.31113119907783,11.227990660402204,11.81703156955802,12.052233641933446,11.033651298847213,11.522460433540758,11.465689815892347,11.727173966128513,11.123285445992593,11.921967469879865,11.391145283446562,11.321617433746434,11.744564299809127,10.964047377007233,11.536998128305607,10.82667942098798,11.110180036015004,12.17080809913196,11.881606942589366,11.132385667528482,12.040869316906589,12.480805593453018,11.597965986768434,11.505968307489985,11.371912096437166,11.604165334429444,12.088642910980022,11.241440457912597,11.672565071629876,12.37849144055898,12.143283606572785,11.722677929404872,11.752139595870835,12.175079922106477,12.82622472367251,12.732386579570866,12.973626195368064,11.95637613045715,12.705315997713404,12.735741293172964,13.184795203663924,12.801230084822464,12.704782505792807,13.284802600627112,12.28264134434257,12.923514699754255,12.998904472188295,12.648180737591113,12.45200105566507,12.764367095712151,12.813105405762764,12.882970524068426,13.641503526588963,12.217283803342164,13.126192109092878,13.073321506670487,13.483324073560269,13.923784686075583,13.548291467051854,12.829911221223307
USA,US.NY,United States,New York,NY|N.Y.,USA,US.NY,United States,New York,NY|N.Y.,6.9128917407678285,7.392320178081211,7.907974803326648,8.559375810337372,7.446694929702436,7.67303306431657,6.790551872579395,7.6334353245177295,6.354609842625322,7.714879697370904,6.976135236381372,7.25153427085498,6.5418384252017745,6.393221169247776,7.32269846943457,6.698907390785308,6.8881661356942345,6.71098746466816,6.825906564074415,6.992523739950968,6.96499106019337,7.096466634165613,6.417555849989479,8.191834782386602,7.001685253015822,7.724469713100177,6.459688829532321,7.143464151817288,6.235627205251475,7.11334117407984,6.650400404035229,7.173926816630811,7.048176324431803,7.685687211561198,7.450712772728598,7.242564927322036,7.392423244353869,7.772786039208474,7.293239145312323,6.733741609197462,8.595252266669988,8.506594335717514,6.669222504686857,6.943689018289973,7.06806046102884,7.507623720092728,7.015112188211873,6.967558969937201,9.131129500736046,8.304700232478902,7.236108751617735,8.421131806533149,8.387451807599305,7.017246593804923,7.414501326046079,7.985688909741039,8.754483466028384,7.754021344569362,7.772875965772855,7.37427615772161,8.572447762306297,8.528176978733194,9.484701812990195,7.765551309568711,7.078358294476601,7.8296415207051,8.942343753491699,8.487380203946495,8.173900968971973,7.671366077381886
USA,US.NC,United States,North Carolina,NC|N.C.,USA,US.NC,United States,North Carolina,NC|N.C.,15.256229192560331,15.299131341105157,15.54732059832997,15.938702295551229,15.553018236911518,15.201714916897425,15.486936356874443,15.546086069268275,14.133861590359501,15.379528732548815,14.340474896138412,14.784757382579201,14.616609362495558,14.145618982859412,14.842542199095556,14.966111524177308,14.220213233511828,14.349663529523605,14.362020554352446,14.231261048003313,14.99253616676169,15.09572690313255,14.763111714331123,15.271249703201278,15.375472587604785,15.57140391391927,14.349241981111206,14.959122258927374,14.515782568930078,14.61124319205517,14.736887833831071,14.407351404863078,15.172088190543898,14.702495139800925,15.138536511614154,15.465026319820808,15.939771205550997,15.135227831435714,14.494631454950541,15.031497588412444,16.62009704058038,16.112293301039937,15.001433618550257,15.32084747678401,15.424354909210086,15.136594389006211,14.739129496504361,14.957764240427332,16.422761341120147,15.776380271891009,15.055694124828372,15.633026022529549,15.92783361878054,15.178207494213273,15.552702424844076,15.553115237504604,15.80500984773314,16.21346849362155,15.47283854411387,15.240088030792336,15.361996693350946,16.117374600748132,16.29712967658998,15.098015392643783,14.947891554277343,16.160921013197434,16.426460963694876,16.495283912017268,16.103621952447966,16.561522967739318
USA,US.ND,United States,North Dakota,ND|N.D.,USA,US.ND,United States,North Dakota,ND|N.D.,2.091732959934852,2.4047149674963038,5.133450941285706,5.954300215502305,5.304207548811135,4.196213344607155,4.421943851084312,4.911939484226768,5.223397276702802,4.562009340147905,4.62420274692371,5.502674589792998,4.818415945265092,5.864533350709189,4.641163086210653,3.56400217800595,3.7945967753920633,4.438025357726839,4.501950899229782,4.149139903163842,4.013433652075335,4.283056850599219,3.4550995251791883,5.738921501154867,4.856128769082777,4.525219017504701,5.539182557058965,5.298393586596937,3.6931889308739088,3.3674405587553573,5.5764783379209275,6.583735851628869,3.65473769253002,5.444791803354566,5.406701335338639,3.8488745596444196,5.71762183359354,7.5730869057095775,6.211722200591424,4.517739364634058,6.227071239469477,6.125119436838598,5.4969140414353035,3.8276993031574307,4.821169081908309,4.685923799628607,2.9339453581226898,5.212039847191406,6.553022549400964,6.50913131954655,5.448040722949827,6.080583782179488,5.455063950866896,5.385814662484009,5.219055909796069,6.179117507464852,6.948675133190865,5.869015003310257,4.477769841605962,4.01956290228497,5.181363527027784,5.094905863600876,7.050198591231104,4.211910534894083,4.359958423863148,6.719346933436985,7.233704859034901,5.965068444048768,4.67959495007896,3.9340708487110327
USA,US.OH,United States,Ohio,OH|Ohio,USA,US.OH,United States,Ohio,OH|Ohio,10.096604028611253,10.422353503268573,11.274500801242297,11.720217456170028,11.310343794811189,11.15276558848906,10.779203314918979,10.853325902506512,9.546002831878312,11.154086234220841,9.961395128363796,10.423079671227285,10.104261238794772,9.576176994030865,10.89233731893622,10.616669311006987,9.898096584464222,10.073568241495153,10.195946194620484,9.999007605961678,10.616387192695859,10.613528540363276,9.926318150258794,11.52456559581035,10.561491214224082,10.99888977043526,9.76106158020165,10.389360351869286,9.410869829094613,9.695365276516378,9.978308620148306,10.107341903643027,10.439823639003285,10.801617766218646,10.530214237337134,10.543444067493928,11.17466187734884,11.526224556320424,10.503530866396412,9.992666726015116,11.763247624289102,11.99544817017445,10.405323785289434,10.51603314625612,10.588339167984094,10.507142530808787,9.96250068719443,10.167286461834587,12.442374676739101,11.549879746682839,10.661277683507947,11.525717420910013,11.636028262434786,10.375392740577192,11.005538891076403,11.303279838251365,11.76016293126907,11.502722813598192,10.581198869457305,10.515828352338781,11.209498549703278,11.538583270514616,12.538060679991199,10.741787810362533,9.930799818669575,11.227265331720767,12.280088716727212,12.117496922956258,11.616321787969966,11.62348864369838
USA,US.OK,United States,Oklahoma,OK|Okla.,USA,US.OK,United States,Oklahoma,OK|Okla.,15.639218469046105,15.693368461914124,16.505400280923585,16.890558561664875,17.646190342723397,16.275431738931772,17.02186826411946,15.61331872663654,15.422235213835398,15.505566567655412,15.2395101176039,15.15592821952668,16.014518332867983,16.574390243080277,16.160100688817376,16.35316850786289,15.377431219996732,15.923798133649976,15.162968050775836,15.663727729601717,15.71372646033303,15.92062252029593,15.729651718120252,15.624435658637722,15.956746482482373,15.441955383026226,15.438463342837972,16.59254265762837,15.351936815775034,14.736746576519332,16.39937285026373,16.404398995581925,15.599344407182366,15.087237632436802,15.796665695184325,15.41086570298871,16.513562018277923,15.913599689613827,15.686578147042122,15.069647509690142,16.46995118693619,16.257779850525406,15.749620922682439,15.03638406177123,15.960117066346333,15.761874735485543,15.554650349606078,15.391450905523982,17.25314897963506,16.841298831767144,16.274452916285554,16.4923653087034,15.75203622800072,16.02500203563989,16.15114742260648,16.53594435103963,17.27191321657737,16.074845100375445,15.849495324560257,15.78092336435678,16.216196453910808,16.930952687695385,17.761851808555814,15.552708765840018,15.48777973206739,16.50925300186607,17.28806602139551,17.00973941776547,16.178856123186947,15.86217378829503
USA,US.OR,United States,Oregon,OR|Ore.,USA,US.OR,United States,Oregon,OR|Ore.,7.04563087986602,6.995589555001293,6.959424104983071,7.484666594232256,6.913953378104826,6.0834941038034644,6.841973902799684,6.81943690078586,8.512077395238643,7.293591452501924,7.148123018841251,7.628361538829604,7.0122845547252695,7.364016920172129,6.423481860672159,7.300192788133799,7.515864522218261,7.718334171363888,7.394560788298658,6.9877620741501305,7.184966048193331,6.609206133058275,6.920456992994521,7.4646326222510835,7.310018453467232,6.704939070700974,7.035431968668959,7.245621293204678,7.064558622479329,7.245206835793591,7.340609588734698,7.825946488949829,6.461828702168343,7.284318630907284,6.721705611278608,5.953347081174343,7.976631233468841,8.15757347442325,7.775536890034322,6.978423219031868,7.662442065267328,7.689745435586123,8.652759391532731,6.4462002357343,7.831418899462416,8.124362086525133,7.817029085894404,7.92382062276656,7.883256169973673,7.396498016049122,7.4609953941574885,7.547380336420683,7.561272289618813,8.458030592571168,8.112062455582423,7.583990590770758,7.839154461657206,7.583937955976803,7.044177253830085,7.321075774359485,7.50168722915122,6.8497883773977675,7.934114904449046,7.525270154122656,8.96239609294509,9.31656659612805,8.641001210469407,8.035128056619874,8.430767305319,7.648150700921998
USA,US.PA,United States,Pennsylvania,Commonwealth of Pennsylvania|PA,USA,US.PA,United States,Pennsylvania,Commonwealth of Pennsylvania|PA,9.07743241385595,9.59791514251701,10.051593469578572,10.600411725289874,9.869825729225633,9.83619392137419,9.40186034310878,9.87755472897022,8.509671635749692,10.134093874155107,9.009459501340615,9.379167252308699,8.856105777437469,8.58107431411282,9.467775566434986,9.213179099040977,8.908548515759916,8.855965375544534,9.133533632961024,9.070002503429038,9.432287194358528,9.463130915677302,8.910356007420026,10.266523319470627,9.473616826826083,9.946563683944595,8.823487819618146,9.393622750040185,8.58643883235871,9.07148802563133,9.013190335391082,9.102469812025442,9.32309457430992,9.629903288096878,9.460879152998245,9.647129775044922,9.834591146672983,10.090142682510924,9.515245081287949,9.146315676158997,10.933200041832507,10.983101331531207,9.294797859424065,9.62121866631926,9.5133989331039,9.745344255381477,9.150304053199852,9.418792047593774,11.445814312350388,10.518980671418637,9.678565803697259,10.462483311169402,10.688797774105788,9.41464215827555,10.051709784414712,10.323349812053257,10.951654392569234,10.358211606354564,9.98060945778451,9.736192221837655,10.594692105088868,10.869959599451178,11.61211155694121,10.006816352592187,9.204523124542911,10.29982029440861,11.290121775544828,11.126797090539696,10.690020590440932,10.660820881081937
USA,US.RI,United States,Rhode Island,State of Rhode Island and Providence Plantations|RI|R.I.,USA,US.RI,United States,Rhode Island,State of Rhode Island and Providence Plantations|RI|R.I.,9.62061337805969,10.38276810443377,10.567901413339394,11.05566882276429,10.014175191448322,9.87494136972452,9.35214475593313,10.353516160935149,8.962974452759084,10.136898892464535,9.617051901593328,9.674924887160088,8.911231327270258,9.356910507577666,9.6630221014855,9.341076731841852,9.625988499856916,9.124689941064892,9.460906511345181,9.747726583800874,9.614599896117388,9.943437723932115,9.249044437963184,10.698080304378388,9.747133906148983,10.210912442474045,9.427063063380444,9.812944081965716,8.900676546374171,10.062326485038625,9.585507043416078,9.706985890091966,9.596169011331549,10.452330423308203,10.175974432414042,9.882534102198813,9.640074265243223,9.734451411714502,9.66040131912404,9.475164723236327,11.084988654219876,11.042619750430413,9.332364202239106,9.90290053194802,10.03463782496101,10.17130940755211,9.702827707926437,9.864809960486937,11.381243232539314,11.1328904478342,9.887582218247005,10.763044718287967,10.924817171032794,9.643553636111449,9.925889450858358,10.33740730883027,11.25160385234246,10.435589312867052,10.585245041132552,9.969338562557917,11.345124987574494,11.06930337005547,11.812725432393824,10.47964956125694,9.93428870591544,10.653151312023743,11.709891759202515,11.204455499841075,10.980238808241467,10.604831685315858
USA,US.SC,United States,South Carolina,SC|S.C.,USA,US.SC,United States,South Carolina,SC|S.C.,17.49700251935522,17.53885385114052,17.74349486300581,17.923550292458355,17.859888649147976,17.4535802908535,17.738529856637186,17.69048599962409,16.416819494047374,17.481296493935044,16.587784351040185,16.99449282944417,17.05582044936251,16.447105615302963,16.975588463939417,17.244311215632266,16.36628870898798,16.64625080106713,16.413669925566623,16.340030496542212,17.15636774750453,17.26932952289228,17.11119072055833,17.35108835007981,17.612095866885667,17.69632215453154,16.40775704039858,17.095277427342143,16.811808490318118,16.73404966290892,16.938828837515093,16.5942285976291,17.354865840674076,16.56995749927131,17.25225510775269,17.532317997680625,18.237322729555093,17.219639606607952,16.676264917135555,17.210658072039692,18.677307602343788,17.9885920396184,16.999760797471307,17.415268812841788,17.538629884134977,17.36553752781235,16.980667930560504,17.1684032836543,18.51550876393796,17.76343322576029,17.129826310059997,17.699899914240962,17.943141775554988,17.284796976990762,17.68257541633936,17.587593839812655,17.907229888098836,18.339067228768073,17.564688201997143,17.352678695371967,17.30022654223232,18.22544999474675,18.497917543679716,17.282178247577153,17.11627402797831,18.37922840250529,18.682570433515938,18.66946628459065,18.229857574852204,18.685271773778997
USA,US.SD,United States,South Dakota,SD|S.D.,USA,US.SD,United States,South Dakota,SD|S.D.,5.597870654850884,5.4500318971868,7.5895105631492,8.340992052820729,8.350659905284843,7.326226742799473,7.486743290416849,7.265988389870448,7.679675376504207,7.325958439603738,6.895320210274562,7.651648326843552,7.260366152562156,8.454830954192502,7.564678553996842,6.775905572784528,6.733207941183153,7.222474496589764,7.181462093516667,6.910704027139464,6.932100757983022,6.977590138339366,6.386070202449891,8.133111601475326,8.167956137904318,7.122085620525188,8.248554613723106,7.980902272821069,6.086153208503177,6.405011699146191,8.330276318646094,9.028139038948893,6.582873686515929,7.64001840526834,7.680745609336782,6.459344841237339,8.015232435094575,9.42317779089583,8.488786791129968,7.197098699866605,8.551961785256177,8.518700935098712,7.886255127333669,6.087704958475494,7.566095157026017,7.4053680378983175,5.793573749313391,7.389090025235599,8.792333703673421,9.0567412967168,8.084420816530558,8.340662714579366,8.188943182487591,8.113930024036378,8.271149087036855,8.819396309904022,9.232506920813956,8.579281593307764,6.896668031249955,6.816042776815148,7.68442481893382,7.442202445779704,9.910440683299091,7.052998551208286,6.857058190818738,8.930342161244775,9.453340525333493,8.612432244050211,7.19977652661969,6.500486479205861
USA,US.TN,United States,Tennessee,TN|Tenn.,USA,US.TN,United States,Tennessee,TN|Tenn.,14.198897500234773,14.484924776327981,14.963380907262257,15.227753420606055,15.306038725861915,14.732712179750479,15.025720074182331,14.943283710045094,13.389163995253782,14.570753046985464,13.535475940851574,13.947414989956593,14.25934485840493,13.602849029842531,14.324378865935637,14.525036210747212,13.640055001916403,13.870348814891651,13.522368124906421,13.612764620107304,14.14880524002371,14.414265933247492,14.156125376842601,14.762486853286168,14.478600952571838,14.496779376193416,13.262798564555737,14.32252711477151,13.688924223655865,13.462985683869954,14.190815859900814,13.926011005723842,14.36873016792697,13.820825030138423,14.27608848140863,14.114603558708685,15.03151472567213,14.779073060550084,13.930213173278483,13.915743335499073,15.457191622058625,15.15616696635532,14.069245241471762,14.178248121149764,14.44241669326135,14.326638483986168,13.763333815504305,13.906519691204542,15.80392787333023,15.368261318345972,14.612437418896581,14.727666015780832,14.955988927264542,14.313846401907321,14.921330568165724,15.042429822747607,15.171769439218044,15.681225038365909,14.391913242750766,14.376385759622215,14.583006658709616,15.158633894182032,15.907864512251209,14.238406530692458,13.925793774962798,15.260046404404576,15.952014251884052,15.76464750936355,15.290309691371178,15.676152017223052
USA,US.TX,United States,Texas,TX|Tex.,USA,US.TX,United States,Texas,TX|Tex.,19.04275011725339,18.92817232958574,18.77603205895574,19.2280048171732,19.71409961055626,18.926592448203888,19.338175373947703,18.56179087021209,17.918930744573544,18.036205734519367,17.999168215024167,17.88729631192767,18.829218331479655,18.896592312843467,18.57983089527036,18.76235435723112,17.890672628590206,18.65111814253409,17.69909408596079,18.478176621895617,18.024074291234097,18.66641746768539,18.40305044419134,17.989304863149318,18.439695941414325,18.055004634939653,17.495284065583665,18.896399462605377,18.03420519231344,17.579663649020883,18.728949015480982,18.65311120733033,18.4661439811793,17.77770541470152,18.491430733208535,18.292493033893937,18.944319153629014,18.068101936385986,18.36472850122145,18.357476960732622,19.082214867834338,18.58133753677116,18.395199902922297,18.188893798871987,19.02908378247876,18.82144367183905,18.864874615599337,18.038523795423867,19.74248666800806,19.527521326062825,19.506698648105296,19.026440393873163,18.681139959355846,18.95235496068186,18.816516385704663,19.201715939266393,19.815910501240307,18.554860907379155,18.945875935036966,19.112418148136655,18.751383221576564,19.93200386510298,20.158004379818408,18.733956339246078,18.71257933302177,19.125323242799908,19.867384155545007,19.97331542775656,19.309972144343018,19.173870485113934
USA,US.UT,United States,Utah,UT,USA,US.UT,United States,Utah,UT,8.947520908991356,8.180175319795515,8.185993459091392,9.079488723390597,9.62116298679608,7.896246158956885,8.856531959999037,8.527874161416923,9.548110110109874,9.115466224339855,8.958353764592198,8.715747690272048,8.76171143909095,9.097482206828152,7.72955789834694,8.242769042453238,8.863277623545036,8.517986757510553,8.026224476671752,8.905250338909482,8.599375566556072,8.067997744172837,8.87630199118135,7.957497763298487,8.820190379629906,7.672155758268791,8.619368233328254,9.48619910288277,8.903108049883684,8.292528727287788,9.229329271464238,10.002524618823637,7.972414457288319,8.905774925610245,7.894126564078974,8.235653208111819,9.602915892142596,9.183548321519277,9.009929983116479,8.958287009586982,9.243333977946302,8.579882394854073,9.393234256249551,8.284493501162382,9.90154008503139,9.588651231316348,9.771022722108597,9.004467649193927,9.074996786873095,9.62818689665958,10.16226932882626,9.97127493116846,9.582522743617545,10.645548165154594,9.568015955971433,9.851212853168827,9.696865694119765,10.022450730539015,9.188188083183766,9.318949040046698,9.24829073318024,8.843074920104522,10.719222439279838,8.920207518118724,10.990725509513197,11.30313970526933,10.65030701331069,10.90947144456032,10.878806164859276,9.52654875463513
USA,US.VT,United States,Vermont,VT,USA,US.VT,United States,Vermont,VT,5.599896386711578,5.926437325809009,6.3421726986151965,7.244940649241542,5.753486283732552,5.929092070239231,5.128748381741654,6.1376725716922635,5.018995862405944,6.178735751454236,5.660199107607094,5.835373676960572,5.097825962241889,5.0411490055080135,5.762959542066682,5.187717091770462,5.575413355024215,5.177846173936875,5.121014222773032,5.554203847608837,5.3567777887531305,5.4386268939231,4.824206182616933,6.685704493438441,5.460402133973115,6.163250438568876,4.986490517875784,5.780262943263348,4.705187495830377,5.988893812199805,5.120814684900471,5.906041882877806,5.519592062295288,6.225410496472496,6.037069889962794,5.473797956091516,5.708555281316772,5.934087794183739,5.755307622399599,5.212851640950703,6.977198630648634,6.709616714315833,5.022379722640191,5.449376420559143,5.590488040236655,6.107253907903522,5.857332601199057,5.490714992707434,7.627119535664107,7.085620819019941,5.822871476208253,7.050013709545756,6.924380133710879,5.668646520607908,5.922984622195993,6.666801256734748,7.545570923498597,6.166798293941611,6.592493684047568,6.195255245392995,7.6374579610476445,7.275739445590915,8.198320485397025,6.582076497970998,6.158052361334465,6.570153452735089,7.574769692932112,7.137177918235348,6.8938172797573,6.11933184512515
USA,US.VA,United States,Virginia,VA,USA,US.VA,United States,Virginia,VA,13.146303627494703,13.313838489792843,13.66433344259543,14.198330967209287,13.575989387986032,13.321032570909177,13.444909648834875,13.678201772531423,12.143756051184454,13.637222681996525,12.45146939024633,12.83314436615332,12.465669878079458,12.30433297431289,13.04430138721797,13.049839290352358,12.351264598632005,12.4180076967209,12.611336149939604,12.386972943277252,13.087228457653188,13.189648837732895,12.797465227698046,13.561128099969443,13.399183771884504,13.48801422975381,12.550837757793795,13.09870435808657,12.433696605785537,12.55732594519977,12.912502951161452,12.531994543138637,13.134427554925963,12.923257055718773,13.271312857916437,13.505335749364235,13.660878767175399,13.371644813042243,12.711918386708524,12.941988737087854,14.586880540855239,14.378293240694086,12.961535673279888,13.277093033730958,13.479901976513494,13.282908796644458,12.70694059100901,12.979449929326739,14.588519996545704,13.906650197918145,13.135318572490041,13.678916229847909,14.061362994148064,13.135374274317087,13.66457169692211,13.681388849192425,14.064868820880681,14.212874152596948,13.53531238837292,13.25831354325937,13.657156726908061,14.27783232658139,14.549738530635182,13.204595659683426,12.818517313153322,14.054152084786338,14.4455317966721,14.582859908056406,14.149749977764523,14.599818311634058
USA,US.WA,United States,Washington,WA|Wash.,USA,US.WA,United States,Washington,WA|Wash.,6.852776995569978,7.385451110847545,7.808606061816353,8.455745334435235,7.199818799907362,6.28461369608164,7.312366214419749,7.4457898159077915,9.363074193510187,7.467612942183123,7.541744607008179,8.29328903655779,7.775289282027193,8.065201963977236,6.996598755899872,8.134438924781042,8.250618794436818,8.752064932025641,7.94167656096856,7.445133257267069,7.637681181473828,7.347191691822563,7.284279475150157,7.9332619624355045,7.986507136897832,7.179648749165935,7.556948938969943,7.654204311026864,7.5149575264130375,7.805686641259659,7.62232308158634,8.299559992928389,7.394056276096994,8.07220130537452,7.3353858210457,6.549963420738497,8.38586735065689,8.833430766806766,8.354422993539112,8.022953121778523,8.504977426205405,8.289136326636267,9.11297759552716,7.414548888142188,8.819433651699342,8.702861409951685,7.588781874049673,8.504093648193939,9.065984190047095,8.19803681716987,7.747625912211575,8.176512199976306,8.242437971559903,8.935699812944089,9.032485855637537,8.42487381684827,8.633203731435339,8.233325463722096,7.5883787730314936,7.897086165071291,8.363337221312804,7.478317102626382,8.380314390288595,8.286900232550588,9.078753911274697,9.89944130956095,9.387291449817326,8.142580487163125,8.926806947162333,8.05834946677488
USA,US.WV,United States,West Virginia,WV|W.Va.,USA,US.WV,United States,West Virginia,WV|W.Va.,11.164583639076369,11.386555083084994,11.817756202380513,12.224963459155225,11.674155835471177,11.440411844037078,11.33283224851227,11.695642946751894,9.98628510468843,11.689003653561818,10.406126681345716,10.794069883251936,10.63191856995923,10.037268726026236,11.179623345943625,11.197142499878154,10.399776382706946,10.603255558991213,10.494115459495086,10.408354715566185,11.252810846152121,11.203413813129075,10.831809725693455,11.79736444459092,11.36473848681292,11.549906950665758,10.298357629804807,10.970411385966818,10.342078647379799,10.461237183521703,10.595208325193534,10.398514076617735,11.19430948816589,10.916970710992027,11.301078314893346,11.28925984930467,11.64156187976109,11.581710844785363,10.85537706068159,10.775216173153273,12.473777909189863,12.446285786474528,11.014596829712412,11.296148049383541,11.417292783115235,11.212334245847012,10.650741328277244,10.875677415963978,12.591707439472492,11.914885442410784,11.16300358181148,11.725312156363074,12.022490919548952,11.122643975903111,11.77127908825859,11.800664058085212,12.004370753430322,12.164085807670048,11.286458343910619,11.228450221222142,11.446582962658576,12.207129334397521,12.669774597410239,11.24277186172427,10.716699217217117,11.980652628295672,12.573077237139065,12.619048437479217,12.176302372214138,12.594983762005754
USA,US.WI,United States,Wisconsin,WI|Wis.,USA,US.WI,United States,Wisconsin,WI|Wis.,4.742374897560883,4.8628128428943755,6.682289761466734,7.2167124565282466,6.782434321809878,6.599218514518782,6.1484532323518835,6.188985576006224,6.0390285402847566,5.963491750039789,6.043509580843259,6.457282368730432,5.756465548255714,6.062440613622907,6.8867932397480205,5.598295881680367,5.770859816991934,5.468737418629416,6.614285921507313,5.827505856171409,6.068028990465327,6.091822042339658,4.923319900546109,7.373828521319065,6.188565945073582,6.387138845188967,5.811370446310472,6.572435638884291,5.48378950866343,5.2383861749364895,6.243735616621905,6.950472957288251,5.79635731530765,6.807957271490683,6.728470525158921,5.758255117682779,6.778436233722521,8.43457536580714,6.8709960212142205,5.616443970325444,7.556872589770445,7.06792072220459,6.429837186897743,5.889021913772524,6.60691947667399,6.5428938491794355,5.226618381448664,6.324938398353074,8.972803432497594,7.929965913530556,7.054104178988449,7.776544147710851,7.471845968118681,6.698394499234628,6.922833628126369,7.693272522747847,8.177465731955715,7.453295243809038,5.89642029651651,6.21405290770538,7.838629900574749,7.201657554843531,9.08081290965248,5.966693836732635,5.090362865617858,7.705541577077629,8.487355124386275,7.669950322325126,6.840787282200623,6.207744766206346
USA,US.WY,United States,Wyoming,WY|Wyo.,USA,US.WY,United States,Wyoming,WY|Wyo.,3.960433591416366,3.283581410686722,4.146020976237206,5.300918966409924,5.432619512152233,3.7042027773067985,4.471364367405205,4.085519860935449,4.962749114038257,4.206638057266214,4.356033146471958,4.349989319115153,4.397994099940282,5.1351888695614845,3.507118775351865,3.958835279926267,4.444805507078324,4.258977340339958,3.6431755518743736,4.385178804269482,4.021584550670606,3.8352146353255656,3.95758517965398,3.589950011893322,4.451153970658922,3.483259306456541,4.389151886392857,4.9748901616776635,3.4976296654064125,3.6880337398372234,4.775067826244452,5.871868019447234,3.6692995726805058,4.288959704092842,3.635348398917538,3.3285748611113775,5.248879573896493,5.297612287251989,5.3244076552883355,4.490555194650213,5.016542361375741,4.837116139302012,5.157667781510308,2.998167586791837,5.576154776741589,4.837043404492879,4.4162282772356605,4.42999875505113,5.2548327629053375,5.684366459249858,5.208909526262971,5.415920862286403,4.489933710714482,5.600675974695633,5.060066588123614,5.330330341961788,5.619053421082953,5.639855285904868,4.197866721097053,4.295124762029606,4.76815810695489,4.40474831935111,6.617453888791663,4.736578589759323,5.0169550295229755,6.332998697249963,6.137923212917182,5.677263536886727,5.336790754851123,4.095176543547694
USA,US.DC,United States,District of Columbia,DC|D.C.,USA,US.DC,United States,District of Columbia,DC|D.C.,13.364023126340394,13.665884908040391,13.993284217984097,14.652795110964329,14.047400560566052,13.777550820743352,13.657892444087045,14.003136758243366,12.626516334683297,14.306714256137061,13.024267787559381,13.359849548339847,12.782204601811438,12.790098482019786,13.626522019330205,13.39117509430532,13.01666831222237,12.945787497127776,13.4194633932675,13.179508164349755,13.416174825032579,13.696419240914159,13.184367191090326,14.214120632994428,13.800393078373958,13.860391833735457,13.089316753312673,13.669557040345458,12.862400907628711,13.136717433555512,13.425634077483565,13.165098332423801,13.479856034821191,13.677160554773698,13.656373147403519,14.066962028952227,13.890539760215637,13.899949346804169,13.312846194996586,13.27686716715498,14.987597027946927,14.870796532724441,13.181771102606106,13.691567843568103,13.84132388245827,13.849464446423113,13.153187202004853,13.552056884765639,15.20225752288222,14.421570751713793,13.6064730176739,14.197258623908558,14.658920916389036,13.42005564371747,14.15411783854168,14.194464619954465,14.852943450329377,14.529758258894438,14.252504116881155,13.840195480047493,14.62671694288071,14.998777382046574,15.435835325951691,13.966420671051642,13.207306087718313,14.419168090820358,14.995092085296065,15.182502327713342,14.763527395211037,15.108586060767115
