year,temp,5%,95%
1995,0.65,0.46,0.79
1994,0.64,0.46,0.77
1993,0.62,0.45,0.76
1992,0.61,0.45,0.74
1991,0.59,0.44,0.71
1990,0.58,0.43,0.7
1989,0.56,0.41,0.68
1988,0.54,0.39,0.66
1987,0.52,0.38,0.64
1986,0.5,0.36,0.62
1985,0.48,0.34,0.6
1984,0.46,0.33,0.58
1983,0.45,0.32,0.57
1982,0.43,0.31,0.56
1981,0.42,0.3,0.54
1980,0.41,0.29,0.53
1979,0.4,0.27,0.52
1978,0.38,0.26,0.51
1977,0.36,0.25,0.5
1976,0.35,0.24,0.48
1975,0.33,0.22,0.47
1974,0.32,0.21,0.46
1973,0.3,0.2,0.45
1972,0.3,0.19,0.44
1971,0.29,0.19,0.43
1970,0.29,0.18,0.43
1969,0.29,0.18,0.42
1968,0.29,0.17,0.42
1967,0.3,0.17,0.41
1966,0.3,0.17,0.42
1965,0.3,0.17,0.42
1964,0.31,0.17,0.42
1963,0.31,0.18,0.43
1962,0.32,0.18,0.43
1961,0.32,0.19,0.44
1960,0.33,0.2,0.45
1959,0.33,0.2,0.45
1958,0.34,0.21,0.46
1957,0.34,0.21,0.46
1956,0.34,0.21,0.46
1955,0.34,0.21,0.46
1954,0.34,0.2,0.45
1953,0.33,0.2,0.45
1952,0.33,0.2,0.45
1951,0.33,0.19,0.44
1950,0.33,0.19,0.44
1949,0.33,0.19,0.44
1948,0.33,0.18,0.43
1947,0.33,0.18,0.43
1946,0.33,0.18,0.43
1945,0.34,0.17,0.43
1944,0.34,0.17,0.43
1943,0.35,0.17,0.44
1942,0.35,0.17,0.44
1941,0.36,0.17,0.45
1940,0.35,0.17,0.45
1939,0.35,0.16,0.45
1938,0.34,0.16,0.45
1937,0.33,0.15,0.44
1936,0.31,0.14,0.43
1935,0.29,0.13,0.42
1934,0.28,0.12,0.4
1933,0.26,0.11,0.39
1932,0.24,0.09,0.37
1931,0.23,0.08,0.36
1930,0.22,0.07,0.34
1929,0.2,0.06,0.32
1928,0.19,0.05,0.31
1927,0.18,0.04,0.3
1926,0.17,0.03,0.28
1925,0.16,0.02,0.27
1924,0.15,0.01,0.26
1923,0.14,-0.01,0.25
1922,0.12,-0.02,0.23
1921,0.11,-0.03,0.22
1920,0.09,-0.04,0.21
1919,0.08,-0.06,0.19
1918,0.06,-0.07,0.18
1917,0.05,-0.09,0.17
1916,0.03,-0.1,0.15
1915,0.02,-0.12,0.14
1914,0.01,-0.13,0.13
1913,0,-0.14,0.11
1912,-0.01,-0.15,0.1
1911,-0.02,-0.17,0.1
1910,-0.02,-0.17,0.09
1909,-0.01,-0.18,0.09
1908,-0.01,-0.19,0.09
1907,-0.01,-0.19,0.09
1906,0,-0.19,0.1
1905,0.01,-0.18,0.11
1904,0.01,-0.18,0.12
1903,0.02,-0.17,0.13
1902,0.03,-0.16,0.14
1901,0.04,-0.15,0.15
1900,0.05,-0.15,0.15
1899,0.06,-0.14,0.16
1898,0.06,-0.13,0.16
1897,0.06,-0.13,0.16
1896,0.06,-0.12,0.16
1895,0.05,-0.12,0.15
1894,0.04,-0.12,0.15
1893,0.03,-0.13,0.14
1892,0.02,-0.13,0.14
1891,0.01,-0.13,0.13
1890,0.01,-0.14,0.12
1889,0,-0.15,0.12
1888,0,-0.15,0.11
1887,-0.01,-0.16,0.1
1886,-0.01,-0.17,0.1
1885,-0.01,-0.17,0.09
1884,-0.01,-0.17,0.09
1883,-0.01,-0.17,0.09
1882,0,-0.17,0.1
1881,0.01,-0.17,0.11
1880,0.02,-0.16,0.12
1879,0.02,-0.15,0.13
1878,0.03,-0.14,0.14
1877,0.03,-0.14,0.15
1876,0.03,-0.14,0.15
1875,0.03,-0.14,0.15
1874,0.03,-0.14,0.15
1873,0.02,-0.14,0.14
1872,0.02,-0.15,0.13
1871,0.01,-0.15,0.13
1870,0,-0.16,0.12
1869,-0.01,-0.17,0.11
1868,-0.02,-0.18,0.1
1867,-0.03,-0.19,0.1
1866,-0.03,-0.2,0.09
1865,-0.04,-0.21,0.09
1864,-0.05,-0.21,0.08
1863,-0.06,-0.22,0.08
1862,-0.06,-0.22,0.07
1861,-0.06,-0.22,0.07
1860,-0.06,-0.23,0.06
1859,-0.06,-0.23,0.06
1858,-0.06,-0.23,0.06
1857,-0.05,-0.23,0.06
1856,-0.05,-0.23,0.06
1855,-0.04,-0.23,0.07
1854,-0.04,-0.24,0.07
1853,-0.04,-0.24,0.08
1852,-0.04,-0.24,0.08
1851,-0.04,-0.24,0.08
1850,-0.04,-0.25,0.07
1849,-0.05,-0.26,0.06
1848,-0.07,-0.26,0.06
1847,-0.08,-0.27,0.05
1846,-0.09,-0.28,0.04
1845,-0.1,-0.28,0.04
1844,-0.11,-0.29,0.03
1843,-0.12,-0.29,0.02
1842,-0.13,-0.3,0.01
1841,-0.13,-0.31,0
1840,-0.14,-0.31,0
1839,-0.14,-0.31,-0.01
1838,-0.14,-0.32,-0.01
1837,-0.13,-0.31,-0.01
1836,-0.13,-0.31,0
1835,-0.12,-0.3,0.01
1834,-0.11,-0.29,0.02
1833,-0.09,-0.27,0.04
1832,-0.08,-0.25,0.05
1831,-0.06,-0.23,0.07
1830,-0.05,-0.21,0.08
1829,-0.04,-0.2,0.09
1828,-0.04,-0.19,0.1
1827,-0.03,-0.18,0.1
1826,-0.04,-0.18,0.1
1825,-0.04,-0.19,0.1
1824,-0.05,-0.2,0.09
1823,-0.07,-0.22,0.08
1822,-0.08,-0.23,0.07
1821,-0.1,-0.25,0.05
1820,-0.11,-0.27,0.03
1819,-0.13,-0.29,0.02
1818,-0.14,-0.31,0
1817,-0.15,-0.32,-0.01
1816,-0.15,-0.33,-0.02
1815,-0.15,-0.33,-0.02
1814,-0.15,-0.32,-0.02
1813,-0.14,-0.32,-0.01
1812,-0.13,-0.3,0
1811,-0.11,-0.28,0.02
1810,-0.09,-0.26,0.04
1809,-0.07,-0.23,0.06
1808,-0.05,-0.2,0.09
1807,-0.02,-0.17,0.11
1806,0,-0.15,0.13
1805,0.03,-0.13,0.15
1804,0.05,-0.11,0.17
1803,0.07,-0.1,0.18
1802,0.08,-0.09,0.19
1801,0.09,-0.09,0.2
1800,0.09,-0.09,0.2
1799,0.09,-0.09,0.2
1798,0.09,-0.1,0.2
1797,0.08,-0.1,0.2
1796,0.08,-0.11,0.19
1795,0.07,-0.12,0.19
1794,0.06,-0.13,0.19
1793,0.05,-0.13,0.18
1792,0.04,-0.14,0.18
1791,0.03,-0.15,0.17
1790,0.01,-0.16,0.16
1789,0,-0.17,0.15
1788,-0.01,-0.17,0.14
1787,-0.02,-0.18,0.13
1786,-0.03,-0.18,0.13
1785,-0.03,-0.18,0.12
1784,-0.03,-0.18,0.12
1783,-0.03,-0.19,0.12
1782,-0.03,-0.19,0.12
1781,-0.02,-0.19,0.13
1780,-0.02,-0.18,0.14
1779,-0.01,-0.18,0.14
1778,0,-0.17,0.15
1777,0.01,-0.17,0.16
1776,0.01,-0.16,0.17
1775,0.02,-0.16,0.17
1774,0.02,-0.15,0.18
1773,0.03,-0.15,0.18
1772,0.03,-0.15,0.19
1771,0.03,-0.15,0.18
1770,0.03,-0.15,0.18
1769,0.03,-0.15,0.18
1768,0.03,-0.15,0.18
1767,0.03,-0.15,0.18
1766,0.03,-0.15,0.19
1765,0.03,-0.15,0.19
1764,0.03,-0.15,0.19
1763,0.03,-0.15,0.19
1762,0.03,-0.16,0.19
1761,0.02,-0.16,0.19
1760,0.02,-0.16,0.19
1759,0.01,-0.16,0.18
1758,0.01,-0.17,0.18
1757,0,-0.17,0.18
1756,-0.01,-0.18,0.18
1755,-0.01,-0.2,0.17
1754,-0.02,-0.21,0.17
1753,-0.03,-0.23,0.17
1752,-0.03,-0.24,0.16
1751,-0.03,-0.25,0.16
1750,-0.04,-0.26,0.16
1749,-0.04,-0.27,0.16
1748,-0.05,-0.27,0.16
1747,-0.05,-0.27,0.15
1746,-0.06,-0.27,0.14
1745,-0.06,-0.26,0.14
1744,-0.06,-0.26,0.13
1743,-0.06,-0.25,0.13
1742,-0.06,-0.25,0.12
1741,-0.06,-0.24,0.12
1740,-0.05,-0.24,0.12
1739,-0.05,-0.23,0.13
1738,-0.04,-0.23,0.13
1737,-0.03,-0.22,0.14
1736,-0.03,-0.22,0.14
1735,-0.02,-0.22,0.15
1734,-0.02,-0.22,0.15
1733,-0.01,-0.22,0.16
1732,-0.01,-0.22,0.16
1731,0,-0.22,0.17
1730,0,-0.23,0.17
1729,0,-0.23,0.18
1728,0.01,-0.23,0.18
1727,0.01,-0.23,0.18
1726,0.01,-0.23,0.18
1725,0.01,-0.23,0.18
1724,0.01,-0.22,0.18
1723,0.01,-0.22,0.18
1722,0,-0.21,0.17
1721,0,-0.21,0.17
1720,-0.01,-0.21,0.17
1719,-0.02,-0.21,0.16
1718,-0.03,-0.22,0.15
1717,-0.04,-0.22,0.15
1716,-0.04,-0.23,0.14
1715,-0.05,-0.23,0.14
1714,-0.06,-0.24,0.13
1713,-0.06,-0.25,0.13
1712,-0.07,-0.26,0.12
1711,-0.08,-0.27,0.11
1710,-0.09,-0.28,0.1
1709,-0.1,-0.29,0.09
1708,-0.11,-0.31,0.08
1707,-0.12,-0.33,0.07
1706,-0.14,-0.34,0.06
1705,-0.15,-0.36,0.04
1704,-0.15,-0.37,0.03
1703,-0.16,-0.38,0.02
1702,-0.16,-0.39,0.02
1701,-0.17,-0.4,0.01
1700,-0.16,-0.4,0.01
1699,-0.15,-0.4,0.02
1698,-0.14,-0.4,0.02
1697,-0.12,-0.39,0.03
1696,-0.1,-0.38,0.05
1695,-0.08,-0.37,0.07
1694,-0.06,-0.35,0.09
1693,-0.03,-0.34,0.1
1692,-0.01,-0.33,0.12
1691,0,-0.32,0.14
1690,0.01,-0.31,0.15
1689,0.02,-0.31,0.16
1688,0.02,-0.31,0.16
1687,0.02,-0.31,0.17
1686,0.01,-0.32,0.16
1685,-0.01,-0.33,0.16
1684,-0.03,-0.35,0.15
1683,-0.05,-0.36,0.14
1682,-0.07,-0.37,0.13
1681,-0.09,-0.39,0.11
1680,-0.11,-0.4,0.1
1679,-0.12,-0.41,0.09
1678,-0.13,-0.42,0.08
1677,-0.14,-0.43,0.07
1676,-0.15,-0.44,0.06
1675,-0.15,-0.44,0.06
1674,-0.15,-0.44,0.06
1673,-0.14,-0.44,0.06
1672,-0.14,-0.44,0.06
1671,-0.13,-0.44,0.06
1670,-0.12,-0.43,0.06
1669,-0.11,-0.43,0.07
1668,-0.1,-0.42,0.07
1667,-0.09,-0.41,0.08
1666,-0.08,-0.4,0.08
1665,-0.07,-0.39,0.09
1664,-0.05,-0.38,0.11
1663,-0.04,-0.37,0.12
1662,-0.02,-0.36,0.13
1661,-0.01,-0.34,0.14
1660,0,-0.33,0.15
1659,0.01,-0.32,0.15
1658,0.02,-0.31,0.16
1657,0.02,-0.31,0.16
1656,0.01,-0.31,0.15
1655,0.01,-0.32,0.15
1654,0,-0.33,0.14
1653,-0.01,-0.34,0.13
1652,-0.03,-0.36,0.12
1651,-0.05,-0.39,0.11
1650,-0.06,-0.41,0.11
1649,-0.08,-0.43,0.1
1648,-0.1,-0.44,0.09
1647,-0.11,-0.45,0.08
1646,-0.12,-0.46,0.07
1645,-0.13,-0.46,0.06
1644,-0.14,-0.45,0.06
1643,-0.14,-0.44,0.06
1642,-0.13,-0.43,0.06
1641,-0.12,-0.41,0.07
1640,-0.11,-0.4,0.08
1639,-0.1,-0.38,0.09
1638,-0.08,-0.37,0.1
1637,-0.07,-0.35,0.12
1636,-0.05,-0.34,0.13
1635,-0.04,-0.34,0.14
1634,-0.04,-0.33,0.14
1633,-0.03,-0.33,0.14
1632,-0.04,-0.33,0.14
1631,-0.04,-0.33,0.13
1630,-0.05,-0.34,0.12
1629,-0.06,-0.35,0.11
1628,-0.07,-0.35,0.1
1627,-0.08,-0.36,0.09
1626,-0.09,-0.37,0.08
1625,-0.1,-0.38,0.08
1624,-0.1,-0.39,0.08
1623,-0.1,-0.39,0.08
1622,-0.1,-0.4,0.08
1621,-0.1,-0.4,0.09
1620,-0.09,-0.4,0.1
1619,-0.08,-0.41,0.11
1618,-0.07,-0.41,0.13
1617,-0.06,-0.41,0.14
1616,-0.06,-0.42,0.14
1615,-0.05,-0.42,0.15
1614,-0.05,-0.43,0.15
1613,-0.05,-0.44,0.15
1612,-0.05,-0.44,0.14
1611,-0.06,-0.45,0.13
1610,-0.07,-0.46,0.12
1609,-0.08,-0.47,0.11
1608,-0.09,-0.47,0.1
1607,-0.1,-0.48,0.08
1606,-0.11,-0.48,0.07
1605,-0.13,-0.48,0.06
1604,-0.13,-0.48,0.05
1603,-0.14,-0.47,0.05
1602,-0.14,-0.47,0.04
1601,-0.14,-0.46,0.04
1600,-0.13,-0.45,0.05
1599,-0.12,-0.44,0.05
1598,-0.11,-0.43,0.06
1597,-0.1,-0.41,0.07
1596,-0.09,-0.4,0.07
1595,-0.08,-0.39,0.08
1594,-0.07,-0.38,0.09
1593,-0.06,-0.37,0.09
1592,-0.06,-0.36,0.1
1591,-0.06,-0.35,0.1
1590,-0.06,-0.34,0.1
1589,-0.05,-0.34,0.1
1588,-0.05,-0.34,0.1
1587,-0.05,-0.33,0.1
1586,-0.05,-0.33,0.1
1585,-0.05,-0.33,0.1
1584,-0.05,-0.33,0.1
1583,-0.05,-0.34,0.1
1582,-0.05,-0.34,0.11
1581,-0.04,-0.34,0.11
1580,-0.04,-0.34,0.12
1579,-0.04,-0.34,0.12
1578,-0.03,-0.34,0.13
1577,-0.02,-0.34,0.13
1576,-0.01,-0.34,0.14
1575,0,-0.33,0.15
1574,0,-0.33,0.16
1573,0.01,-0.33,0.17
1572,0.02,-0.32,0.17
1571,0.03,-0.32,0.18
1570,0.04,-0.31,0.19
1569,0.06,-0.3,0.2
1568,0.07,-0.29,0.2
1567,0.08,-0.28,0.21
1566,0.09,-0.27,0.22
1565,0.1,-0.26,0.23
1564,0.1,-0.26,0.23
1563,0.1,-0.25,0.23
1562,0.1,-0.25,0.23
1561,0.09,-0.25,0.22
1560,0.09,-0.26,0.21
1559,0.08,-0.26,0.2
1558,0.07,-0.27,0.2
1557,0.06,-0.28,0.19
1556,0.06,-0.28,0.19
1555,0.05,-0.29,0.18
1554,0.04,-0.29,0.18
1553,0.04,-0.3,0.18
1552,0.03,-0.31,0.18
1551,0.03,-0.31,0.18
1550,0.02,-0.32,0.17
1549,0.01,-0.33,0.17
1548,0,-0.33,0.17
1547,-0.01,-0.34,0.16
1546,-0.02,-0.34,0.15
1545,-0.02,-0.35,0.15
1544,-0.03,-0.35,0.15
1543,-0.03,-0.35,0.14
1542,-0.02,-0.34,0.14
1541,-0.02,-0.34,0.15
1540,-0.01,-0.33,0.15
1539,0,-0.33,0.16
1538,0.01,-0.32,0.16
1537,0.02,-0.32,0.17
1536,0.02,-0.32,0.18
1535,0.03,-0.32,0.18
1534,0.03,-0.33,0.18
1533,0.03,-0.34,0.19
1532,0.03,-0.34,0.19
1531,0.02,-0.35,0.19
1530,0.02,-0.36,0.18
1529,0.01,-0.37,0.18
1528,0,-0.38,0.17
1527,-0.01,-0.38,0.17
1526,-0.02,-0.39,0.16
1525,-0.03,-0.4,0.15
1524,-0.04,-0.4,0.15
1523,-0.05,-0.41,0.14
1522,-0.05,-0.41,0.14
1521,-0.05,-0.41,0.14
1520,-0.05,-0.41,0.14
1519,-0.05,-0.4,0.14
1518,-0.05,-0.4,0.15
1517,-0.04,-0.39,0.15
1516,-0.03,-0.38,0.16
1515,-0.02,-0.37,0.16
1514,-0.01,-0.36,0.17
1513,0,-0.35,0.18
1512,0,-0.35,0.19
1511,0.01,-0.34,0.19
1510,0.02,-0.34,0.2
1509,0.02,-0.33,0.2
1508,0.02,-0.33,0.2
1507,0.02,-0.33,0.2
1506,0.02,-0.33,0.2
1505,0.02,-0.33,0.2
1504,0.01,-0.33,0.19
1503,0,-0.33,0.18
1502,0,-0.33,0.18
1501,-0.01,-0.33,0.17
1500,-0.01,-0.33,0.16
1499,-0.02,-0.33,0.16
1498,-0.02,-0.33,0.15
1497,-0.02,-0.33,0.15
1496,-0.02,-0.33,0.15
1495,-0.02,-0.33,0.15
1494,-0.02,-0.33,0.15
1493,-0.02,-0.32,0.16
1492,-0.02,-0.32,0.16
1491,-0.01,-0.32,0.17
1490,-0.01,-0.31,0.17
1489,-0.01,-0.31,0.18
1488,-0.01,-0.31,0.18
1487,-0.01,-0.31,0.18
1486,-0.02,-0.31,0.17
1485,-0.02,-0.31,0.17
1484,-0.03,-0.32,0.16
1483,-0.04,-0.32,0.16
1482,-0.05,-0.33,0.15
1481,-0.07,-0.33,0.14
1480,-0.08,-0.34,0.13
1479,-0.09,-0.35,0.12
1478,-0.1,-0.36,0.12
1477,-0.12,-0.37,0.11
1476,-0.13,-0.38,0.1
1475,-0.13,-0.39,0.1
1474,-0.14,-0.39,0.09
1473,-0.14,-0.4,0.09
1472,-0.14,-0.4,0.09
1471,-0.14,-0.4,0.09
1470,-0.14,-0.4,0.09
1469,-0.13,-0.4,0.09
1468,-0.13,-0.4,0.09
1467,-0.13,-0.4,0.09
1466,-0.13,-0.4,0.09
1465,-0.13,-0.39,0.09
1464,-0.13,-0.39,0.09
1463,-0.13,-0.38,0.09
1462,-0.13,-0.38,0.08
1461,-0.13,-0.38,0.08
1460,-0.14,-0.38,0.08
1459,-0.14,-0.38,0.07
1458,-0.14,-0.38,0.07
1457,-0.15,-0.38,0.07
1456,-0.15,-0.38,0.07
1455,-0.15,-0.38,0.07
1454,-0.14,-0.37,0.07
1453,-0.14,-0.37,0.08
1452,-0.13,-0.36,0.09
1451,-0.11,-0.34,0.1
1450,-0.1,-0.33,0.11
1449,-0.08,-0.31,0.12
1448,-0.07,-0.3,0.14
1447,-0.05,-0.29,0.15
1446,-0.04,-0.28,0.16
1445,-0.02,-0.27,0.17
1444,-0.01,-0.26,0.18
1443,0,-0.25,0.19
1442,0.01,-0.25,0.2
1441,0.02,-0.25,0.2
1440,0.02,-0.24,0.2
1439,0.03,-0.24,0.21
1438,0.04,-0.23,0.21
1437,0.05,-0.23,0.22
1436,0.06,-0.22,0.22
1435,0.07,-0.21,0.23
1434,0.08,-0.19,0.24
1433,0.08,-0.18,0.24
1432,0.09,-0.17,0.25
1431,0.1,-0.16,0.26
1430,0.1,-0.16,0.26
1429,0.1,-0.15,0.26
1428,0.1,-0.15,0.26
1427,0.1,-0.15,0.26
1426,0.1,-0.15,0.25
1425,0.09,-0.15,0.25
1424,0.09,-0.16,0.25
1423,0.08,-0.16,0.24
1422,0.07,-0.17,0.23
1421,0.07,-0.18,0.23
1420,0.06,-0.19,0.22
1419,0.06,-0.2,0.22
1418,0.06,-0.21,0.22
1417,0.05,-0.21,0.22
1416,0.05,-0.22,0.21
1415,0.06,-0.22,0.21
1414,0.06,-0.22,0.21
1413,0.06,-0.21,0.22
1412,0.07,-0.21,0.22
1411,0.08,-0.2,0.23
1410,0.08,-0.19,0.23
1409,0.09,-0.18,0.24
1408,0.09,-0.17,0.24
1407,0.09,-0.16,0.25
1406,0.09,-0.15,0.25
1405,0.09,-0.15,0.25
1404,0.08,-0.15,0.25
1403,0.07,-0.16,0.25
1402,0.07,-0.16,0.24
1401,0.06,-0.18,0.24
1400,0.05,-0.19,0.23
1399,0.04,-0.21,0.22
1398,0.03,-0.22,0.21
1397,0.03,-0.24,0.21
1396,0.03,-0.25,0.2
1395,0.03,-0.26,0.2
1394,0.03,-0.26,0.2
1393,0.04,-0.26,0.21
1392,0.04,-0.26,0.21
1391,0.05,-0.26,0.21
1390,0.05,-0.26,0.22
1389,0.06,-0.25,0.22
1388,0.06,-0.25,0.22
1387,0.06,-0.24,0.22
1386,0.07,-0.23,0.22
1385,0.07,-0.23,0.23
1384,0.07,-0.22,0.23
1383,0.07,-0.22,0.23
1382,0.06,-0.22,0.23
1381,0.06,-0.22,0.23
1380,0.06,-0.22,0.23
1379,0.05,-0.23,0.23
1378,0.05,-0.23,0.23
1377,0.05,-0.23,0.23
1376,0.05,-0.23,0.23
1375,0.05,-0.22,0.23
1374,0.05,-0.22,0.23
1373,0.05,-0.21,0.23
1372,0.06,-0.2,0.23
1371,0.06,-0.19,0.24
1370,0.05,-0.18,0.23
1369,0.05,-0.18,0.23
1368,0.05,-0.18,0.23
1367,0.04,-0.17,0.23
1366,0.04,-0.17,0.22
1365,0.03,-0.18,0.22
1364,0.02,-0.18,0.21
1363,0,-0.19,0.2
1362,-0.01,-0.21,0.19
1361,-0.02,-0.22,0.18
1360,-0.03,-0.23,0.18
1359,-0.04,-0.24,0.17
1358,-0.04,-0.25,0.17
1357,-0.05,-0.25,0.17
1356,-0.05,-0.26,0.16
1355,-0.06,-0.27,0.16
1354,-0.06,-0.27,0.16
1353,-0.06,-0.28,0.16
1352,-0.07,-0.28,0.16
1351,-0.07,-0.29,0.16
1350,-0.07,-0.29,0.16
1349,-0.08,-0.29,0.15
1348,-0.08,-0.28,0.16
1347,-0.08,-0.28,0.15
1346,-0.07,-0.26,0.16
1345,-0.06,-0.25,0.16
1344,-0.06,-0.24,0.17
1343,-0.05,-0.22,0.17
1342,-0.04,-0.21,0.18
1341,-0.02,-0.2,0.19
1340,-0.01,-0.19,0.2
1339,-0.01,-0.18,0.2
1338,0,-0.17,0.21
1337,0.01,-0.16,0.22
1336,0.01,-0.16,0.23
1335,0.02,-0.15,0.23
1334,0.03,-0.14,0.24
1333,0.04,-0.14,0.25
1332,0.05,-0.13,0.26
1331,0.07,-0.11,0.26
1330,0.08,-0.1,0.27
1329,0.09,-0.09,0.28
1328,0.1,-0.08,0.28
1327,0.11,-0.07,0.29
1326,0.12,-0.06,0.29
1325,0.12,-0.05,0.29
1324,0.12,-0.05,0.29
1323,0.12,-0.05,0.29
1322,0.12,-0.05,0.28
1321,0.11,-0.05,0.28
1320,0.11,-0.05,0.27
1319,0.11,-0.05,0.27
1318,0.11,-0.05,0.27
1317,0.1,-0.05,0.27
1316,0.1,-0.05,0.27
1315,0.1,-0.06,0.27
1314,0.1,-0.06,0.27
1313,0.09,-0.06,0.27
1312,0.09,-0.07,0.27
1311,0.08,-0.07,0.27
1310,0.07,-0.08,0.26
1309,0.07,-0.08,0.26
1308,0.06,-0.09,0.25
1307,0.05,-0.1,0.24
1306,0.04,-0.1,0.23
1305,0.03,-0.11,0.23
1304,0.02,-0.12,0.22
1303,0.01,-0.13,0.21
1302,-0.01,-0.14,0.2
1301,-0.02,-0.15,0.2
1300,-0.02,-0.16,0.19
1299,-0.03,-0.16,0.19
1298,-0.04,-0.17,0.19
1297,-0.04,-0.17,0.18
1296,-0.05,-0.18,0.18
1295,-0.05,-0.18,0.18
1294,-0.05,-0.18,0.18
1293,-0.05,-0.19,0.18
1292,-0.05,-0.19,0.18
1291,-0.05,-0.19,0.19
1290,-0.04,-0.19,0.19
1289,-0.04,-0.18,0.2
1288,-0.03,-0.18,0.21
1287,-0.02,-0.18,0.21
1286,-0.01,-0.18,0.22
1285,0,-0.18,0.23
1284,0.01,-0.18,0.23
1283,0.02,-0.18,0.23
1282,0.02,-0.19,0.24
1281,0.02,-0.19,0.24
1280,0.02,-0.2,0.24
1279,0.02,-0.2,0.24
1278,0.02,-0.2,0.24
1277,0.02,-0.2,0.24
1276,0.02,-0.21,0.24
1275,0.02,-0.2,0.24
1274,0.03,-0.2,0.24
1273,0.03,-0.2,0.24
1272,0.02,-0.2,0.24
1271,0.02,-0.19,0.23
1270,0.02,-0.19,0.23
1269,0.02,-0.19,0.23
1268,0.01,-0.19,0.22
1267,0.01,-0.18,0.22
1266,0,-0.18,0.22
1265,0,-0.18,0.23
1264,0,-0.17,0.23
1263,0,-0.16,0.23
1262,0,-0.16,0.23
1261,0.01,-0.15,0.24
1260,0.01,-0.14,0.24
1259,0.03,-0.13,0.25
1258,0.04,-0.13,0.25
1257,0.06,-0.12,0.26
1256,0.07,-0.11,0.27
1255,0.09,-0.11,0.28
1254,0.1,-0.1,0.29
1253,0.12,-0.1,0.31
1252,0.13,-0.09,0.32
1251,0.13,-0.09,0.33
1250,0.14,-0.09,0.34
1249,0.14,-0.08,0.34
1248,0.14,-0.08,0.35
1247,0.14,-0.08,0.35
1246,0.14,-0.07,0.35
1245,0.13,-0.07,0.35
1244,0.13,-0.07,0.35
1243,0.12,-0.07,0.34
1242,0.11,-0.07,0.34
1241,0.11,-0.07,0.33
1240,0.1,-0.07,0.33
1239,0.09,-0.07,0.32
1238,0.08,-0.08,0.31
1237,0.07,-0.09,0.3
1236,0.06,-0.1,0.29
1235,0.05,-0.11,0.29
1234,0.04,-0.11,0.28
1233,0.03,-0.12,0.27
1232,0.03,-0.12,0.27
1231,0.03,-0.12,0.27
1230,0.03,-0.12,0.27
1229,0.03,-0.11,0.27
1228,0.04,-0.1,0.28
1227,0.05,-0.09,0.28
1226,0.06,-0.08,0.28
1225,0.06,-0.07,0.29
1224,0.07,-0.06,0.29
1223,0.07,-0.06,0.29
1222,0.07,-0.06,0.29
1221,0.07,-0.06,0.28
1220,0.07,-0.07,0.28
1219,0.06,-0.08,0.27
1218,0.05,-0.09,0.26
1217,0.05,-0.1,0.26
1216,0.04,-0.11,0.26
1215,0.04,-0.11,0.25
1214,0.04,-0.11,0.26
1213,0.04,-0.11,0.26
1212,0.04,-0.11,0.26
1211,0.04,-0.1,0.27
1210,0.05,-0.1,0.27
1209,0.05,-0.1,0.27
1208,0.04,-0.11,0.28
1207,0.04,-0.11,0.28
1206,0.04,-0.11,0.28
1205,0.04,-0.12,0.28
1204,0.04,-0.12,0.28
1203,0.03,-0.12,0.28
1202,0.03,-0.12,0.28
1201,0.03,-0.12,0.28
1200,0.03,-0.12,0.27
1199,0.02,-0.12,0.27
1198,0.02,-0.12,0.27
1197,0.02,-0.13,0.27
1196,0.02,-0.13,0.27
1195,0.02,-0.13,0.26
1194,0.02,-0.13,0.26
1193,0.02,-0.13,0.26
1192,0.02,-0.13,0.26
1191,0.03,-0.13,0.26
1190,0.03,-0.12,0.27
1189,0.04,-0.12,0.28
1188,0.05,-0.11,0.29
1187,0.06,-0.1,0.3
1186,0.07,-0.09,0.32
1185,0.08,-0.08,0.33
1184,0.08,-0.08,0.34
1183,0.09,-0.08,0.35
1182,0.09,-0.08,0.35
1181,0.09,-0.08,0.35
1180,0.09,-0.08,0.35
1179,0.09,-0.08,0.35
1178,0.09,-0.08,0.34
1177,0.08,-0.08,0.34
1176,0.08,-0.07,0.33
1175,0.09,-0.07,0.33
1174,0.09,-0.07,0.32
1173,0.09,-0.06,0.32
1172,0.1,-0.06,0.33
1171,0.11,-0.05,0.33
1170,0.12,-0.04,0.33
1169,0.13,-0.03,0.34
1168,0.14,-0.02,0.35
1167,0.15,-0.01,0.36
1166,0.16,0,0.37
1165,0.17,0.01,0.38
1164,0.17,0.02,0.38
1163,0.18,0.02,0.39
1162,0.18,0.02,0.39
1161,0.18,0.01,0.39
1160,0.17,0.01,0.39
1159,0.17,0,0.39
1158,0.16,0,0.38
1157,0.16,-0.02,0.38
1156,0.15,-0.02,0.38
1155,0.14,-0.03,0.37
1154,0.13,-0.04,0.37
1153,0.12,-0.05,0.36
1152,0.11,-0.06,0.35
1151,0.1,-0.07,0.33
1150,0.09,-0.08,0.32
1149,0.08,-0.09,0.31
1148,0.07,-0.09,0.3
1147,0.06,-0.1,0.3
1146,0.06,-0.11,0.3
1145,0.06,-0.11,0.29
1144,0.05,-0.11,0.3
1143,0.05,-0.11,0.3
1142,0.05,-0.11,0.3
1141,0.05,-0.12,0.3
1140,0.05,-0.12,0.29
1139,0.04,-0.13,0.29
1138,0.04,-0.13,0.28
1137,0.03,-0.14,0.28
1136,0.02,-0.14,0.27
1135,0.01,-0.15,0.26
1134,0,-0.15,0.25
1133,0,-0.16,0.25
1132,-0.01,-0.16,0.25
1131,-0.01,-0.17,0.24
1130,-0.01,-0.17,0.24
1129,-0.01,-0.17,0.24
1128,-0.01,-0.17,0.24
1127,-0.01,-0.17,0.23
1126,-0.01,-0.17,0.23
1125,0,-0.17,0.23
1124,0,-0.17,0.23
1123,0,-0.17,0.23
1122,0,-0.17,0.23
1121,-0.01,-0.17,0.23
1120,-0.01,-0.18,0.23
1119,-0.02,-0.18,0.22
1118,-0.02,-0.19,0.22
1117,-0.03,-0.19,0.21
1116,-0.03,-0.19,0.21
1115,-0.03,-0.19,0.21
1114,-0.03,-0.2,0.21
1113,-0.03,-0.2,0.21
1112,-0.03,-0.2,0.21
1111,-0.02,-0.19,0.21
1110,-0.02,-0.19,0.22
1109,-0.01,-0.18,0.23
1108,0,-0.17,0.24
1107,0.01,-0.16,0.25
1106,0.02,-0.15,0.26
1105,0.03,-0.13,0.28
1104,0.04,-0.12,0.29
1103,0.05,-0.11,0.3
1102,0.06,-0.1,0.3
1101,0.06,-0.1,0.31
1100,0.07,-0.09,0.31
1099,0.07,-0.09,0.31
1098,0.07,-0.09,0.3
1097,0.08,-0.08,0.3
1096,0.08,-0.08,0.3
1095,0.08,-0.07,0.3
1094,0.09,-0.07,0.3
1093,0.1,-0.06,0.3
1092,0.11,-0.05,0.3
1091,0.12,-0.04,0.31
1090,0.13,-0.03,0.32
1089,0.14,-0.02,0.33
1088,0.16,0,0.34
1087,0.18,0.01,0.36
1086,0.19,0.02,0.38
1085,0.2,0.03,0.39
1084,0.21,0.03,0.4
1083,0.21,0.03,0.4
1082,0.21,0.03,0.41
1081,0.21,0.03,0.41
1080,0.2,0.02,0.4
1079,0.19,0.02,0.4
1078,0.18,0.01,0.39
1077,0.17,0,0.37
1076,0.16,-0.01,0.36
1075,0.15,-0.02,0.35
1074,0.14,-0.03,0.34
1073,0.13,-0.04,0.33
1072,0.12,-0.05,0.33
1071,0.11,-0.06,0.32
1070,0.1,-0.06,0.31
1069,0.1,-0.07,0.31
1068,0.1,-0.07,0.31
1067,0.1,-0.07,0.31
1066,0.11,-0.07,0.32
1065,0.11,-0.07,0.32
1064,0.11,-0.06,0.33
1063,0.12,-0.06,0.33
1062,0.12,-0.06,0.33
1061,0.13,-0.06,0.33
1060,0.13,-0.06,0.33
1059,0.13,-0.06,0.33
1058,0.13,-0.07,0.32
1057,0.13,-0.07,0.32
1056,0.13,-0.07,0.32
1055,0.13,-0.07,0.32
1054,0.13,-0.07,0.31
1053,0.14,-0.07,0.32
1052,0.15,-0.06,0.32
1051,0.15,-0.06,0.32
1050,0.15,-0.06,0.32
1049,0.16,-0.06,0.32
1048,0.16,-0.07,0.31
1047,0.15,-0.07,0.31
1046,0.15,-0.07,0.31
1045,0.15,-0.08,0.3
1044,0.15,-0.08,0.3
1043,0.15,-0.08,0.31
1042,0.15,-0.08,0.32
1041,0.16,-0.08,0.33
1040,0.16,-0.07,0.34
1039,0.17,-0.07,0.35
1038,0.17,-0.07,0.35
1037,0.18,-0.07,0.36
1036,0.18,-0.06,0.37
1035,0.18,-0.06,0.37
1034,0.18,-0.06,0.37
1033,0.18,-0.05,0.36
1032,0.17,-0.05,0.36
1031,0.17,-0.04,0.36
1030,0.16,-0.04,0.35
1029,0.16,-0.03,0.35
1028,0.16,-0.03,0.34
1027,0.16,-0.03,0.34
1026,0.15,-0.02,0.34
1025,0.15,-0.02,0.34
1024,0.15,-0.02,0.34
1023,0.15,-0.03,0.33
1022,0.15,-0.03,0.33
1021,0.15,-0.03,0.33
1020,0.15,-0.03,0.33
1019,0.15,-0.04,0.33
1018,0.15,-0.04,0.33
1017,0.14,-0.05,0.33
1016,0.14,-0.06,0.33
1015,0.14,-0.06,0.33
1014,0.14,-0.07,0.33
1013,0.14,-0.07,0.33
1012,0.13,-0.08,0.33
1011,0.13,-0.08,0.33
1010,0.13,-0.08,0.33
1009,0.13,-0.08,0.33
1008,0.13,-0.07,0.33
1007,0.13,-0.07,0.33
1006,0.13,-0.07,0.34
1005,0.13,-0.06,0.33
1004,0.13,-0.06,0.33
1003,0.13,-0.06,0.33
1002,0.13,-0.06,0.34
1001,0.14,-0.06,0.34
1000,0.14,-0.05,0.34
999,0.14,-0.05,0.35
998,0.14,-0.04,0.35
997,0.14,-0.04,0.36
996,0.14,-0.03,0.36
995,0.14,-0.03,0.36
994,0.15,-0.03,0.37
993,0.15,-0.03,0.37
992,0.15,-0.02,0.37
991,0.15,-0.02,0.37
990,0.15,-0.02,0.37
989,0.15,-0.02,0.37
988,0.14,-0.02,0.37
987,0.14,-0.02,0.36
986,0.15,-0.01,0.36
985,0.15,-0.01,0.36
984,0.15,-0.01,0.36
983,0.15,-0.02,0.35
982,0.15,-0.02,0.35
981,0.15,-0.02,0.34
980,0.16,-0.02,0.34
979,0.16,-0.03,0.34
978,0.16,-0.03,0.34
977,0.16,-0.03,0.34
976,0.17,-0.03,0.35
975,0.17,-0.03,0.35
974,0.18,-0.03,0.36
973,0.19,-0.03,0.37
972,0.19,-0.02,0.37
971,0.2,-0.02,0.38
970,0.2,-0.01,0.38
969,0.21,-0.01,0.39
968,0.21,0,0.39
967,0.21,0,0.39
966,0.21,-0.01,0.39
965,0.21,-0.01,0.39
964,0.2,-0.01,0.38
963,0.2,-0.02,0.37
962,0.19,-0.03,0.37
961,0.18,-0.03,0.36
960,0.17,-0.04,0.34
959,0.17,-0.05,0.34
958,0.16,-0.05,0.33
957,0.16,-0.06,0.33
956,0.16,-0.06,0.33
955,0.16,-0.06,0.33
954,0.16,-0.05,0.33
953,0.16,-0.05,0.34
952,0.17,-0.05,0.35
951,0.17,-0.04,0.35
950,0.17,-0.03,0.36
949,0.17,-0.03,0.38
948,0.18,-0.02,0.39
947,0.18,-0.02,0.4
946,0.18,-0.01,0.4
945,0.18,-0.01,0.41
944,0.18,-0.01,0.41
943,0.18,-0.02,0.41
942,0.18,-0.02,0.41
941,0.19,-0.02,0.42
940,0.19,-0.02,0.43
939,0.2,-0.01,0.44
938,0.21,0,0.45
937,0.22,0.01,0.46
936,0.23,0.02,0.47
935,0.23,0.03,0.48
934,0.24,0.03,0.49
933,0.24,0.04,0.5
932,0.25,0.04,0.5
931,0.24,0.05,0.5
930,0.24,0.05,0.49
929,0.23,0.05,0.49
928,0.23,0.05,0.48
927,0.22,0.04,0.47
926,0.21,0.03,0.46
925,0.2,0.03,0.44
924,0.19,0.02,0.43
923,0.18,0.01,0.42
922,0.17,0,0.41
921,0.16,-0.01,0.41
920,0.15,-0.02,0.4
919,0.15,-0.02,0.39
918,0.14,-0.03,0.38
917,0.14,-0.03,0.38
916,0.14,-0.04,0.37
915,0.14,-0.04,0.36
914,0.14,-0.04,0.36
913,0.15,-0.05,0.36
912,0.15,-0.05,0.35
911,0.15,-0.05,0.35
910,0.15,-0.06,0.35
909,0.15,-0.06,0.34
908,0.14,-0.07,0.33
907,0.13,-0.07,0.33
906,0.13,-0.08,0.32
905,0.12,-0.09,0.31
904,0.12,-0.09,0.3
903,0.11,-0.1,0.29
902,0.11,-0.1,0.29
901,0.1,-0.09,0.29
900,0.11,-0.08,0.3
899,0.11,-0.07,0.31
898,0.12,-0.06,0.32
897,0.13,-0.04,0.33
896,0.14,-0.02,0.35
895,0.16,-0.01,0.36
894,0.17,0.01,0.38
893,0.18,0.02,0.4
892,0.2,0.03,0.42
891,0.21,0.04,0.43
890,0.21,0.04,0.44
889,0.22,0.04,0.45
888,0.23,0.05,0.45
887,0.24,0.05,0.46
886,0.24,0.05,0.46
885,0.25,0.05,0.46
884,0.26,0.05,0.46
883,0.27,0.05,0.46
882,0.27,0.05,0.46
881,0.27,0.05,0.46
880,0.27,0.05,0.46
879,0.27,0.04,0.45
878,0.26,0.03,0.45
877,0.25,0.03,0.44
876,0.24,0.01,0.42
875,0.22,0,0.41
874,0.21,-0.01,0.4
873,0.19,-0.03,0.38
872,0.18,-0.04,0.37
871,0.17,-0.06,0.35
870,0.15,-0.08,0.33
869,0.14,-0.09,0.32
868,0.12,-0.11,0.31
867,0.11,-0.12,0.3
866,0.1,-0.13,0.29
865,0.08,-0.14,0.29
864,0.07,-0.14,0.29
863,0.06,-0.15,0.28
862,0.06,-0.15,0.28
861,0.05,-0.16,0.29
860,0.05,-0.16,0.29
859,0.05,-0.16,0.29
858,0.05,-0.16,0.3
857,0.05,-0.15,0.3
856,0.06,-0.15,0.31
855,0.07,-0.14,0.32
854,0.07,-0.14,0.32
853,0.09,-0.13,0.33
852,0.1,-0.12,0.34
851,0.11,-0.1,0.35
850,0.12,-0.09,0.36
849,0.13,-0.07,0.37
848,0.14,-0.05,0.38
847,0.15,-0.04,0.39
846,0.16,-0.02,0.39
845,0.17,-0.01,0.4
844,0.18,0,0.4
843,0.18,0.01,0.4
842,0.19,0.01,0.4
841,0.19,0,0.4
840,0.18,0,0.39
839,0.18,-0.01,0.39
838,0.18,-0.01,0.39
837,0.17,-0.02,0.39
836,0.17,-0.02,0.39
835,0.16,-0.02,0.39
834,0.16,-0.03,0.39
833,0.16,-0.03,0.39
832,0.15,-0.03,0.39
831,0.15,-0.03,0.39
830,0.15,-0.03,0.39
829,0.14,-0.03,0.38
828,0.14,-0.04,0.38
827,0.13,-0.04,0.37
826,0.13,-0.05,0.37
825,0.13,-0.05,0.36
824,0.13,-0.06,0.36
823,0.13,-0.06,0.36
822,0.14,-0.06,0.36
821,0.15,-0.05,0.36
820,0.16,-0.05,0.37
819,0.16,-0.05,0.38
818,0.17,-0.04,0.38
817,0.17,-0.04,0.39
816,0.18,-0.04,0.39
815,0.17,-0.04,0.39
814,0.17,-0.05,0.39
813,0.16,-0.05,0.39
812,0.15,-0.06,0.39
811,0.14,-0.06,0.38
810,0.14,-0.07,0.38
809,0.13,-0.08,0.38
808,0.12,-0.08,0.37
807,0.11,-0.09,0.36
806,0.11,-0.09,0.36
805,0.11,-0.1,0.35
804,0.11,-0.1,0.35
803,0.11,-0.1,0.34
802,0.11,-0.1,0.34
801,0.12,-0.1,0.34
800,0.13,-0.09,0.34
799,0.14,-0.09,0.33
798,0.15,-0.08,0.34
797,0.15,-0.08,0.34
796,0.16,-0.08,0.34
795,0.16,-0.08,0.34
794,0.17,-0.08,0.34
793,0.17,-0.08,0.34
792,0.16,-0.08,0.34
791,0.16,-0.08,0.34
790,0.15,-0.08,0.34
789,0.15,-0.08,0.34
788,0.14,-0.08,0.34
787,0.14,-0.08,0.34
786,0.14,-0.07,0.34
785,0.14,-0.07,0.34
784,0.14,-0.06,0.34
783,0.15,-0.05,0.34
782,0.15,-0.05,0.35
781,0.16,-0.04,0.35
780,0.16,-0.04,0.36
779,0.17,-0.04,0.36
778,0.18,-0.04,0.37
777,0.18,-0.03,0.38
776,0.19,-0.03,0.39
775,0.2,-0.02,0.4
774,0.21,-0.02,0.4
773,0.22,-0.01,0.41
772,0.22,0,0.42
771,0.24,0.01,0.43
770,0.25,0.03,0.43
769,0.26,0.04,0.44
768,0.27,0.05,0.45
767,0.28,0.06,0.46
766,0.29,0.07,0.46
765,0.29,0.08,0.46
764,0.29,0.08,0.46
763,0.29,0.08,0.45
762,0.29,0.08,0.45
761,0.28,0.07,0.44
760,0.28,0.07,0.43
759,0.27,0.06,0.43
758,0.27,0.06,0.43
757,0.26,0.05,0.43
756,0.25,0.05,0.43
755,0.24,0.04,0.43
754,0.23,0.03,0.43
753,0.22,0.03,0.43
752,0.21,0.02,0.44
751,0.21,0.02,0.44
750,0.2,0.01,0.45
749,0.2,0.01,0.45
748,0.2,0,0.45
747,0.2,0,0.45
746,0.2,-0.01,0.44
745,0.19,-0.02,0.43
744,0.19,-0.03,0.42
743,0.18,-0.04,0.4
742,0.17,-0.04,0.39
741,0.16,-0.05,0.37
740,0.16,-0.05,0.36
739,0.15,-0.06,0.35
738,0.15,-0.06,0.35
737,0.15,-0.06,0.34
736,0.15,-0.06,0.34
735,0.15,-0.05,0.35
734,0.16,-0.05,0.35
733,0.17,-0.04,0.36
732,0.18,-0.03,0.37
731,0.19,-0.02,0.38
730,0.2,-0.01,0.39
729,0.21,-0.01,0.4
728,0.21,0,0.41
727,0.21,-0.01,0.41
726,0.21,-0.01,0.41
725,0.21,-0.02,0.41
724,0.2,-0.03,0.41
723,0.19,-0.03,0.4
722,0.19,-0.04,0.4
721,0.18,-0.05,0.39
720,0.17,-0.05,0.39
719,0.17,-0.05,0.38
718,0.16,-0.05,0.38
717,0.16,-0.05,0.38
716,0.16,-0.05,0.37
715,0.16,-0.04,0.37
714,0.16,-0.03,0.38
713,0.17,-0.03,0.38
712,0.18,-0.02,0.39
711,0.19,-0.01,0.4
710,0.2,0,0.4
709,0.21,0,0.41
708,0.21,0,0.41
707,0.22,0,0.4
706,0.22,-0.01,0.4
705,0.21,-0.02,0.39
704,0.2,-0.04,0.38
703,0.19,-0.06,0.37
702,0.17,-0.07,0.35
701,0.15,-0.1,0.34
700,0.13,-0.12,0.32
699,0.11,-0.14,0.31
698,0.08,-0.16,0.3
697,0.06,-0.19,0.28
696,0.03,-0.2,0.28
695,0.01,-0.22,0.27
694,0,-0.24,0.26
693,-0.02,-0.25,0.26
692,-0.02,-0.26,0.26
691,-0.02,-0.26,0.27
690,-0.01,-0.25,0.27
689,0,-0.24,0.28
688,0.02,-0.23,0.28
687,0.04,-0.21,0.3
686,0.07,-0.2,0.31
685,0.1,-0.18,0.33
684,0.12,-0.16,0.34
683,0.15,-0.14,0.36
682,0.18,-0.12,0.38
681,0.2,-0.1,0.41
680,0.22,-0.08,0.43
679,0.24,-0.06,0.46
678,0.26,-0.04,0.48
677,0.27,-0.03,0.5
676,0.27,-0.01,0.51
675,0.28,0,0.53
674,0.28,0.01,0.54
673,0.27,0.02,0.55
672,0.26,0.02,0.56
671,0.25,0.02,0.56
670,0.23,0.02,0.55
669,0.22,0.01,0.53
668,0.2,0,0.51
667,0.19,-0.02,0.49
666,0.18,-0.03,0.47
665,0.16,-0.04,0.45
664,0.16,-0.05,0.43
663,0.15,-0.06,0.42
662,0.15,-0.06,0.4
661,0.15,-0.07,0.4
660,0.16,-0.06,0.39
659,0.16,-0.06,0.39
658,0.17,-0.05,0.39
657,0.17,-0.05,0.39
656,0.17,-0.05,0.4
655,0.17,-0.05,0.39
654,0.17,-0.06,0.39
653,0.16,-0.06,0.38
652,0.15,-0.08,0.36
651,0.13,-0.09,0.35
650,0.12,-0.11,0.33
649,0.11,-0.12,0.32
648,0.1,-0.13,0.31
647,0.09,-0.14,0.3
646,0.08,-0.14,0.3
645,0.08,-0.13,0.3
644,0.08,-0.13,0.3
643,0.08,-0.11,0.3
642,0.09,-0.1,0.31
641,0.09,-0.09,0.31
640,0.1,-0.08,0.32
639,0.1,-0.07,0.32
638,0.11,-0.06,0.33
637,0.11,-0.06,0.33
636,0.12,-0.06,0.33
635,0.12,-0.06,0.34
634,0.13,-0.06,0.34
633,0.13,-0.06,0.34
632,0.13,-0.07,0.34
631,0.13,-0.07,0.34
630,0.14,-0.07,0.34
629,0.14,-0.07,0.34
628,0.14,-0.07,0.35
627,0.14,-0.07,0.35
626,0.15,-0.06,0.36
625,0.15,-0.06,0.36
624,0.16,-0.05,0.37
623,0.17,-0.04,0.38
622,0.18,-0.04,0.38
621,0.19,-0.03,0.39
620,0.19,-0.04,0.4
619,0.2,-0.04,0.4
618,0.2,-0.04,0.41
617,0.2,-0.05,0.41
616,0.2,-0.06,0.41
615,0.19,-0.07,0.41
614,0.19,-0.07,0.42
613,0.18,-0.08,0.43
612,0.18,-0.09,0.44
611,0.17,-0.09,0.45
610,0.17,-0.08,0.46
609,0.17,-0.08,0.47
608,0.18,-0.07,0.48
607,0.18,-0.06,0.49
606,0.19,-0.04,0.5
605,0.2,-0.03,0.51
604,0.2,-0.01,0.52
603,0.21,0,0.52
602,0.21,0.01,0.52
601,0.22,0.02,0.51
600,0.22,0.03,0.51
599,0.23,0.04,0.5
598,0.23,0.05,0.49
597,0.24,0.06,0.49
596,0.24,0.07,0.49
595,0.25,0.07,0.49
594,0.25,0.08,0.49
593,0.26,0.08,0.48
592,0.25,0.08,0.48
591,0.25,0.08,0.47
590,0.24,0.07,0.46
589,0.23,0.06,0.45
588,0.22,0.05,0.44
587,0.2,0.03,0.43
586,0.19,0.02,0.42
585,0.18,0,0.41
584,0.17,-0.01,0.39
583,0.16,-0.03,0.39
582,0.15,-0.04,0.38
581,0.14,-0.06,0.37
580,0.14,-0.07,0.37
579,0.14,-0.07,0.37
578,0.14,-0.08,0.37
577,0.14,-0.08,0.36
576,0.15,-0.08,0.37
575,0.16,-0.07,0.37
574,0.17,-0.07,0.38
573,0.17,-0.06,0.39
572,0.18,-0.05,0.4
571,0.19,-0.04,0.4
570,0.19,-0.04,0.41
569,0.2,-0.04,0.41
568,0.2,-0.04,0.41
567,0.19,-0.04,0.4
566,0.19,-0.04,0.39
565,0.19,-0.05,0.39
564,0.18,-0.05,0.38
563,0.17,-0.06,0.37
562,0.17,-0.07,0.36
561,0.16,-0.07,0.36
560,0.15,-0.07,0.35
559,0.15,-0.08,0.35
558,0.14,-0.09,0.35
557,0.13,-0.1,0.34
556,0.12,-0.12,0.34
555,0.11,-0.14,0.33
554,0.09,-0.16,0.33
553,0.07,-0.18,0.32
552,0.06,-0.2,0.32
551,0.04,-0.22,0.31
550,0.03,-0.25,0.3
549,0.01,-0.27,0.29
548,0,-0.29,0.29
547,0,-0.3,0.28
546,-0.01,-0.31,0.27
545,-0.01,-0.32,0.27
544,-0.01,-0.32,0.27
543,0,-0.31,0.27
542,0.01,-0.3,0.27
541,0.02,-0.28,0.27
540,0.03,-0.26,0.27
539,0.05,-0.24,0.28
538,0.07,-0.22,0.29
537,0.08,-0.2,0.3
536,0.1,-0.18,0.31
535,0.12,-0.16,0.32
534,0.13,-0.14,0.33
533,0.15,-0.12,0.34
532,0.16,-0.11,0.35
531,0.17,-0.1,0.35
530,0.18,-0.09,0.36
529,0.18,-0.08,0.37
528,0.19,-0.07,0.38
527,0.19,-0.07,0.39
526,0.2,-0.06,0.39
525,0.2,-0.05,0.4
524,0.21,-0.05,0.41
523,0.21,-0.04,0.42
522,0.21,-0.04,0.42
521,0.21,-0.04,0.43
520,0.21,-0.04,0.43
519,0.21,-0.03,0.43
518,0.2,-0.03,0.43
517,0.2,-0.03,0.42
516,0.19,-0.04,0.41
515,0.19,-0.05,0.4
514,0.18,-0.05,0.39
513,0.17,-0.06,0.38
512,0.17,-0.07,0.36
511,0.16,-0.07,0.35
510,0.16,-0.08,0.34
509,0.16,-0.08,0.34
508,0.17,-0.08,0.34
507,0.17,-0.08,0.35
506,0.18,-0.07,0.35
505,0.19,-0.07,0.36
504,0.2,-0.06,0.37
503,0.21,-0.05,0.38
502,0.22,-0.05,0.4
501,0.23,-0.04,0.41
500,0.23,-0.04,0.42
499,0.24,-0.03,0.43
498,0.25,-0.03,0.44
497,0.25,-0.02,0.45
496,0.25,-0.02,0.45
495,0.25,-0.02,0.45
494,0.25,-0.02,0.46
493,0.25,-0.02,0.46
492,0.25,-0.03,0.46
491,0.25,-0.03,0.46
490,0.24,-0.03,0.47
489,0.24,-0.03,0.47
488,0.23,-0.03,0.47
487,0.23,-0.03,0.48
486,0.22,-0.03,0.48
485,0.21,-0.03,0.48
484,0.21,-0.03,0.49
483,0.21,-0.03,0.49
482,0.2,-0.03,0.48
481,0.19,-0.03,0.48
480,0.18,-0.03,0.47
479,0.17,-0.04,0.46
478,0.16,-0.05,0.44
477,0.15,-0.06,0.42
476,0.14,-0.08,0.41
475,0.13,-0.09,0.38
474,0.12,-0.11,0.37
473,0.11,-0.11,0.35
472,0.1,-0.12,0.35
471,0.1,-0.12,0.35
470,0.1,-0.12,0.35
469,0.1,-0.12,0.35
468,0.11,-0.11,0.36
467,0.11,-0.1,0.37
466,0.12,-0.09,0.38
465,0.13,-0.08,0.39
464,0.14,-0.08,0.4
463,0.15,-0.07,0.41
462,0.15,-0.06,0.42
461,0.17,-0.06,0.43
460,0.18,-0.05,0.44
459,0.19,-0.04,0.45
458,0.19,-0.03,0.46
457,0.2,-0.02,0.47
456,0.21,-0.02,0.48
455,0.21,-0.01,0.48
454,0.21,-0.01,0.48
453,0.21,0,0.48
452,0.21,0,0.47
451,0.2,0,0.46
450,0.2,0,0.46
449,0.2,0,0.46
448,0.21,0,0.46
447,0.21,0,0.46
446,0.22,0.01,0.46
445,0.22,0.02,0.47
444,0.23,0.02,0.48
443,0.24,0.02,0.48
442,0.24,0.02,0.48
441,0.24,0.02,0.47
440,0.24,0.02,0.47
439,0.24,0.01,0.46
438,0.24,0.02,0.46
437,0.24,0.02,0.46
436,0.23,0.02,0.45
435,0.23,0.02,0.45
434,0.23,0.02,0.45
433,0.23,0.02,0.45
432,0.22,0.02,0.45
431,0.22,0.02,0.45
430,0.21,0.01,0.45
429,0.21,0.01,0.44
428,0.2,0,0.44
427,0.19,0,0.44
426,0.19,-0.01,0.44
425,0.18,-0.01,0.44
424,0.18,-0.01,0.44
423,0.18,-0.01,0.44
422,0.18,-0.01,0.44
421,0.18,-0.01,0.44
420,0.18,-0.01,0.44
419,0.18,-0.01,0.44
418,0.19,0,0.44
417,0.19,0,0.45
416,0.2,0.01,0.45
415,0.2,0.01,0.46
414,0.21,0.02,0.46
413,0.21,0.02,0.47
412,0.22,0.02,0.47
411,0.23,0.03,0.48
410,0.24,0.03,0.48
409,0.25,0.03,0.48
408,0.26,0.03,0.48
407,0.27,0.03,0.48
406,0.27,0.02,0.47
405,0.26,0.01,0.47
404,0.25,0,0.46
403,0.24,-0.01,0.44
402,0.22,-0.03,0.43
401,0.2,-0.04,0.41
400,0.18,-0.06,0.4
399,0.16,-0.07,0.38
398,0.14,-0.09,0.37
397,0.13,-0.1,0.36
396,0.11,-0.11,0.35
395,0.1,-0.12,0.34
394,0.09,-0.13,0.34
393,0.08,-0.13,0.33
392,0.08,-0.13,0.33
391,0.08,-0.13,0.34
390,0.09,-0.12,0.35
389,0.1,-0.11,0.36
388,0.11,-0.1,0.37
387,0.12,-0.1,0.39
386,0.13,-0.09,0.41
385,0.14,-0.08,0.42
384,0.15,-0.08,0.43
383,0.16,-0.08,0.44
382,0.16,-0.08,0.44
381,0.17,-0.09,0.44
380,0.16,-0.09,0.43
379,0.16,-0.1,0.43
378,0.16,-0.11,0.42
377,0.15,-0.12,0.42
376,0.14,-0.13,0.41
375,0.13,-0.14,0.4
374,0.13,-0.15,0.39
373,0.12,-0.15,0.39
372,0.12,-0.16,0.39
371,0.11,-0.16,0.38
370,0.11,-0.16,0.38
369,0.12,-0.15,0.38
368,0.12,-0.15,0.39
367,0.12,-0.14,0.39
366,0.12,-0.14,0.39
365,0.13,-0.13,0.39
364,0.13,-0.13,0.39
363,0.13,-0.12,0.39
362,0.13,-0.12,0.39
361,0.13,-0.11,0.38
360,0.13,-0.11,0.38
359,0.13,-0.11,0.38
358,0.12,-0.11,0.38
357,0.12,-0.11,0.37
356,0.13,-0.12,0.37
355,0.13,-0.12,0.36
354,0.13,-0.12,0.36
353,0.14,-0.12,0.36
352,0.15,-0.12,0.36
351,0.15,-0.12,0.36
350,0.16,-0.12,0.36
349,0.17,-0.12,0.36
348,0.17,-0.11,0.36
347,0.17,-0.12,0.36
346,0.17,-0.12,0.36
345,0.17,-0.12,0.36
344,0.17,-0.11,0.36
343,0.16,-0.12,0.35
342,0.16,-0.12,0.35
341,0.15,-0.12,0.34
340,0.15,-0.12,0.34
339,0.14,-0.12,0.34
338,0.13,-0.12,0.34
337,0.13,-0.11,0.34
336,0.12,-0.11,0.34
335,0.12,-0.1,0.35
334,0.12,-0.09,0.35
333,0.12,-0.09,0.36
332,0.13,-0.08,0.36
331,0.13,-0.08,0.36
330,0.13,-0.08,0.37
329,0.14,-0.08,0.37
328,0.14,-0.07,0.37
327,0.14,-0.07,0.37
326,0.15,-0.06,0.38
325,0.15,-0.06,0.38
324,0.16,-0.06,0.38
323,0.16,-0.06,0.39
322,0.17,-0.05,0.39
321,0.17,-0.05,0.4
320,0.18,-0.04,0.4
319,0.18,-0.03,0.4
318,0.19,-0.02,0.41
317,0.2,-0.01,0.42
316,0.21,0.01,0.43
315,0.22,0.01,0.44
314,0.23,0.02,0.45
313,0.24,0.02,0.45
312,0.25,0.03,0.46
311,0.26,0.03,0.46
310,0.26,0.03,0.47
309,0.27,0.03,0.47
308,0.27,0.03,0.48
307,0.28,0.03,0.48
306,0.28,0.03,0.48
305,0.28,0.03,0.48
304,0.28,0.02,0.48
303,0.27,0.02,0.47
302,0.27,0.01,0.47
301,0.26,0.01,0.46
300,0.25,0,0.45
299,0.24,-0.01,0.43
298,0.23,-0.02,0.42
297,0.22,-0.02,0.41
296,0.21,-0.03,0.4
295,0.2,-0.04,0.4
294,0.19,-0.04,0.39
293,0.18,-0.05,0.39
292,0.18,-0.05,0.39
291,0.18,-0.05,0.39
290,0.18,-0.05,0.39
289,0.19,-0.04,0.4
288,0.19,-0.04,0.4
287,0.2,-0.04,0.41
286,0.2,-0.03,0.41
285,0.21,-0.02,0.41
284,0.21,-0.02,0.41
283,0.22,-0.02,0.41
282,0.22,-0.03,0.41
281,0.22,-0.04,0.4
280,0.22,-0.05,0.39
279,0.21,-0.06,0.38
278,0.2,-0.07,0.37
277,0.19,-0.09,0.37
276,0.18,-0.1,0.37
275,0.17,-0.12,0.37
274,0.16,-0.12,0.37
273,0.15,-0.13,0.38
272,0.14,-0.13,0.38
271,0.13,-0.13,0.39
270,0.13,-0.13,0.39
269,0.13,-0.12,0.4
268,0.12,-0.11,0.4
267,0.13,-0.11,0.4
266,0.13,-0.1,0.4
265,0.13,-0.1,0.39
264,0.13,-0.1,0.39
263,0.13,-0.09,0.38
262,0.13,-0.09,0.38
261,0.13,-0.09,0.37
260,0.14,-0.08,0.37
259,0.14,-0.08,0.37
258,0.15,-0.07,0.38
257,0.17,-0.06,0.39
256,0.18,-0.05,0.4
255,0.19,-0.03,0.41
254,0.21,-0.01,0.43
253,0.22,0.01,0.45
252,0.24,0.03,0.47
251,0.25,0.05,0.49
250,0.27,0.06,0.5
249,0.28,0.08,0.52
248,0.29,0.09,0.53
247,0.3,0.1,0.54
246,0.31,0.1,0.54
245,0.31,0.11,0.54
244,0.31,0.11,0.53
243,0.3,0.1,0.53
242,0.29,0.09,0.52
241,0.28,0.08,0.51
240,0.27,0.07,0.5
239,0.25,0.06,0.49
238,0.24,0.05,0.48
237,0.22,0.03,0.47
236,0.21,0.01,0.46
235,0.2,0,0.45
234,0.18,-0.02,0.44
233,0.17,-0.03,0.44
232,0.17,-0.04,0.44
231,0.16,-0.04,0.43
230,0.16,-0.05,0.43
229,0.16,-0.05,0.43
228,0.16,-0.05,0.43
227,0.15,-0.05,0.43
226,0.15,-0.04,0.43
225,0.15,-0.04,0.43
224,0.15,-0.05,0.43
223,0.15,-0.05,0.43
222,0.14,-0.05,0.43
221,0.14,-0.06,0.43
220,0.14,-0.06,0.43
219,0.14,-0.06,0.43
218,0.14,-0.06,0.43
217,0.14,-0.06,0.42
216,0.14,-0.06,0.42
215,0.15,-0.05,0.42
214,0.16,-0.04,0.43
213,0.16,-0.04,0.43
212,0.17,-0.03,0.43
211,0.17,-0.02,0.44
210,0.18,-0.02,0.44
209,0.18,-0.02,0.44
208,0.18,-0.02,0.43
207,0.18,-0.02,0.43
206,0.17,-0.02,0.42
205,0.16,-0.03,0.41
204,0.15,-0.03,0.4
203,0.15,-0.04,0.39
202,0.14,-0.04,0.38
201,0.14,-0.04,0.38
200,0.14,-0.04,0.38
199,0.15,-0.04,0.38
198,0.15,-0.03,0.38
197,0.16,-0.03,0.38
196,0.17,-0.03,0.38
195,0.17,-0.03,0.38
194,0.17,-0.03,0.38
193,0.16,-0.04,0.38
192,0.15,-0.05,0.38
191,0.14,-0.05,0.37
190,0.13,-0.07,0.37
189,0.12,-0.08,0.36
188,0.11,-0.09,0.36
187,0.1,-0.1,0.35
186,0.09,-0.11,0.35
185,0.08,-0.12,0.35
184,0.07,-0.13,0.34
183,0.06,-0.14,0.34
182,0.05,-0.15,0.34
181,0.05,-0.15,0.34
180,0.05,-0.15,0.34
179,0.05,-0.15,0.34
178,0.06,-0.15,0.35
177,0.07,-0.14,0.36
176,0.07,-0.14,0.36
175,0.08,-0.13,0.37
174,0.09,-0.12,0.38
173,0.09,-0.11,0.39
172,0.1,-0.1,0.39
171,0.1,-0.09,0.39
170,0.11,-0.09,0.4
169,0.11,-0.08,0.4
168,0.11,-0.08,0.4
167,0.12,-0.07,0.41
166,0.13,-0.06,0.42
165,0.14,-0.05,0.43
164,0.15,-0.04,0.45
163,0.16,-0.03,0.47
162,0.18,-0.03,0.49
161,0.19,-0.02,0.51
160,0.2,-0.01,0.53
159,0.21,-0.01,0.54
158,0.21,-0.01,0.54
157,0.21,-0.01,0.55
156,0.21,-0.02,0.54
155,0.21,-0.02,0.54
154,0.2,-0.03,0.53
153,0.2,-0.03,0.52
152,0.19,-0.04,0.51
151,0.19,-0.05,0.5
150,0.18,-0.05,0.5
149,0.18,-0.06,0.49
148,0.18,-0.06,0.48
147,0.18,-0.05,0.48
146,0.18,-0.05,0.48
145,0.18,-0.05,0.47
144,0.18,-0.05,0.47
143,0.18,-0.05,0.47
142,0.18,-0.05,0.48
141,0.18,-0.05,0.48
140,0.18,-0.05,0.48
139,0.18,-0.05,0.48
138,0.17,-0.06,0.47
137,0.17,-0.06,0.47
136,0.16,-0.07,0.46
135,0.15,-0.07,0.46
134,0.14,-0.08,0.45
133,0.13,-0.08,0.45
132,0.13,-0.09,0.44
131,0.12,-0.09,0.44
130,0.12,-0.09,0.43
129,0.12,-0.09,0.43
128,0.12,-0.09,0.43
127,0.12,-0.09,0.43
126,0.13,-0.09,0.43
125,0.13,-0.09,0.43
124,0.14,-0.08,0.43
123,0.14,-0.08,0.44
122,0.14,-0.08,0.44
121,0.15,-0.07,0.44
120,0.15,-0.06,0.44
119,0.15,-0.06,0.45
118,0.15,-0.06,0.45
117,0.15,-0.06,0.45
116,0.15,-0.06,0.45
115,0.15,-0.06,0.45
114,0.15,-0.07,0.45
113,0.14,-0.07,0.45
112,0.14,-0.07,0.46
111,0.14,-0.07,0.45
110,0.14,-0.08,0.45
109,0.13,-0.08,0.45
108,0.13,-0.08,0.45
107,0.13,-0.09,0.45
106,0.13,-0.09,0.45
105,0.12,-0.1,0.45
104,0.12,-0.11,0.44
103,0.12,-0.12,0.43
102,0.11,-0.12,0.43
101,0.11,-0.13,0.42
100,0.1,-0.13,0.41
99,0.09,-0.13,0.4
98,0.09,-0.13,0.38
97,0.08,-0.13,0.38
96,0.09,-0.12,0.38
95,0.09,-0.11,0.38
94,0.11,-0.1,0.38
93,0.12,-0.08,0.39
92,0.14,-0.06,0.41
91,0.16,-0.04,0.42
90,0.17,-0.02,0.43
89,0.18,-0.01,0.44
88,0.19,0,0.44
87,0.19,0,0.44
86,0.19,0,0.44
85,0.19,0,0.44
84,0.19,0,0.44
83,0.19,0,0.44
82,0.19,0,0.44
81,0.19,0,0.45
80,0.19,0,0.45
79,0.2,0,0.46
78,0.2,0.01,0.47
77,0.2,0.01,0.47
76,0.2,0.01,0.48
75,0.21,0,0.49
74,0.21,0,0.49
73,0.21,0,0.5
72,0.21,-0.01,0.51
71,0.21,-0.01,0.52
70,0.21,-0.02,0.52
69,0.21,-0.03,0.53
68,0.21,-0.03,0.54
67,0.21,-0.04,0.55
66,0.2,-0.03,0.56
65,0.2,-0.03,0.57
64,0.19,-0.03,0.59
63,0.18,-0.03,0.59
62,0.18,-0.04,0.6
61,0.17,-0.05,0.6
60,0.16,-0.06,0.59
59,0.16,-0.06,0.58
58,0.15,-0.07,0.56
57,0.15,-0.08,0.54
56,0.15,-0.09,0.52
55,0.14,-0.09,0.49
54,0.14,-0.1,0.47
53,0.13,-0.1,0.45
52,0.13,-0.11,0.43
51,0.12,-0.11,0.42
50,0.11,-0.11,0.4
49,0.11,-0.12,0.39
48,0.12,-0.12,0.39
47,0.13,-0.12,0.39
46,0.14,-0.12,0.4
45,0.15,-0.12,0.4
44,0.16,-0.12,0.42
43,0.18,-0.12,0.43
42,0.19,-0.11,0.44
41,0.19,-0.11,0.46
40,0.2,-0.11,0.47
39,0.2,-0.1,0.48
38,0.2,-0.1,0.48
37,0.2,-0.09,0.48
36,0.2,-0.09,0.48
35,0.2,-0.08,0.47
34,0.19,-0.08,0.47
33,0.18,-0.07,0.45
32,0.17,-0.07,0.44
31,0.17,-0.08,0.43
30,0.16,-0.08,0.42
29,0.16,-0.08,0.41
28,0.15,-0.09,0.4
27,0.15,-0.09,0.4
26,0.14,-0.09,0.39
25,0.14,-0.1,0.39
24,0.13,-0.1,0.39
23,0.12,-0.11,0.38
22,0.11,-0.11,0.37
21,0.11,-0.11,0.37
20,0.1,-0.11,0.37
19,0.1,-0.11,0.36
18,0.1,-0.11,0.36
17,0.1,-0.11,0.37
16,0.1,-0.11,0.37
15,0.1,-0.12,0.38
14,0.1,-0.11,0.38
13,0.1,-0.11,0.38
12,0.1,-0.11,0.38
11,0.1,-0.11,0.38
10,0.1,-0.11,0.38
9,0.1,-0.11,0.38
8,0.1,-0.11,0.38
7,0.09,-0.11,0.38
6,0.09,-0.12,0.37
5,0.08,-0.13,0.37
