GID_0,NAME_0,1891,1892,1893,1894,1895,1896,1897,1898,1899,1900,1901,1902,1903,1904,1905,1906,1907,1908,1909,1910,1911,1912,1913,1914,1915,1916,1917,1918,1919,1920,1921,1922,1923,1924,1925,1926,1927,1928,1929,1930,1931,1932,1933,1934,1935,1936,1937,1938,1939,1940,1941,1942,1943,1944,1945,1946,1947,1948,1949,1950,1951,1952,1953,1954,1955,1956,1957,1958,1959,1960,1961,1962,1963,1964,1965,1966,1967,1968,1969,1970,1971,1972,1973,1974,1975,1976,1977,1978,1979,1980,1981,1982,1983,1984,1985,1986,1987,1988,1989,1990,1991,1992,1993,1994,1995,1996,1997,1998,1999,2000,2001,2002,2003,2004,2005,2006,2007,2008,2009,2010,2011,2012,2013,2014,2015,2016,2017,2018,2019
BEL,Belgium,726.5427948,637.0835802,707.8725512,868.1381129,748.1450247,694.8251834,739.3323945,612.1134309,692.2595152,778.7761627,693.5063808,726.5383553,874.0810885,659.0175841,856.7186516,846.5248796,676.4629779,715.1120181,857.781313,996.2347139,717.4993026,907.8778062,829.870618,895.6435315,935.3535543,985.8554219,835.3496145,864.9475092,887.7611062,731.4652684,445.4892872,897.3487976,920.8954852,883.3511418,1048.586382,876.8948243,873.9315914,861.5313633,685.4920635,999.0476061,881.2269758,834.1852312,654.9428373,723.123525,907.0560021,848.2783069,940.3452302,781.4590156,1001.641721,885.8411411,819.2972935,826.2291817,795.0243017,927.2594932,824.5400421,898.9093462,757.0540811,937.238214,668.2686929,979.2068912,973.2951443,1020.351901,616.9079476,860.1943562,733.4925795,860.2691563,898.8098995,961.1528157,609.6005918,1009.871002,1001.189925,848.3554118,744.2134497,780.9650028,1118.911416,1143.368968,793.3281183,820.1976282,800.9662234,875.5314074,665.2269423,753.7209532,735.4029298,1034.872022,739.0247264,556.7905674,889.9049523,774.2068847,923.2866836,928.1699377,1067.31216,946.554855,876.0575089,995.4422863,787.9341008,939.6724069,952.1027091,1017.110564,748.9399098,796.9670524,748.0694871,901.6999247,924.5484052,908.9234711,887.0212955,690.2104559,792.1016026,1034.282241,988.7589131,1004.351692,1077.547375,1054.169003,703.4543923,861.0226097,781.0323259,892.4662183,967.0762599,906.3339725,840.8404521,854.2539068,751.7729996,939.5235152,821.2677352,872.5892576,801.7177838,865.98848,742.235569,633.8122291,737.1151288
BRA,Brazil,1737.935393,1746.876371,1735.358174,1750.73427,1747.068834,1746.83964,1741.056372,1730.826164,1745.842814,1729.010406,1729.392494,1731.338985,1714.821302,1728.502566,1734.914712,1735.810116,1736.366365,1724.627026,1721.695266,1734.431698,1719.697473,1750.941881,1736.937713,1688.969798,1605.600516,1765.811037,1802.396075,1735.497085,1657.032317,1761.171224,1785.867927,1765.067374,1734.802889,1878.853559,1709.312718,1811.392015,1726.158741,1705.072619,1788.43507,1664.757407,1685.420816,1642.369919,1748.237786,1787.174978,1773.132906,1640.52448,1742.507761,1683.934507,1733.626529,1766.924201,1652.263441,1693.837618,1703.603699,1685.382609,1819.146324,1668.869561,1850.890345,1732.901211,1775.63317,1762.304217,1580.81438,1685.268259,1720.251271,1635.281937,1744.099539,1813.112826,1717.423054,1635.47343,1683.807146,1750.121847,1672.32641,1737.935699,1563.434179,1806.937619,1752.966178,1703.723285,1695.383121,1703.367909,1627.3732,1655.894712,1720.379897,1766.88281,1868.109872,1902.993727,1785.970215,1729.854467,1805.528856,1797.865354,1760.95111,1736.565692,1613.620229,1753.162166,1661.189376,1780.588047,1949.053594,1808.041819,1619.897029,1819.428007,1948.117149,1626.225625,1670.601011,1684.425996,1652.478566,1781.132862,1706.658007,1731.725896,1672.778844,1609.499931,1696.365887,1844.134424,1706.662263,1691.056173,1649.572849,1766.341959,1711.310083,1721.712301,1597.136601,1775.680498,1873.645604,1618.181629,1808.036618,1602.397841,1774.823369,1725.159724,1518.623204,1590.738205,1651.291411,1733.25392,1667.936408
CAN,Canada,454.2910831,452.3148378,454.3068205,447.8925976,448.0067072,450.0130042,449.3177581,448.2253087,454.0316025,464.5602093,457.3135539,458.0977415,453.4813799,452.1483864,443.1268385,449.9046557,449.526508,444.7289165,452.2640432,446.0803124,442.7146378,436.0831744,448.3672539,428.8161142,433.1128314,441.9557924,444.8378866,444.7901099,442.7058436,433.8788769,444.5708937,426.5954102,430.8208446,433.1512349,430.6828828,432.7693105,441.5185787,426.425527,421.9934344,432.6173057,436.8049048,477.6505765,463.8293115,445.8485319,457.7471465,458.7885259,452.7558962,438.4281399,471.4597123,430.0732682,456.8147465,449.2916809,430.8699657,436.3601963,445.8013875,430.2420363,451.4876395,435.9831061,446.627779,436.728546,439.569998,451.6534929,461.4615754,462.0280429,437.1989771,435.8846003,427.8208223,441.6866697,463.7722662,449.6080253,435.5456804,456.1813112,453.1779735,469.4414139,452.2991154,464.0653704,448.7000235,470.5075983,450.6776888,456.0738285,470.282562,445.9407879,471.2004889,470.6343936,461.3087485,462.4789852,467.0201647,445.1216983,462.2394061,472.3116646,456.8973271,463.209639,470.7776438,473.2266813,458.2288548,465.6835984,452.2606891,481.7913744,438.7611605,478.3500421,470.7780615,449.9146719,450.3695706,455.3707023,449.8775728,476.1782776,463.8355161,441.708229,484.0070937,450.0560129,452.4883665,455.1281831,464.174391,471.3655936,504.2733966,464.191338,475.2213929,468.537989,445.1269565,446.6734786,456.5880954,473.1239016,453.3416278,465.1999903,452.4352967,477.7805597,467.35526,434.8204094,444.0900736
DEU,Germany,735.9231695,618.7297242,648.4813975,766.467638,736.1012604,747.5154402,730.6892738,718.1466065,697.6528506,743.6751549,736.4276728,708.6415739,739.4637184,620.3981389,789.6447434,766.4476505,669.59364,650.3431669,754.3789106,813.8186032,540.0711051,816.3124233,723.4218305,802.3029431,759.9747831,811.7102631,673.1033114,726.2840882,706.4237898,658.0680428,561.8001722,862.2333112,767.0021925,764.3354796,767.5513577,863.2178988,847.3049405,736.7129802,574.7653336,821.6331699,816.4025763,719.3833735,635.8636125,602.6126685,786.127631,802.116556,772.758225,723.4206791,891.1840294,827.9046583,838.6865449,653.282002,606.3103971,831.1802111,754.0218528,752.9602995,669.6904567,737.1427214,641.4934092,809.2030193,739.6687883,804.6642587,580.0439283,855.5270167,763.6884204,819.9020005,766.6445923,851.4497528,532.7964903,828.2510419,843.9153646,680.3261316,641.110842,617.6842704,959.6036686,938.6324887,810.5762676,816.7407068,703.2923793,888.1941732,586.5985697,645.3913429,683.6842613,861.7409948,641.9681685,576.257956,804.1100787,781.9092524,804.6921496,818.5887178,969.3921902,685.1021728,767.6049617,806.0052013,715.4725687,842.297875,860.0381665,846.4376793,668.0667293,773.0440542,626.6111699,773.7436782,863.0975425,869.4906149,847.0266664,661.8037841,691.8291626,898.1588793,810.3952105,794.4281143,900.2495644,987.4331786,590.0384504,787.6710456,758.3812601,724.4977252,939.8616302,753.0322259,779.254407,846.8282697,717.6028423,760.4775367,774.861466,720.6528176,698.8439998,723.4153726,854.4817824,572.3803621,717.7365797
ESP,Spain,629.6378642,706.7339197,604.4217354,590.1404833,861.0596229,546.5357024,628.6498592,576.1864563,566.8888795,683.9549519,698.8938067,711.9677371,602.4624401,631.1165044,580.3413921,652.1691876,640.7128169,638.2850147,628.2326936,688.728147,666.6031521,552.0417134,651.5355841,648.7797549,749.8925057,689.5708517,610.5460099,614.5324992,780.1280251,619.4256693,553.9725306,626.1876891,638.1934187,604.1173961,653.9833182,688.9273759,680.8410854,636.4155058,616.833867,725.6881754,588.9507913,745.9074856,658.9547296,592.4998827,621.1339598,874.5038431,832.1499996,495.2856383,689.3554568,691.560011,816.4943332,672.4054199,637.5068888,505.9592732,491.9558504,659.0391628,768.2301961,606.8632731,548.864181,529.0306489,819.4308806,667.7431126,523.7972614,505.4892455,755.8515391,647.4806353,591.2906156,677.4212782,836.6018995,921.6356208,699.1990343,717.4150497,884.1903389,584.9751205,690.8363541,743.8371471,578.7491756,635.8060571,868.4106642,573.5145044,745.77022,806.6118129,556.2586047,599.1181243,632.594038,728.4167923,785.1289722,711.4589968,818.0420622,562.3994264,564.4363728,624.3168901,561.3055738,699.0142976,592.8302315,587.3717612,733.6874965,645.1305679,765.4460671,537.282097,576.4176253,607.6919061,596.8698558,535.9160651,585.4755513,862.9458928,805.0045361,519.7799969,601.8742822,683.7622797,639.2746997,690.7701644,731.8365165,588.9663294,456.358092,641.5678163,559.115338,700.0394946,646.9625612,833.3140498,554.1883358,549.179315,742.383493,695.540223,513.6526318,680.2522655,487.3097241,771.8669068,605.0363513
FRA,France,826.383551,803.4575406,686.045656,728.7941457,845.2005767,869.2068358,856.7634837,725.6605943,721.9911314,867.9720783,839.3315281,809.5445581,849.7311356,726.5866889,832.6775036,756.7666331,844.2768244,739.3536382,845.005807,1160.453124,782.1997742,886.5404925,905.8252248,923.5021307,967.20752,978.3242736,848.5262286,785.0428588,929.0514305,754.775577,531.9785523,958.3929679,947.519233,794.2071268,862.8847361,893.8569937,993.5095886,920.0041407,738.959045,1089.697168,933.323347,887.0641992,756.8714001,817.0678517,1019.283608,890.7378772,1006.498649,742.3509204,984.8791349,915.1528813,899.8017134,744.2243384,765.9381319,829.6607771,665.2010708,759.5907874,769.9391196,784.3383509,662.6500823,874.9494185,1030.862949,975.2859427,621.2704582,839.7242633,833.972001,782.7120401,792.1522733,1008.069645,866.8985884,1081.471738,824.2338086,794.8092903,914.1781068,738.3325824,1058.841293,1011.982509,782.1892174,941.6192595,891.8078441,872.7922653,797.03547,837.9148944,755.8950545,923.0841427,823.5667491,777.9660918,1016.119161,881.6176951,1032.465689,901.8504331,1045.042908,971.5529445,872.7212567,975.443309,735.9423027,940.6478258,911.0726423,966.1303223,691.904639,830.2444537,750.1988545,953.4704188,945.4852261,1046.83381,960.7532239,903.0784186,851.4981922,886.5801973,1069.819832,1046.29605,1004.92401,993.6584471,792.0073275,857.2956552,726.5365377,877.6601073,900.6216214,998.4779549,845.9702228,894.7210705,763.3807941,923.1860137,1030.306091,1014.23892,766.9891059,910.7929371,775.4555034,910.4585624,888.3518797
GBR,United Kingdom,1038.935399,955.4319514,914.422188,1067.018349,943.0358259,969.441836,997.4593943,973.8051633,980.7983472,1095.160713,915.2656409,870.5015677,1266.752845,934.6770569,913.3786606,1030.482908,1027.654692,966.5828165,1018.384648,1061.519904,982.2317899,1158.980866,958.2578036,1049.227161,1008.380205,1129.154259,983.8045346,1076.799002,981.9730352,1072.1666,855.365524,996.1601515,1140.107791,1118.312938,1015.905874,1050.919476,1146.80182,1177.50171,1012.338338,1111.191026,1057.83217,1047.090474,826.617513,1005.581321,1092.465805,1010.974226,981.9896877,1119.422639,1025.188805,1003.982677,913.0709672,981.3649307,1012.7864,1025.560524,964.7282805,1085.358638,949.4413392,1131.763945,998.0891599,1128.967599,1124.510331,961.8229335,915.4249673,1209.454485,858.5291549,993.6587524,1024.73281,1064.461284,929.7859401,1110.592779,1025.980207,978.5981709,946.1254658,876.5888294,1074.009709,1122.479936,1133.352997,1016.199963,952.5348421,1060.707102,893.183738,933.6341464,891.7964797,1105.936264,872.1873496,925.0599103,1035.336178,1001.478392,1100.972865,1086.036754,1104.786939,1122.245039,1020.062925,1024.419424,1034.721254,1130.479725,996.9683738,1079.241588,974.1985794,1117.997396,950.4852923,1129.049534,1061.894606,1122.795841,967.9954239,864.3209517,968.8428147,1186.188444,1166.564228,1251.889518,957.0470897,1171.334095,822.7539405,1101.545394,987.5097062,1069.322449,1089.399011,1183.859906,1097.795244,858.1196485,1049.405139,1201.129585,980.4782391,1173.343038,1159.600634,1020.256521,1028.406777,959.400817,1141.777642
IDN,Indonesia,2700.575484,2954.159799,2982.670654,3003.696385,3014.273753,2661.039177,2915.940447,2959.977534,2877.728991,3024.616133,2930.951053,2498.822164,2988.340345,2837.470288,2685.687483,3008.207672,2747.286446,2864.767434,2925.11633,3122.663913,2600.391463,2876.240687,2829.846873,2385.746789,2832.915159,2988.224276,3043.086557,2534.944111,2610.681847,2805.430447,2959.080941,2803.788765,2549.415373,2982.381081,2584.709575,2776.53575,2808.964245,2723.9492,2607.90728,2646.654651,3003.820273,2991.362465,3035.553405,2920.008015,2675.915552,2938.828398,2960.415546,2929.148557,2816.085402,2534.667471,2600.506812,2833.661194,2964.110863,2735.790206,2831.15921,2687.029356,2864.026958,2792.67401,2939.498776,3006.398882,2626.202424,2948.506231,2684.419977,3065.649566,3165.985601,2980.407985,2770.739079,2880.634322,2848.600507,2980.612665,2539.663649,2960.430353,2412.3555,2958.24103,2293.687403,2792.736806,2514.215486,2853.389449,2717.447072,2922.803872,2797.849122,2085.239253,3107.564373,2626.094225,2912.200449,2450.769794,2788.766488,2918.269314,2633.497087,2733.018979,2816.340984,2304.118178,2844.26021,3204.836799,2826.342286,2787.880566,2573.007568,3144.474226,2865.67828,2663.687789,2610.77381,2608.188758,2674.270903,2497.996714,3226.585243,2916.131881,1959.92046,3166.953232,3127.062343,3040.084071,3016.841851,2604.247084,2886.968969,2674.547046,2967.039988,2707.951743,3112.264925,3302.711516,2775.655671,3620.59088,2975.119107,3082.692719,3219.356669,2558.566552,2348.704794,3132.909747,3177.845614,2844.394553,2481.918045
IND,India,1102.237046,1337.661964,1370.670827,1373.586907,1109.152253,1048.652509,1207.112761,1194.046738,955.5863893,1169.477124,1061.65126,1091.660825,1216.05685,1068.780455,1010.473311,1179.087541,1080.06434,1134.883264,1189.199485,1248.439252,1099.863738,1134.491151,1122.17254,1212.023463,1174.168417,1321.853821,1449.835589,970.3820192,1253.257501,1003.02567,1178.728206,1171.317343,1108.928479,1206.718589,1156.431049,1203.389044,1193.921965,1137.805602,1152.999716,1150.662765,1259.232335,1165.698947,1335.156156,1193.030116,1100.434585,1283.4355,1186.252526,1237.806062,1081.768545,1165.993163,1035.521367,1249.700349,1242.251807,1277.025885,1196.706081,1294.53875,1191.337616,1265.967573,1222.764301,1156.330739,1025.0209,1096.53151,1208.957019,1189.085629,1306.989268,1388.353537,1135.470416,1249.532353,1316.296421,1132.58179,1365.581465,1141.925747,1155.035193,1212.451283,951.1782468,1054.977825,1139.92665,1052.286664,1139.817854,1257.203615,1259.003119,992.4379345,1286.223718,1095.320512,1314.00874,1150.68888,1293.150974,1266.877581,1048.686999,1185.585415,1182.073092,1105.098734,1301.950796,1149.219582,1162.245656,1106.349658,1089.089621,1299.853718,1130.639532,1378.783195,1133.386453,1075.096657,1207.167337,1291.447256,1225.966615,1221.423353,1235.611931,1308.378966,1178.986432,1092.199225,1125.83315,977.3429387,1181.52675,1153.051546,1246.447518,1185.324463,1273.73752,1217.318583,1035.73564,1316.616037,1216.342622,1129.709903,1289.783607,1067.066679,1137.097051,1099.825762,1107.842645,1004.023689,1236.168772
IRL,Ireland,1139.214985,1168.742952,995.7097735,1207.212061,1155.432571,1121.972877,1331.633934,1173.804739,1213.654967,1334.030559,1138.734831,1076.12067,1430.11598,1163.030354,1037.910193,1114.115078,1173.882509,1158.528224,1072.491212,1262.850003,1129.194083,1237.47917,1228.056822,1241.273869,1198.969983,1357.91136,1151.552065,1280.243131,1053.828301,1290.8005,1036.200691,1098.781179,1308.286816,1419.721689,1163.976501,1142.517009,1265.027756,1440.357828,1240.964446,1359.883689,1249.249521,1126.194586,931.0837961,1201.618535,1140.875217,1197.124192,1183.424402,1335.848259,1132.156162,1185.181175,1044.886609,1169.145639,1207.746865,1184.296679,1133.97125,1330.77805,1329.511457,1324.435864,1127.818672,1309.96823,1274.783931,997.9481153,1020.857661,1389.410673,1054.290169,1170.516617,1183.604248,1339.393293,1157.191198,1422.401945,1171.018817,1120.175418,1125.484249,1179.758801,1300.356261,1326.776047,1211.883609,1205.048987,1003.257329,1185.825378,921.5648827,1150.700453,1100.724107,1266.739232,1002.446852,1077.526183,1259.619941,1175.346349,1272.830306,1301.183435,1242.441862,1352.919016,1195.479683,1159.783562,1240.869062,1378.59837,1072.998642,1317.646642,1166.733237,1288.971648,1151.735001,1224.552238,1252.33528,1382.053607,1207.382608,1177.066591,1214.356694,1383.609205,1315.200675,1329.364994,983.9216448,1433.155597,1007.313656,1156.1586,1116.821342,1268.965231,1147.09815,1380.112753,1463.664894,1005.113161,1226.859008,1264.510453,1146.238211,1358.174666,1453.222745,1131.082415,1210.68514,1176.834444,1318.079324
MEX,Mexico,753.9064002,746.2391604,766.0799504,747.3317407,764.5744832,737.7224742,747.8826974,759.5616337,762.2460146,776.1872974,746.0437147,721.1173605,712.10343,757.485327,765.1364976,784.6955872,713.0286246,697.1386863,715.7879536,687.8893613,761.7465897,719.0514675,762.0081603,755.3139714,757.5235999,771.0473808,657.5919872,726.0289935,803.4760312,701.2924856,708.1243059,728.4380473,772.2090359,697.9946014,817.5676644,819.3650518,806.1509267,714.8121796,726.7409391,799.5930459,849.3247354,735.4669799,802.6960114,722.8875713,851.9575521,831.0418453,758.1750511,767.6222353,729.6549363,656.6781635,853.7095092,728.3908106,752.1356482,778.126101,639.4213495,748.2207314,747.6369988,739.8828592,675.3729353,670.2160066,685.9066795,785.2133851,643.0939771,786.806857,855.1475941,677.612125,643.0539563,1008.788744,793.6637782,723.2284687,741.4701725,666.4195454,724.7327669,711.9456097,718.4868337,825.7965007,829.3172974,813.6752949,771.1310957,743.217019,761.0076282,788.6776966,835.7434191,747.8936884,725.8773175,844.2318033,659.2239112,844.8453951,702.1750863,731.3502988,899.0758983,660.4986329,783.5119002,871.1856157,747.8793668,751.0365384,686.2138975,777.7688496,691.5892706,797.8043435,778.2180044,850.2106272,791.0550276,649.9114653,730.6752539,717.7811086,768.3958781,724.2953525,737.8620462,731.880109,706.0628862,729.4416109,803.048852,837.7575415,755.6251857,777.1936227,790.9962298,822.7475313,667.9357427,867.9147977,670.5555985,710.7991359,897.4167698,833.9423522,827.7612312,822.6067502,826.1479895,822.3238855,716.8117862
NGA,Nigeria,1133.27109,1156.187497,1169.429319,1155.773283,1158.558194,1156.039959,1137.259684,1169.449193,1161.757914,1158.265249,1256.489571,1148.11143,1227.343281,1190.745718,1302.910947,1274.185455,1020.374934,1218.441748,1383.610742,1098.621095,1264.807645,1034.954679,1017.515596,998.6990883,1201.128255,1277.040126,1228.087511,1231.644014,1057.228643,1244.54688,1227.153123,1110.225873,1182.758642,1319.367599,1213.964689,1119.674268,1306.145988,1271.488339,1240.752536,1272.716185,1238.552227,1113.217182,1247.563593,1228.42459,1230.167687,1217.871435,1088.140468,1152.470929,1314.276508,1187.728763,1185.604159,1115.153647,1192.07677,1062.199483,1120.548044,1147.151538,1187.549382,1187.028188,1152.256947,1083.430948,1206.953343,1216.311307,1189.199684,1367.975987,1289.215331,1062.426552,1375.294694,1073.637494,1216.252437,1264.427072,1102.368555,1309.438044,1291.143186,1197.269085,1175.185858,1203.54259,1139.133298,1232.034931,1245.313999,1095.135305,1089.921766,1052.667932,973.8624123,1165.808109,1168.935844,1154.785069,1010.691427,1263.135559,1159.099461,1191.755641,1107.700249,1045.376609,874.4854719,1038.326038,1077.460907,1056.533641,981.2895619,1148.96524,1107.75073,1095.042207,1222.067417,1094.608825,1120.544132,1207.255505,1200.771133,1200.135893,1174.059759,1159.976444,1305.969001,1126.854303,1123.638018,1166.102448,1154.197653,1104.318742,1122.325705,1205.796148,1199.412913,1181.129751,1251.027184,1241.01115,1093.02519,1273.834613,950.6735542,1117.599106,921.202061,1201.234634,1038.557903,1159.066942,1246.064268
NLD,Netherlands,725.5021404,721.2503757,710.9112526,862.134271,742.7810883,689.8775893,737.280975,719.8169487,673.2307033,777.9885867,714.0458404,669.8149875,929.2610093,599.466486,765.5763453,769.4446005,623.0477999,626.7967644,795.0821233,786.7725336,615.1990953,861.3869321,695.063019,802.2909961,839.8734172,798.8150319,744.1773451,779.1494887,726.2694571,625.715357,452.0160431,679.4715214,794.8673423,726.2535089,847.7503506,765.7931229,836.1127777,764.3004403,590.6627562,864.1945386,742.5009853,765.8929938,558.853475,666.4288252,802.4051919,797.8481772,773.0987846,715.9609856,824.1368346,823.351219,731.365174,727.5787218,639.618094,813.5273246,762.742621,789.3966514,669.0132073,719.134824,659.2381997,913.0100543,829.2079929,825.5977614,592.2311542,855.7410968,674.5305785,793.5927532,867.9651725,811.0922591,530.2252457,948.755229,960.5350114,738.3189884,716.38598,703.797375,996.4306023,1044.424008,822.691807,855.7801695,727.1217083,831.7276657,593.6516247,707.1437491,751.1291881,881.9540259,692.0945608,535.3370209,787.963583,695.8127355,859.0340488,801.7506502,898.8185294,713.1638994,855.1191464,896.5215061,811.7442246,813.8800505,874.5030078,941.6971015,661.0793974,807.1293996,664.2479215,839.9469157,966.2451448,975.9215149,777.1279992,632.7155952,688.8486713,1111.522892,889.0460142,953.347609,1007.078091,942.1422012,676.4017247,915.1281354,828.2996873,805.6760882,972.7355521,866.9882157,794.233817,860.0279015,831.6667001,927.6880583,791.2615093,841.4450634,942.5316398,844.7234776,944.4301775,659.1623833,854.6843577
SAU,Saudi Arabia,90.13361854,89.65117597,89.86900283,89.95051923,89.09635769,89.67415584,90.55201768,89.36214676,88.85770076,89.1631425,88.75806181,89.53276463,88.63076237,89.90700086,89.88117677,89.50545191,89.20936055,89.49390905,89.32217591,89.39521063,91.28362698,89.3178251,89.21156364,89.10849867,88.61532812,89.06760572,88.94463829,89.63852237,89.62375338,89.74949727,89.39253853,89.12426889,88.89708439,89.58288854,88.55795157,89.00321609,89.51247112,88.95056877,88.66166381,88.7102667,88.84439886,87.8707685,88.14066248,88.44577684,89.54135608,89.49107013,89.71168094,90.23992915,89.87237687,89.07272185,90.47424291,93.30677957,88.7855044,83.42012896,89.4335008,88.99035722,88.53955908,89.01562722,89.38892616,87.94717651,87.19019696,84.02159446,107.4720696,84.65896974,95.54064355,84.63633193,97.46985904,84.58992094,88.86642095,74.72590756,93.41449018,68.48717548,89.1687535,95.65059824,80.60807797,76.47134131,117.8481449,91.89256605,123.8827502,56.92852509,77.38342396,127.1793593,47.83875189,111.4985042,103.9078429,133.0254753,91.9225385,77.40698115,104.6138533,84.06104424,103.3390813,183.8629622,88.87555491,80.08958784,106.2106304,109.5060676,71.93872253,82.51344811,120.5165007,54.70427092,69.33310989,100.7405712,121.7214066,67.91978857,136.616792,110.2697822,140.6348936,91.29371668,53.01380986,56.4309785,57.2489274,67.09225595,77.69700869,72.30595388,92.88597389,70.16490743,47.36248527,51.35924054,62.17637447,62.80837371,69.21414119,56.96070547,87.18226109,55.93874149,74.8312001,88.92360521,63.19752269,124.0555339,76.96043499
SWE,Sweden,538.222955,533.0902534,593.8157634,584.2370701,573.6605982,586.9800275,567.8948624,635.8414355,560.0783166,556.6616299,436.2571466,535.0691385,606.3180268,524.7188439,536.3768226,536.0197259,592.5797041,475.6218792,629.7665833,569.5669323,528.2629879,643.7185186,525.1549705,487.393196,535.6928861,614.1160771,525.5964677,537.8158203,564.5666206,592.0397801,643.6087717,550.0213263,621.563679,632.7105852,594.9531143,586.7296058,678.7439901,619.3215478,635.9921303,588.2187337,612.491856,602.5506684,472.846417,657.5420233,710.8192606,580.1948537,575.9599088,649.0907759,546.223212,580.943786,503.91059,549.4765179,595.2323211,683.3258146,642.108846,611.844507,472.103884,586.6961408,633.4419515,645.6129042,565.222853,612.6873922,640.9668543,666.0563404,527.8056718,511.4721442,650.3961733,575.1747822,525.4040531,666.5526358,666.68493,598.1298797,565.186565,581.7590806,615.3967798,671.4998438,698.0857867,553.4513535,519.5973148,602.4041427,573.0224317,573.1596037,590.1282804,677.4671745,553.1563322,481.6090147,667.6507438,574.6753938,672.3851605,591.4494756,684.2744605,585.1816682,654.9205705,654.0645426,719.2369082,634.6049945,686.9201162,666.0787231,601.9251802,678.9846433,611.4196939,678.2629228,689.3264639,562.1045146,627.1649497,564.7859611,582.8079977,778.3939973,674.0930684,825.5896215,715.3550643,577.9331445,584.4290515,650.377871,644.3053932,687.3520008,647.4559548,682.286417,645.9244912,634.6084316,735.7632966,741.050344,591.0376885,624.3268837,715.1980353,603.6119354,662.5303733,512.5804141,651.9279119
TWN,Taiwan,2228.251723,2228.385433,2226.315116,2227.434369,2226.196604,2215.044508,2326.386145,2962.766738,2095.899996,2300.351843,2075.107996,1868.636537,2678.439418,2255.711296,2333.803138,2103.260322,1664.789506,1963.453141,1971.77629,1913.758917,2319.902463,2424.848827,2222.375828,2047.965691,2180.163471,1891.969516,2388.471882,2261.844408,1946.759529,2632.526172,2078.977263,2481.973555,1423.393696,2501.509689,2031.929286,2001.706608,2517.716203,2375.982963,2096.398158,2111.23711,2615.542947,2315.088039,1793.132379,2080.543002,2668.60344,1802.751865,2346.975228,2473.998677,3032.268868,2407.940601,2451.485066,1942.040041,2090.187027,2465.111034,2637.747064,1824.074864,3428.150017,2190.775513,2235.854163,2529.971385,2695.980804,2089.872736,2858.465205,1683.513845,2073.498818,2671.703675,2059.478087,2065.595786,2554.155347,2393.722457,1967.910382,2027.818827,1714.352785,1850.404328,1883.135191,2487.615757,1985.441481,2527.433411,2325.121003,2256.708098,1913.972329,2709.381106,2286.702563,2835.813484,2486.748465,2100.564621,2620.329015,2230.355459,2034.146793,1400.722542,2533.010483,1974.458865,2183.997264,2142.163388,2465.424433,2257.725217,2037.076875,2377.901079,2106.706249,2846.249209,1887.321131,2360.910307,1548.183265,2374.831856,1750.367088,2231.202307,2146.780085,3095.781334,2019.25316,2382.458091,2615.936564,1439.360771,1354.568868,2178.855055,3032.018852,2620.32002,2736.53361,2752.767593,2221.788077,2127.724542,2021.721156,2775.136102,2548.125149,1795.907603,2103.101758,2718.829981,2075.833769,1926.397884,2374.602474
USA,United States,695.4613769,691.0598443,652.7382338,633.2702754,641.0007403,680.5103136,668.8809865,680.2911127,653.668536,700.089136,645.3191039,695.600115,672.1553462,643.4043404,731.3949232,721.3481252,699.2107327,677.2247875,703.9394433,581.180305,673.3875919,706.2382687,682.5941709,657.3898058,739.6961768,678.9272709,594.7143365,670.3918205,707.8974866,697.770938,657.8300134,683.8341434,717.9350791,638.4329668,639.986902,703.5302284,721.0158178,702.4216476,709.1981285,617.9668235,648.2997811,701.1102394,623.2363556,608.6543981,688.5759421,637.8784781,695.7001208,703.3437759,632.6254996,683.8977986,724.9447878,710.4477015,645.085638,711.7343322,747.9161384,704.190499,677.0956153,700.170036,693.7206148,682.2894336,715.812333,622.1346237,647.8422916,616.993875,653.800292,604.6933316,733.5213513,681.5698269,691.4140315,668.1112203,723.0830426,655.5901634,625.4400602,681.0248848,697.6771941,623.4580422,686.6547909,666.1420092,667.8066884,679.6253879,688.456017,699.69069,760.7577746,683.312303,728.1718091,612.9772563,696.038181,675.6514078,734.9687013,654.0310397,693.726093,761.6245942,750.2308817,698.9069799,698.9910244,715.1308276,675.8956017,611.5373848,673.6389149,736.9100894,731.1696474,713.7391853,750.3107157,708.6162776,712.9893755,732.8778618,711.3076036,744.6111477,654.9111122,658.2922703,663.5294178,683.9573313,696.0783599,739.6864798,699.150424,685.9025856,662.6730639,699.3236605,716.8497739,695.2439217,679.3853432,616.2015093,694.9361333,666.4993456,745.3446347,695.2140918,706.8643059,748.1158927,753.3643041
ZAF,South Africa,601.0886559,502.6083947,585.414205,538.0379036,489.2019274,445.9339844,385.604973,477.8975298,465.6991351,463.0539407,582.0459232,427.5841158,351.3412764,444.5247982,448.8999583,482.7801829,552.08055,389.727098,607.6293802,472.1471902,500.747316,398.3338823,447.8994054,476.0317228,460.5279841,383.0505501,595.5312411,562.9713411,346.2168056,502.3673591,594.6305845,386.923984,477.0962182,475.3405475,591.3911585,365.115008,374.0679477,420.4728654,535.3272224,391.5655517,452.2412028,408.5035824,385.4628339,562.5355793,378.225297,506.7628861,444.7214836,468.5673746,575.7304959,494.5130394,412.4088115,542.5858124,607.4217867,453.4221261,352.7128546,441.4098195,450.8272886,459.4582629,407.8144889,542.2068576,398.616275,435.8348749,498.0543719,460.0131895,568.8671074,525.7511542,526.8485161,479.7573585,454.737629,460.6379091,505.4806288,430.3312508,521.5432779,416.1064279,349.9973603,370.7701115,552.1795729,387.5269653,436.2562217,383.7143646,498.3158626,454.2875124,480.1886071,656.2748533,566.6449254,678.7364473,544.9966924,475.882749,412.7553099,426.0272089,526.2523342,371.3070612,412.0105684,402.2731107,498.3599641,421.7822525,480.8313164,593.1164278,507.535229,395.2773653,517.5946568,310.5477485,454.5376219,377.7429269,504.4750425,596.1252791,501.414627,470.1801247,402.0357847,627.5309751,551.2719321,428.8342399,323.7297729,465.4640919,398.121562,622.4956127,435.9088815,445.8354078,504.6508435,481.270632,522.626221,461.6870734,447.9569337,449.3130979,331.0378416,410.4007233,438.8840063,388.843409,372.3855435
