CC_1,ENGTYPE_1,GID_0,GID_1,HASC_1,NAME_0,NAME_1,NL_NAME_1,TYPE_1,VARNAME_1,1901,1902,1903,1904,1905,1906,1907,1908,1909,1910,1911,1912,1913,1914,1915,1916,1917,1918,1919,1920,1921,1922,1923,1924,1925,1926,1927,1928,1929,1930,1931,1932,1933,1934,1935,1936,1937,1938,1939,1940,1941,1942,1943,1944,1945,1946,1947,1948,1949,1950,1951,1952,1953,1954,1955,1956,1957,1958,1959,1960,1961,1962,1963,1964,1965,1966,1967,1968,1969,1970,1971,1972,1973,1974,1975,1976,1977,1978,1979,1980,1981,1982,1983,1984,1985,1986,1987,1988,1989,1990,1991,1992,1993,1994,1995,1996,1997,1998,1999,2000,2001,2002,2003,2004,2005,2006,2007,2008,2009,2010,2011,2012,2013,2014,2015,2016,2017,2018,2019
,State,IND,IND.2_1,IN.AP,India,Andhra Pradesh,,State,,894.379446314476,908.0381395247076,887.3482173231953,839.9703641622273,800.3786604154901,784.9734465579554,785.2036356651032,802.7358103307133,835.0337302438497,852.7440565487328,836.8932918578612,813.2033615971129,827.0350551738179,896.0451278716001,985.7026156286307,1032.4752324296953,1004.7360326085588,930.7302750709393,858.8254888510187,813.0616559177237,793.4008993849483,796.0991462977601,818.911298365284,848.3097221782008,861.063637837847,851.8426606123816,840.7697217528938,847.0714496790033,870.3993412513936,892.65323299415,892.6428396141312,866.6843083183513,832.7564299810974,814.7813529584065,823.6896236598752,849.0208766747396,873.708188274545,891.1748667610013,895.7642476012641,878.7632171286821,852.9121548337135,849.3774840410886,872.8703374323561,895.2717450337476,899.7456105696776,894.1641955271325,886.439371678607,873.7959478139809,849.6103807640536,816.913218520258,796.8802275814296,811.1839229992881,859.3762334206672,920.622633961481,966.2457824790209,975.7284976488141,953.274049145975,920.3539235428129,894.6453105924087,885.2654108541946,890.2000691507096,891.3881807621813,872.7373111563171,841.8395857163989,817.0352641588023,804.0169177337633,802.987098797973,818.4347200795033,841.2836851991095,848.0850921230596,833.4508624654422,819.8096325174887,831.4254619399264,869.7727830866158,912.2669223785256,935.3364740199473,932.5774510397189,907.5682940309764,868.6244132890948,833.1795795963275,817.2807696702907,817.9107598092705,817.0175942923438,808.1727983143155,808.9049470014662,835.5800542640967,880.318958483033,924.584956585708,955.7422268255755,961.0532383248386,933.246116368106,895.841275151532,895.2340679363615,948.2627574088763,1014.607214800691,1037.4741043991366,1001.1160012734721,937.347270752955,886.1524154057016,859.4151525482522,843.6038327324577,836.168261166724,859.1166912858743,921.6010039769745,992.4749593890388,1029.4914425182064,1023.2489732002965,1000.9257879007372,986.4170657490753,970.1896651664588,936.3070431149255,895.5385104561004,865.1540079841182,844.5925362562908,826.5095952190874,808.3804850467571,792.5071448461962,784.2155855526962,786.5764339343567
,State,IND,IND.3_1,IN.AR,India,Arunachal Pradesh,,State,Agence de la Frontière du Nord-Est(French-obsolete)|North East Frontier Agency,2687.0060156446707,2711.5539123754643,2703.068048250773,2660.1517847772047,2613.1811785720215,2599.7768730677803,2632.2330913497185,2707.805768560031,2822.4377116802193,2951.327176264632,3038.432392079699,3033.305713744192,2940.3695751924365,2822.7103261398247,2750.438795291628,2747.3348926065437,2782.367138928643,2803.8332228054933,2793.093306927353,2768.6857358665898,2730.10480760402,2665.7983833547596,2608.444974328811,2598.5648462727722,2636.5104745690924,2715.465998072317,2822.4438789089463,2911.022332635363,2952.8879362777598,2970.596889551499,2972.165453155545,2937.270428372687,2884.7667677195177,2855.7198693889945,2847.52656727271,2846.861278082715,2859.439092969104,2853.9793218699488,2782.9499795881425,2676.5096973332234,2611.96225076058,2605.946286789469,2611.413739408658,2603.1596593811105,2628.8079912217895,2758.0677672685642,2966.398348193064,3109.1486437730673,3072.2742110872646,2913.4161017094334,2788.114421322632,2777.442742096641,2840.651255823258,2894.7479698908514,2902.378395266627,2891.674179095722,2890.9031591787802,2868.6468665464176,2788.464690600393,2693.0959809044775,2661.2265694256644,2704.5518011396744,2766.091853405409,2788.0755197668473,2747.3809014499993,2667.8392974946173,2618.641805889894,2657.1478737867988,2756.3733930490507,2830.857713372419,2852.7602592157205,2881.881124457682,2941.304428131806,2953.2576965505173,2866.865891987865,2745.8669948259203,2670.080260888233,2652.4968055141585,2668.4601302285496,2686.110792147274,2693.3566673981745,2723.8332333927638,2801.95076537937,2879.4572595293034,2899.660479696604,2886.2217192970325,2893.8550179308722,2922.510631477581,2934.0864680649747,2898.6732988471135,2815.1635279348075,2726.938506950788,2687.3878528181076,2702.2106357393764,2744.180154408829,2798.977931151371,2854.6607532362136,2874.799776010489,2832.09219837195,2755.482135599597,2703.0265250376674,2700.8078721332568,2726.955079824691,2742.3599113044165,2734.421376339258,2721.815378746429,2716.458442165935,2715.870122647677,2722.959265454109,2732.237394814545,2718.991042159017,2673.3682761392834,2624.270627822736,2610.486837052592,2636.5510012540885,2668.0710396055615,2671.001236499543,2644.495566001449,2608.6855669754095
,State,IND,IND.4_1,IN.AS,India,Assam,,State,,2459.02983769509,2487.877691327708,2501.3259390207127,2494.183216374174,2461.381323249969,2404.4224000004124,2345.0449296659754,2326.7294717465265,2381.8304206098996,2484.96606757646,2561.5243363076515,2564.4971576699013,2522.326317627879,2491.7139558372387,2489.8613267996507,2496.422246129096,2493.5650994589473,2481.692236922666,2473.891447349044,2473.5296212442877,2460.838824597855,2430.57070874957,2412.377046209026,2424.5508946756518,2456.426867643218,2501.1957600720534,2555.2122776362626,2597.3271221360105,2606.5426167120318,2586.707654555762,2555.8043685851244,2530.0450039878997,2521.063205443569,2518.816867012159,2492.154861593903,2436.261809129214,2384.2441559336685,2357.7677615365487,2353.447209740317,2371.515550130009,2411.9753110440815,2456.259521669413,2483.2795505430445,2493.9494137419038,2510.8842055136274,2556.899036702678,2622.163174830887,2655.927696994175,2621.6543615285636,2552.1132869767234,2509.5344780551195,2510.0934474777505,2527.4768421965136,2539.544200873825,2538.356503901071,2525.868283378697,2512.8073033141627,2495.971769481049,2451.3486603307488,2376.679984967646,2316.878250223575,2321.5589554482062,2386.8108684941844,2452.6651804417443,2461.6781023919457,2414.2267115658237,2361.5212307858183,2349.650895143315,2374.721522283038,2401.0078696908577,2424.992181634583,2481.196583660179,2560.971936245806,2596.592914271627,2564.3530572430464,2511.9196590964525,2466.214438292235,2417.998496708122,2378.4053467524272,2367.394289913731,2389.3477691225617,2445.650956791991,2516.873151866216,2556.1807882457733,2555.389222443879,2572.8374181300783,2643.426099875769,2712.6637611093633,2708.1027734602903,2628.513278379462,2534.0109496408613,2479.225175292593,2462.1191377860587,2438.2551963571295,2389.82885263605,2354.4584604320894,2371.3379859354936,2418.375334552406,2427.3670944208247,2369.001350054037,2300.371868083344,2300.8616374161143,2364.845074164153,2401.9215068608587,2364.650266294051,2306.7672351999477,2283.311905079762,2287.2059295250183,2299.7915621378443,2307.5505326481702,2279.9199167897746,2204.3060953156687,2125.4269497554965,2104.507528353072,2146.757529838899,2200.0955432599453,2223.5963204716345,2223.579942817648,2223.050138057645
,State,IND,IND.5_1,IN.BR,India,Bihar,,State,,1061.6804244076407,1096.0416723406431,1151.1935676426997,1217.5266899420103,1248.2622718706268,1208.3533671521652,1141.3183790140642,1132.9747838440405,1204.3439868926193,1289.9853893738318,1328.8440591116516,1323.2676794058034,1306.7213204765703,1305.468008417235,1327.2893693050178,1354.2580181583842,1357.2260674024003,1327.9299862192854,1288.8543736541246,1269.3849779002364,1271.8817789396958,1274.0789788653271,1264.1560449184788,1244.1229996828786,1213.965499059792,1186.2829237009864,1184.9654997562877,1204.1565506753418,1205.7747746186803,1174.3976117712755,1143.6800879364728,1153.3142894688297,1203.0792973935636,1266.8272450530492,1326.9797632721652,1371.9557468495386,1382.8417836830604,1347.5919696945327,1283.107860935317,1228.5371736401303,1207.4253759737753,1208.4158118246567,1213.6220425043134,1221.7889523059812,1233.4533550676758,1244.2803120252263,1256.972780712947,1266.8114935162969,1249.1024079955948,1202.410625612019,1171.8879754791233,1186.4630703824216,1220.955063857447,1246.1896410955321,1255.2566131867002,1240.843051247684,1207.2869791569817,1183.9768886138447,1188.3563023029865,1206.4346389108262,1220.5911305561,1222.6718185331729,1198.3663038148961,1133.3710080538335,1048.7494388931075,1002.4535153506827,1031.756332233406,1111.9577847511794,1186.6675534211984,1217.5418129554068,1203.7889481558013,1177.256295254541,1168.4617602660487,1173.7065845382785,1178.511642521687,1187.2696845603214,1201.2967358845715,1206.8106053873253,1197.8616278780996,1177.0472535515478,1152.22077001328,1158.100635488443,1232.228481716368,1351.4656452206927,1447.0489233911371,1477.5807868965708,1444.1537028944904,1366.1064452863277,1271.955037958817,1187.2119291358924,1127.426015286393,1104.6205126570833,1118.8878429429647,1155.1717070251627,1204.3811378037342,1267.856855422522,1335.9374043996029,1382.4270039505464,1387.4690523355616,1356.1492010681918,1308.743968310811,1259.267632114388,1209.9485774481268,1168.8338638957002,1161.8280847761052,1196.0593040171418,1220.484149815354,1181.5436356619002,1105.798614874107,1058.378715460735,1048.0439361960596,1040.3201072043832,1023.2218593788932,1006.9809471398028,992.5748401087462,970.8041995643487,941.5715692058599,919.2807948220327,915.7977923497778
,State,IND,IND.7_1,IN.CT,India,Chhattisgarh,,State,,1242.9870357975733,1265.973503564665,1305.2990788925974,1344.2473187981914,1371.078027827121,1390.2083872434787,1404.8620519358756,1412.5333672612542,1415.4479563812938,1411.3721095464798,1391.1809454154022,1364.78238266155,1362.8942258565792,1399.5757992480953,1459.018832063425,1516.8760032555813,1549.6458040215282,1536.1439314579065,1475.9235528442036,1401.5722331993688,1353.1053597773257,1345.1656112928329,1375.0174657966024,1435.3951929170798,1495.8181534760827,1513.2393913926926,1484.4144217734256,1448.6009886420022,1433.0560581507364,1435.071033074927,1450.2443353610463,1476.8997247419536,1502.7880692056442,1522.7481338977116,1549.4986417001053,1579.6568914727197,1582.0303336336237,1536.9169066506342,1459.1149464325335,1390.767811692577,1383.24717581162,1450.9812556078612,1543.5767854091698,1597.2970122969955,1597.7469416744639,1569.5338799297901,1531.5823241150586,1485.6578428099874,1434.3161865983936,1390.2530705970457,1363.1537248278546,1348.5859268469703,1342.903846391044,1354.2603282686503,1380.7795632891896,1403.6022349794239,1418.9356138380235,1444.9749349522972,1486.4222596201535,1515.6313350644898,1498.4314015700065,1432.9962895106569,1346.1100430041215,1261.706183063968,1204.711351509305,1199.862604777615,1236.789605900629,1285.4325795129605,1339.162739258006,1392.9283158415162,1417.7083434213048,1398.256589175441,1362.3498528687815,1349.757139657215,1368.1840909495356,1390.3691996944576,1388.8924557925686,1366.3636569624973,1347.964838552945,1346.4066389069121,1351.5611779055653,1356.817114952995,1367.2669153468103,1379.4622701424826,1375.3570582122636,1343.6828233665617,1307.6930221579257,1311.3223147522547,1354.5192657480948,1378.6339440240924,1355.2918648341945,1337.8940383327097,1370.9303939704616,1410.993476932299,1402.1864460274962,1363.4819427551608,1339.5978128619056,1329.2318133963145,1310.5410300904255,1287.3788768811808,1282.0009707773083,1308.0174059100966,1354.74419103647,1392.5258732564,1400.6010796077358,1382.3405595204179,1352.2875692726757,1329.024457482537,1336.8397673249776,1387.1590009220663,1456.9522824270355,1502.6680573172896,1499.6720559421208,1461.4414743392335,1415.6854896223751,1375.9707699203188,1349.704195448523,1347.2188610142741,1369.0523356584613
,State,IND,IND.10_1,IN.GA,India,Goa,,State,Gôa,3103.0179044900738,3052.634750380897,2922.3631882418467,2735.7539542830614,2607.728431948014,2637.0123174995324,2764.332559329394,2834.986985166552,2790.244420149814,2722.013521177833,2740.4111203474777,2852.9681115981703,2986.8828129707917,3078.6344688316535,3105.8979914607794,3053.393462721784,2911.311697642512,2727.6486457047863,2602.0999075599407,2604.550224156085,2723.5290631152184,2875.5521941717757,2961.4252491208904,2947.010249697463,2887.005689395022,2864.024305911147,2914.169578101102,3007.7852441792256,3103.114100281675,3198.8583531908675,3295.207250028707,3331.52610866468,3231.693183483299,3019.077873138542,2826.916103759016,2756.045715546646,2777.8982167470663,2813.2057292223353,2830.8402804372427,2849.4705558820683,2899.6548099797424,2976.5958244207354,3035.086268893512,3057.141868539166,3066.506144602212,3071.444208952213,3066.9055321567976,3065.389291730811,3073.1509055207157,3081.714671846804,3109.46349611902,3194.3216132890966,3321.5215277331754,3416.567989882123,3433.898663929638,3410.3462672437618,3414.486989105182,3474.0675649393565,3575.6148218919657,3680.8410445990157,3703.5611214547066,3571.7107320058553,3343.757113777136,3151.857093709018,3052.507554215221,3019.0812467289425,3026.3073063357697,3076.197938017914,3141.500668554412,3140.3168444429452,3056.1713002933375,3024.7047846396636,3158.8064287506077,3358.399753927996,3438.6229792177774,3360.5470110153433,3217.479810032338,3102.984586112662,3087.2373774267035,3204.2480370926587,3381.862312783152,3467.1671588103477,3366.411199860641,3130.5621151697433,2911.2020777824755,2841.9110195640524,2928.7789842345637,3054.792111174618,3111.739598259117,3096.9783320347597,3074.550733965286,3098.7443444536157,3183.760555041385,3302.5774501907845,3407.6830780472123,3472.538483281143,3505.7326713613397,3506.089510127217,3426.3672870055616,3234.2669768779283,2999.7749554646184,2853.287913432778,2864.759545339835,3011.3675752985873,3217.025360511713,3386.4021431942565,3464.0557833949656,3480.495168206809,3483.8679377794642,3453.4613962392605,3356.725286686288,3232.177569390855,3132.007671143854,3051.8242434299123,2972.643687009434,2919.0589207737157,2949.10436825704,3090.9187314047904,3312.5549049081847
,State,IND,IND.11_1,IN.GJ,India,Gujarat,,State,Goudjerate|Gujerat|Gujerate,509.94427246922515,536.5715491130704,543.9905199467835,549.6296941931807,584.6603837835962,649.3347953270679,708.7628432304114,731.8058263225415,711.2526825932879,673.7695565007447,670.5980389081564,714.1379225536821,748.3302513218603,734.0704337880412,709.8623184170632,710.1915576899908,704.0401622133212,672.1875112194144,652.2612600530163,660.2597948249451,654.842742166483,611.5197071567399,570.8445491984264,592.6205493105682,684.63866826802,781.5721136535427,804.9276471454489,750.8818250196726,689.1388179789958,674.639972058133,702.1132284320064,735.2690627119858,740.2587118572847,708.4870638471945,667.2915049800852,644.4309982389371,628.0662997956947,598.7497863827376,578.0513257360532,599.448936760379,659.3687003051442,734.2553621116143,809.0861971658823,861.0252290885242,854.2411779359304,780.0253805559795,682.8585055317592,621.9178824599051,608.3858330663451,610.5195441230678,621.0305342882625,664.2650697490014,733.8588503135454,787.5612106089909,803.0465963209904,798.2796790234768,804.8978000819327,825.9190910557744,823.6112149906405,774.3911832379988,708.319055109958,663.2013073237176,638.805020024398,618.1774749085089,601.3345738265884,597.3011465216033,605.8740640602024,629.432343740486,669.4546880441011,696.7143172669732,678.2964073009424,633.7943043014295,617.0722471525918,658.3633314927637,740.3597347993868,813.3962219046875,843.092326881197,840.3862908563044,829.4180754451636,814.7137840264725,795.8148145580748,775.5338007370384,739.2138500808004,664.9936337445341,571.4093605539231,520.7679965282811,551.2067012956819,624.8701742923918,669.9503761486303,663.6192407312153,646.4183314585874,661.421176267936,703.5773841073085,736.800800054789,749.0106441698452,757.1068646413623,755.2477906403028,714.1022949559112,641.5357151761777,589.7502785101169,599.796268141222,671.8316262836448,777.0328676825802,880.9918404727667,959.273775120596,993.6980814739794,979.4372698568238,948.2573195497215,937.3932127779007,930.216572305616,889.3531669821049,826.3176442429593,773.3372230952825,734.1889061053491,709.2849927272778,711.8548331810108,741.1455206468701,782.6854369567927,828.5643461541529
,State,IND,IND.12_1,IN.HR,India,Haryana,,State,,431.7502486352187,443.94823816354705,456.78995350274727,468.9775329232558,487.9452516356976,525.6684723310442,581.6174889623555,633.3688060062126,650.1601991277839,624.0813421476688,581.8681923278302,555.532104049079,552.8346123326319,568.1108364909734,599.2684913321234,628.487488142279,617.5778202081126,558.8180699531939,495.6927180814253,471.2375987303384,491.603991769809,538.0428097170784,583.3091442634967,604.7748609189188,595.178840662972,558.5696976648987,506.12325849746867,461.17987752117807,449.38057550378477,476.54569197094577,528.3517366695838,583.2436622051401,616.6824299635117,613.9561072426479,581.736731056638,531.5419870417562,469.81138068855773,415.7420609436803,401.6436743830301,441.946740501776,511.21559674159136,563.0979607456421,576.9637627322578,570.6999748391081,563.9424069111146,560.1466902344102,560.9975155377048,563.3944082524581,553.3893800708121,527.8448251569966,507.6856119907044,514.937469400118,549.7032074080918,596.3649294937503,637.3754904569,658.3969685317488,655.4141513878297,640.0844784828017,628.2669686415595,621.9888534947938,613.3230238845102,602.1875494662063,591.9650495760646,579.2171918782722,566.2030329858941,560.6309815172273,556.8542886698392,547.6274372430869,543.3304090221192,550.9961673978404,556.0748521341624,547.6605471075851,543.1535116486973,569.5077735734196,625.4711651615388,673.4919771908475,672.5497864851549,619.8493796866712,557.6839928495933,532.5223177498711,551.6280254836588,584.8279644458222,596.731942303099,572.3952806106915,526.3237948193856,493.99986426608206,499.87242098527474,526.9623732130165,536.9925342277206,520.0384664623099,503.42334189188915,519.0265177891367,574.5737099283047,647.2796158006973,701.007412478275,711.9122064239205,675.5166275468553,602.8898587677274,525.0417634536578,481.68855604477676,488.53254015022407,525.5694414447008,556.8579840633907,559.966062179321,547.391819704059,551.9832128754728,584.0644338977098,622.120710013143,645.5651404409446,650.0737432855481,636.9070419589909,609.1865947525667,573.2317027326684,539.031102616971,518.4272794572324,514.869576975249,520.6940517113776,527.8611192983343,533.2813580809488
,State,IND,IND.14_1,IN.JK,India,Jammu and Kashmir,,State,,564.7232077049276,581.6274997569341,606.3253484897415,631.1133527288563,648.3183703778338,658.3406739645544,667.1500492170577,677.2972958215363,683.9982635144692,679.72572695324,665.2725732308899,654.213629766904,654.6366017872708,654.4032231018565,643.6485927810287,631.861742114736,625.5224535109893,617.6924961424241,606.3548437519208,598.7728409353878,601.3693945106262,614.470291923448,628.5720367163545,629.5939442501387,616.6581152146164,606.8479084415225,614.9842611570158,634.4715158146033,644.7544048091111,636.0830980952152,619.014920978712,606.6091847295004,599.8972622230784,597.7204829026151,602.6227600461177,610.2242704312487,610.5644801161278,601.4500544044656,592.594673941974,599.8097145733533,627.957816010667,655.602842756445,653.6528156681588,621.7465927612318,589.9714821720761,585.1230457225582,606.7845223792829,634.5262754360722,647.3540211000777,636.8486197255365,614.8479069706547,606.8840262980196,627.7678373941457,672.8335980717985,731.9693693197902,788.0755097432011,809.2957526384112,774.0462137772146,700.1761484110318,629.4102738291276,587.5271782566018,571.9303584518628,571.7512431081361,582.4917561023724,598.0454642461581,604.8909594792938,592.7882877525491,562.9997025400125,528.715824683046,515.8546286106947,544.5795489924417,599.801842098072,646.8029494563225,672.0873719021089,679.2002083345445,667.7974552829137,642.5030168925995,617.4012325911218,606.8945535248355,624.7018557696356,669.2744631505046,706.6240540589033,703.1581443136774,673.4993012946236,663.0032286112722,691.1713507729298,735.9727814039064,764.254256287437,765.3205928217753,756.7846465719235,760.1216710993695,781.5229673000485,819.3366482120522,867.4599468054633,901.7744382067493,885.2648662978858,802.3514767551268,681.0688861980827,574.1152729335039,520.8549599021733,526.1603494037073,564.2724919538457,600.6504924993378,618.8029351627436,622.7894038962827,616.3122070120137,600.601729127557,587.4439715018227,588.0278304491051,596.642742192151,607.1183844191904,631.3792400642005,675.7039859375585,711.7643767954854,705.160903375517,666.5770756472514,639.409283291093,643.4545272390162,666.3024298164215
,State,IND,IND.15_1,IN.JH,India,Jharkhand,,State,Vananchal,1231.8257949003068,1240.5927910717617,1271.7084957218303,1316.9494107532182,1353.2103735038177,1366.5970187309572,1363.4991168811882,1357.8606539989041,1356.175463032736,1353.5469896537384,1346.3512367445655,1335.9653478839693,1318.068440070209,1299.040553706341,1310.221093896407,1362.8404457535225,1419.9315626688535,1446.0743440297142,1441.240096259284,1420.7548368121206,1403.1307008648182,1401.4551046326826,1408.5386539114484,1409.107036588976,1399.7862051346244,1389.4816453837539,1393.2230279847502,1414.458955259515,1427.2976422753047,1404.387822106421,1359.0826718520807,1325.0203368826242,1312.2573390360546,1319.7864510086022,1353.1878489801295,1396.2600138185755,1414.1645665336744,1402.7051604492335,1392.7627991138595,1410.2453770481231,1451.4617794490653,1484.239939757266,1478.7176915994048,1443.2215881176037,1409.127826702095,1390.825031141693,1384.9245032862955,1383.4957949166587,1371.2663592843032,1342.5707442813898,1316.244484443343,1299.8156291454593,1274.1904342625778,1242.6662481434628,1235.1546046963438,1252.2130288542462,1272.2895264325946,1297.5102536643012,1332.4608403192806,1352.0552622170105,1333.223458022472,1286.8009941142236,1232.4929127161263,1173.5596464740363,1121.7315633409362,1109.6566811502748,1148.606321637441,1214.8362779942063,1290.4820569343744,1366.0451545915391,1412.4964973595686,1407.8879182184087,1372.7820185127457,1347.0709010936878,1355.0947659159804,1388.9231513910606,1404.0672496256352,1362.549598765898,1286.5554017560958,1228.418845402506,1209.5271679964508,1226.4957753156352,1270.881524457674,1318.6824161679397,1344.79813487607,1348.5082306519473,1345.500038281038,1353.0932330866003,1373.4311609599122,1377.0835886098646,1343.1200310575161,1311.7434273113377,1335.9677489492617,1401.5713982753864,1458.934345253995,1500.042244291986,1540.999758184753,1559.6578471587213,1512.9022525831747,1406.2220070200533,1298.3478062420213,1234.5297779569498,1211.9460028924086,1216.8156412609928,1252.21851902334,1304.0329246816138,1321.6523311153571,1278.2776357987066,1224.3509757573604,1230.4163550105934,1290.3063358649063,1331.581542816104,1314.604873326548,1274.1288227673272,1261.3909244223894,1280.4331667689405,1299.0157700868785,1300.8691184056022,1295.6143818686814
,State,IND,IND.16_1,IN.KA,India,Karnataka,,State,Maisur|Mysore,1190.9865214426263,1195.084206899626,1167.6570374312826,1115.9330975312764,1079.957215800582,1084.1957782542509,1108.2611458455074,1126.9303017014738,1135.010446991618,1133.2297895150416,1125.13991546016,1121.5669499363187,1134.739627127272,1170.0013776779406,1211.3368295462883,1219.769669985638,1174.25415852609,1104.672563656481,1057.1917066994722,1046.397788840794,1061.4560031424085,1090.8595105187292,1121.3350894645694,1133.9996926673782,1121.939019238129,1103.170678045327,1100.436557501704,1115.7756424398492,1141.1784594799626,1180.7326188848067,1234.234659057452,1268.37355024093,1244.04158786494,1172.9226468132447,1107.6850183438237,1079.7139483267301,1082.4555821459637,1099.900863698283,1117.081448907525,1122.373565949084,1122.0078166306719,1129.4209880480528,1139.1300164356294,1143.1789645662673,1154.0701686966324,1177.2197096488078,1192.7427299946935,1185.6508784206337,1161.9097748373827,1135.2585721930982,1123.4266981017315,1141.2407923297346,1182.078389922853,1224.4592464474476,1255.4190076077375,1272.6035315791958,1278.3934561267338,1281.7507446291768,1294.134620430874,1316.2128132309028,1326.8665550675507,1297.629338830394,1226.4320265255665,1142.9783743670507,1081.9360564819615,1061.2914048037933,1077.1121016970303,1109.2266054249842,1131.3282979936616,1125.9590365615002,1104.6467009623498,1103.458251624185,1139.671160197085,1185.0522492684358,1205.4851996473967,1209.8719488584397,1224.8254319344528,1245.201627056179,1250.5317786037633,1239.9208190072184,1220.8902747956956,1192.1603251150782,1150.4478392507758,1103.4434486435166,1073.6978468020404,1079.3744495488668,1110.746384323443,1143.6292732742731,1171.6949489553967,1205.3131269500047,1243.4003916575386,1267.790048048658,1265.9509519107585,1244.9539548778964,1224.497264225657,1222.418575795427,1239.762782568304,1256.3654826774778,1245.3553659922864,1193.3934830848468,1114.5553068204886,1052.0089894820524,1050.9358000940097,1115.1270127288378,1201.9838697810653,1265.9829746153418,1294.36950153625,1299.1500954727455,1284.1986606752628,1237.5436386563526,1167.9154158408687,1114.8049508500703,1093.1241374381314,1069.593563203617,1019.4316341247888,964.4580805294034,938.7489450231487,948.6627986069992,979.2360860218416
,State,IND,IND.17_1,IN.KL,India,Kerala,,State,,3118.5760563947138,3076.281022969628,2979.425800890495,2852.5206292930716,2775.9899473667065,2795.183005400005,2853.8074052089432,2879.034162552362,2871.558079268705,2870.0392477348787,2882.459946098621,2890.2124780939116,2892.0053967228255,2901.622468852861,2905.36352801838,2877.674846594612,2845.5708840836705,2870.8238829225033,2958.548524699062,3056.43242412797,3152.656332864386,3278.7233745858334,3395.222277481817,3389.0475022538635,3225.273564262168,3009.9719871315465,2877.3192991085025,2876.8472035576947,2970.191428208591,3095.4890260273596,3205.3799837613165,3235.386729972724,3124.2997268984086,2925.639559131524,2782.046934473703,2746.9842765552153,2762.837015666225,2798.665975787345,2870.7114901877285,2966.733231878114,3043.6925003384576,3059.0920770980447,2998.881919459295,2925.898074675293,2933.3850738508536,3010.520146175468,3062.54024182842,3055.346497234984,3013.8049589648563,2930.8532787684176,2803.0222840905844,2698.3453557378875,2688.2162659866653,2752.3385925670837,2818.948076729893,2865.95792879851,2933.2230290889424,3056.027554111597,3214.3450033157474,3330.1629127142005,3311.8744268365654,3136.7485034260485,2884.7739302125788,2666.6940432630704,2552.0334719810503,2561.1576533635744,2653.643761254451,2741.3841951234617,2774.5529733851695,2776.0823199076895,2774.2235279804313,2777.04005975019,2801.663524869995,2847.679226567082,2884.655687178577,2912.291960325757,2952.9750163803105,2987.249190960786,2979.891241911523,2925.136555086267,2829.2521866340394,2714.7725369350096,2623.5945882170636,2565.5165169009115,2515.5973377566356,2477.2035971542873,2483.956968029408,2544.933203995105,2642.885319200868,2766.0388276774947,2896.682621274586,2998.4546419035223,3042.457341904745,3025.5285609122834,2977.131205330039,2948.082359322555,2946.875371680088,2920.1234477482035,2840.6893874870966,2752.44232292206,2704.2517171622335,2708.3127132140576,2765.1441487960305,2873.971906346038,3008.588585654637,3101.074146707789,3087.6321314469883,2988.486224453403,2881.3673215441436,2793.4417281212473,2710.8884883228293,2655.2669429736693,2635.343083076757,2593.2625847192344,2507.6385556844257,2464.331516310139,2532.217728882058,2663.2877546674213,2777.6163467426304
,State,IND,IND.19_1,IN.MP,India,Madhya Pradesh,,State,,974.0729182039736,967.1916864001291,954.0284350694169,939.2875724269945,936.2359457555145,949.4181952943954,969.8126996978013,988.2658127341712,997.3362032349454,989.7666565986814,969.336908475391,955.8852113107508,973.9393350361127,1035.5880295838365,1122.030190426998,1182.3261426525585,1177.5475842350882,1122.653296932582,1060.0091260778606,1019.687540490831,1019.9214756895406,1058.1069627602635,1100.5424824388035,1118.630316977154,1114.8760035008095,1096.6709053846466,1063.3562115290702,1029.957318278091,1025.6966109122202,1059.190971155273,1110.5281835284536,1157.1390022203816,1185.6014135214484,1189.5272340717593,1177.5480769248948,1166.2930849021172,1154.8209013817832,1127.646257682445,1085.360651529305,1056.6326331018824,1074.011227413612,1136.2642808156945,1205.1262897694248,1247.0058351798732,1261.0435163999725,1259.5845900453494,1240.3122897736907,1189.7295177293172,1108.8593999041657,1024.520869041756,970.4302390610646,964.9263037512948,1006.9071275969178,1073.5310829525781,1122.606655597776,1128.5165068657227,1114.7268320594667,1122.1810824657452,1156.8867238887415,1186.9271065625446,1175.1965733414795,1110.2662177248956,1012.9686174776451,919.8342628650098,870.7372878265664,890.4091138734851,962.6185231441764,1047.3059779612581,1117.5522577626964,1158.4352316947347,1162.444394435822,1142.8267604995401,1123.7598400553964,1117.7335338349344,1123.5196332654787,1129.7035592424024,1117.1199095189977,1079.0271146552382,1039.3247154868973,1030.050298960967,1052.6588196884588,1078.0113373296363,1080.5105493358196,1061.217112281964,1037.0854415290166,1016.5241310655495,998.8939476245656,990.4820598547802,995.3745448161226,1000.0602830044626,1000.9492834915133,1024.16505328876,1076.7533802002997,1119.446820934886,1126.2161976643172,1117.6712828650518,1111.6574603542329,1092.7468478469373,1045.6827306427638,988.154912252507,957.0593393725898,968.9116369828153,1006.1369094006818,1039.8914862782137,1049.0803410682934,1026.3501605718807,988.0312087829728,968.4819977315964,990.3875777769855,1048.3811218409392,1119.408644791723,1173.9849288872736,1185.906815937715,1151.2115763233917,1090.2047171306351,1029.5083737145374,998.1151261852464,1016.526408379342,1077.571712264741
,State,IND,IND.20_1,IN.MH,India,Maharashtra,,State,,1095.675208145196,1078.3937997784496,1045.2895027832058,1005.8560693485119,992.8647251920274,1024.165505453251,1078.4258472854785,1123.1527226991175,1137.7942371299923,1118.779433194667,1091.7238181371413,1099.8097574200024,1158.4134184588752,1238.3387234422366,1293.1067286450536,1284.6941082469216,1205.3138495435396,1094.506236923967,1012.4333671701019,989.749987237738,1011.2839872558532,1037.4603371155765,1043.1517014504652,1041.6474258185663,1060.2499280282511,1096.8354229334263,1121.608933484333,1126.4075629259808,1146.0295238617314,1207.932916502175,1285.7913544206635,1329.5159338236408,1318.2109800204132,1271.6958014864538,1231.9302688802575,1227.5795694663552,1241.9729985176964,1233.028897153265,1189.41439340884,1145.6243454984553,1140.3349455064115,1175.0344947466863,1217.5789027467524,1240.600200102862,1245.196539307756,1246.2868200053226,1249.0066841196965,1241.0644722482198,1204.2653644212994,1142.3018050607516,1094.3343358976801,1104.8653590002764,1178.6295717365758,1272.618101443646,1334.0888045990505,1347.8458558854302,1341.688708427043,1341.1939677915032,1341.1747371908036,1331.0616725543493,1312.432158113944,1281.6236709453583,1228.455709390639,1159.0296583007637,1099.7611641821313,1072.7577998931504,1079.0305486552134,1106.2814942837806,1131.380683419871,1126.0117417875877,1095.5221401367628,1088.6154122259022,1134.3179171510958,1202.4293763818644,1247.2296179116286,1257.2883617249408,1250.465245184316,1243.0026705767693,1237.0058620397817,1229.9847603044543,1222.0538556788965,1209.0970947922754,1179.7404957075123,1135.131736364545,1105.6423893114597,1125.580879834378,1192.9704030942767,1268.15772697461,1305.6684600115327,1286.7694798436867,1237.9179607723918,1208.6889623973966,1214.7599861947983,1228.058484958627,1232.418153312088,1244.415893296693,1268.3053390320908,1273.4343971434985,1232.9663741349448,1160.7541910726145,1098.087773293494,1080.7273467004113,1124.7879219656845,1218.3745926987735,1312.1874463474653,1348.303619308133,1321.436192475467,1285.1678123836127,1278.6678146964468,1282.9964825610164,1269.1559188398332,1242.1098089571392,1216.856613632027,1197.207770663644,1185.1297209686243,1179.8038461558504,1180.2071722279404,1194.190937690817,1227.3972131429784
,State,IND,IND.21_1,IN.MN,India,Manipur,,State,,2107.039840785421,2121.913189141731,2146.729923504617,2160.7469545283507,2135.203242681461,2076.815931218703,2027.242521247894,2018.3809821610673,2053.3033671287467,2111.075522395833,2158.0874708716337,2176.5576230328224,2179.9245528679703,2186.8154944252365,2199.221724634615,2212.452026004641,2213.985283269012,2183.589981103475,2131.008884830301,2096.2706872779377,2093.7232136762204,2108.6539153834256,2136.4976656936724,2178.3731503384442,2222.027167718037,2246.7097647168075,2234.252674908925,2181.587987675487,2108.147593680591,2049.620962530511,2042.5165073691608,2098.6052610524434,2186.742789263854,2257.25380368097,2294.173664959593,2323.3297030687004,2358.282444638944,2370.641810175732,2333.593044663345,2262.8906390916272,2197.803208425665,2169.9568126140844,2194.9628547571438,2265.470760709357,2350.7984726536756,2415.104531972423,2430.11026081256,2378.825584073448,2273.5094496157535,2165.599769777112,2107.2660717032113,2108.807962444384,2152.3014095159338,2215.2588444792127,2265.6185075486437,2278.5441143696853,2265.0580844083347,2247.2144540997474,2220.760725947551,2174.318227645256,2122.624202154,2100.9174477006586,2137.4301708306366,2222.0184711956576,2294.470971583439,2294.6767003312166,2235.091808395677,2185.086231554299,2175.967010698437,2172.0119570252755,2148.607255622398,2138.582806413904,2169.233033877316,2208.456454120403,2209.6291334429666,2164.5748996300013,2097.269448170919,2043.8011343683252,2032.9521565601178,2069.2562281123114,2141.998465437478,2229.358030887848,2292.964809900376,2307.3908554934737,2286.758061108999,2263.4862786806457,2262.65777281949,2297.0144851218015,2359.290865305243,2412.5825206809095,2411.222459124497,2348.5058857719514,2265.7226021465135,2204.6875777944056,2170.9274399232095,2147.4809622054527,2131.89340137757,2144.552974874243,2189.746287139623,2228.14698679821,2218.052009287279,2168.9492743986407,2120.0424041910733,2086.8948177618263,2064.5928190535315,2047.0600259797684,2017.4097343652852,1974.8948364519754,1964.7424866462788,2006.0733814149646,2033.3878993561655,1985.9689929082726,1902.9188866567727,1879.897786236115,1960.7687139896973,2084.3912993502636,2144.7552953544996,2105.4431632568226,2010.620735310017
,State,IND,IND.22_1,IN.ML,India,Meghalaya,,State,,3708.729495461482,3765.590152738466,3816.773782803119,3869.4753416025187,3876.504760520835,3759.902463988468,3562.4117740085144,3467.5009510106,3582.566263289423,3793.598151286589,3904.3355725182714,3857.7822841776883,3764.601321251748,3741.1627773403015,3781.96169384254,3812.3315547947645,3798.272107091938,3756.1863515025034,3715.993209645444,3691.144745091388,3651.703249200464,3574.821408711021,3508.9169747354576,3511.177037825082,3574.819569252317,3663.5075819364574,3747.686803165162,3804.2863670363727,3833.6818273663453,3853.845379362247,3863.483715483566,3858.4971920688618,3861.0753800651987,3871.8413166895516,3855.2372522917362,3814.69787535237,3786.668285951303,3761.0352698471097,3713.3323186610046,3670.6051351530677,3657.884216693587,3652.2904615239977,3647.1018097904507,3686.5772141213697,3804.577796456533,3970.4508735817485,4094.9106502807626,4096.009327099092,4006.815918173474,3970.1026283194165,4062.677868369429,4215.1233688201055,4342.080893262274,4422.58849980171,4428.643241602852,4305.077454010559,4068.4214145696574,3826.014479113663,3635.6869044026926,3460.481262760358,3330.54698689066,3377.1694054112195,3606.6501840563797,3819.1730837194987,3841.9690721779893,3707.501887173014,3575.7314669077355,3570.5178217183256,3672.307798930486,3762.2691103154366,3821.928297517512,3972.1880187334077,4205.20420241776,4297.382897297455,4137.410629942085,3883.411119331436,3698.315283478648,3586.1739282566327,3511.5785202211105,3487.588328818705,3552.7716690323773,3718.6397238824215,3905.795434214363,3990.34665023294,3992.2443382345123,4098.393245823865,4376.517047321279,4618.269938914305,4601.401828484715,4350.361106840746,4050.3434664384613,3850.430802345566,3787.677956079536,3802.1722907849658,3811.394799557444,3805.309151855705,3840.0911913180007,3912.0235045442664,3920.181136746151,3820.778624500245,3723.1133803078346,3746.920346401633,3845.1723711571467,3856.322817192665,3731.5455756116176,3593.3627698012674,3532.2909967995806,3513.396856661512,3502.6677006343575,3497.7941210148533,3458.8995561611323,3364.005734905436,3293.6414588047905,3343.843122922747,3474.1133182612903,3540.1766599345524,3476.3442937172917,3351.1420209286407,3251.2001040026867
,State,IND,IND.23_1,IN.MZ,India,Mizoram,,State,,2612.037910162637,2683.136282474928,2779.8838080446053,2862.964851610967,2879.2593103962877,2822.237854153435,2736.5680082057456,2661.667300888068,2611.7058564916874,2600.161437896373,2637.275053915305,2703.1500576868175,2757.146935416655,2776.263158188653,2765.854717380148,2733.5327487357144,2667.086361512711,2557.01877918048,2448.225733542153,2423.9661730619814,2505.6547699270805,2616.027826409201,2665.71762586925,2644.942151219108,2619.5206439995695,2644.671357317194,2703.973262509836,2741.598109709008,2724.10733883477,2664.3354041016037,2600.497851392673,2559.1549415783147,2551.2478671272415,2581.9218856627213,2638.682803526725,2696.036927170314,2739.123118453279,2777.1926592121577,2843.240880691335,2943.3129250405586,3005.924091526661,2967.7793568597203,2893.867587808559,2910.078283779618,3040.5159088933374,3181.570404425903,3211.310091359364,3103.3679777123853,2951.7686138500917,2873.9122034417846,2889.213237797049,2927.132889917247,2941.060409977559,2939.800255900463,2906.7826070399724,2801.7677150973605,2666.5429304413024,2608.1358844020206,2658.6147171460693,2752.937289332622,2830.09327607545,2872.675521857555,2874.9649771074705,2839.792358302236,2800.245781516991,2801.118532516059,2848.2519399414455,2895.9786652854727,2890.588626782172,2824.170555783052,2754.69960793574,2754.3778115009563,2821.9480340542095,2892.031918213695,2926.4650211239637,2922.230607229347,2869.7220403312717,2781.581346098038,2705.2628800688844,2673.197309611875,2696.612960829182,2773.232379007445,2851.886708924902,2868.753578276387,2845.2012683097923,2859.093035808139,2922.8774035498723,2980.378313367491,3003.4831411975115,3007.810497662145,3000.048362778541,2974.242077348252,2935.050070515162,2899.065667773233,2885.013945926252,2896.700936524158,2920.870191537632,2943.2530634383,2948.1697310706923,2921.7576078819757,2877.9879575412265,2851.8235502670223,2847.4150849877738,2831.5296855647366,2795.136535171054,2763.970940846275,2742.532476297421,2723.978240812601,2731.273263565262,2770.317690153276,2791.426723506048,2759.4507653916394,2716.3496542428065,2726.838466889208,2787.8821818589945,2831.449631802206,2806.1080627367724,2723.746213032882,2626.635147691203
,State,IND,IND.24_1,IN.NL,India,Nagaland,,State,,2259.5888835829464,2276.727128494708,2287.0217578554934,2280.5155428098406,2251.505986419765,2210.6780158129036,2186.9957731683066,2211.6339360251213,2290.1009353448217,2387.8929155132846,2455.3029331031103,2475.1317059615562,2472.9272857148467,2468.129315990297,2452.0122462283603,2440.903879047106,2478.3448810400437,2549.5935546251744,2584.980693569402,2556.1619476139053,2491.4495570661197,2426.417406887217,2384.0517433705195,2367.6556480482095,2361.882812739828,2353.931853619624,2346.8514465277217,2350.23841879497,2362.6495630752074,2371.3521709784304,2371.5704523900063,2373.600931772066,2387.3787181382886,2406.158283701318,2412.5697839173963,2401.7152356655133,2385.8957813176808,2381.8444549303726,2405.4076186145658,2463.4625690460202,2554.7590155090206,2690.298584489634,2867.510558711053,3011.0117999476165,3016.163563624587,2874.5821633317782,2690.737808075953,2559.1927798821616,2478.8679769010964,2410.0045642652335,2360.662656743577,2360.472584056384,2391.3071235649686,2407.171062353209,2392.6153102449593,2367.130545226615,2356.448916791656,2366.8611887835514,2379.420605480103,2376.528855251678,2365.608881976452,2367.093704284784,2389.8072239063054,2422.345294544536,2444.05406359256,2440.2096000233696,2409.977363251152,2373.320483276683,2359.0627117327663,2368.6651150051985,2381.386781315498,2398.5470415149807,2428.3929874987825,2446.3548335119226,2432.059429843398,2410.705146891182,2411.3019985569326,2418.2809867292003,2398.195322256291,2358.0307804363692,2342.232210757266,2368.589255562987,2403.8636590862898,2414.0088449740447,2409.892106094266,2430.7884694848735,2496.040942458605,2590.8005635987356,2691.2084157524823,2772.0092629227534,2801.498789289314,2762.5641043782034,2665.2489619638723,2531.996782872242,2393.0598404413763,2289.1214012478767,2251.8935561491744,2273.801790155683,2312.3356859768555,2342.6566836263937,2386.520638144544,2457.634706850122,2507.8202207468994,2482.9337105023637,2406.1938425640355,2339.721545489002,2296.854544962646,2264.729596065104,2261.0335905643515,2288.8079650623645,2293.4427485420583,2234.0261260084326,2149.3553418951856,2109.7689390588857,2138.732506637385,2201.5788827041342,2246.458381119961,2248.948509411066,2220.272349567938
,State,IND,IND.26_1,IN.OR,India,Odisha,,State,,1355.450767049244,1391.187355050181,1422.4074331876138,1433.8494988153054,1429.7687717406914,1432.8698584460683,1453.6347604067744,1481.7718386774716,1500.3613824871395,1498.355603641925,1482.7662032867477,1474.3774860890837,1481.4134734111599,1495.7471718504512,1515.5406946132618,1541.7130354061687,1560.0222120808983,1552.605006334559,1514.4212023116618,1453.3794058397652,1389.4520646360745,1350.4571386634818,1362.2770831419327,1427.583278693191,1505.5747332461146,1546.6631708721643,1547.5718227799362,1533.1884578806564,1511.871618678512,1490.4940402518405,1492.7367050022272,1520.9759530441092,1539.0981630884523,1530.1938403323975,1523.7183392741465,1533.9428248103588,1536.9878730777086,1526.4410931041655,1520.0707928101813,1518.4066589682654,1515.2480889463213,1521.8750708074667,1544.119550380853,1564.362963393406,1560.2559292559145,1524.9142416740679,1473.968022660106,1436.250679819557,1426.5279409359582,1434.1372318151607,1440.3776590384223,1435.5413680031766,1429.7537919196136,1445.5887784098609,1478.1820868463324,1491.4339173450471,1478.5598074194447,1477.9361082632595,1511.9554364183061,1553.9399900747628,1563.1967153372484,1527.7192430904474,1464.1931949417183,1394.8347678000728,1343.479788891851,1331.6358949197104,1358.0570558582922,1403.49442906168,1453.687210838838,1495.1793117139832,1506.309982455437,1474.371614197288,1413.5240952285155,1359.7972700340295,1344.3936747294765,1363.324321979503,1381.60583625477,1377.8296882021993,1367.7644239413964,1370.6470753376823,1381.933198908168,1398.7424337830287,1435.8645533943989,1490.9749473082811,1521.5111225891617,1493.1049976257132,1446.1067442200433,1463.6365224022297,1556.0998087707658,1636.393464853769,1641.4052201335126,1611.31464371152,1601.7163468793444,1588.7527979562813,1528.044876925662,1445.843430294554,1398.8716691706647,1392.4905246738927,1397.8951717623866,1406.7584231651804,1428.2345709894146,1462.925495381111,1499.1405109752648,1524.0927834126444,1536.079732724596,1540.2952379193282,1533.5077494048078,1511.1021020809724,1487.002540963809,1483.6450442878559,1502.136476595794,1518.398718863766,1509.0532946140845,1473.4315253647549,1431.7433879982034,1407.8925878923378,1412.196158088567,1435.920003884639,1463.7503942443202
,State,IND,IND.28_1,IN.PB,India,Punjab,,State,,505.3556780582227,508.590277063696,515.1648009253126,529.2126691559373,560.4096624444539,612.1694653687111,672.1861755459851,714.9370574337676,713.7986031826356,667.634644562259,613.5371336825214,591.3200201446218,601.5596318076929,622.0304033092049,648.6120657537946,678.5518103111499,677.5040764536787,620.8355907815478,541.779408092122,496.73220111138454,510.243470926717,563.4819371339878,614.2846873838355,632.5732108754133,618.0285934432336,583.735097473946,543.9081882852654,517.5818022669874,520.2523244327707,549.6174805974342,589.8179631582998,622.6792468840468,634.2754876994683,626.0716755995538,611.9785815296734,593.5060149906552,560.883238661561,523.9948448563548,513.1915387528115,543.6169318341096,594.45447200197,631.4149153511263,644.9341429412686,648.0915002787543,644.5030646273168,631.253199830333,622.1068684760338,634.348271386722,658.6238770115081,663.8677981066147,640.1033745723762,620.9953832748948,644.1652600326191,702.7276854960905,755.9632476015319,776.6784386982168,769.2224213526608,747.7836514488617,722.1471656821366,701.9386582739858,688.8337246392209,670.7428834493602,641.0223231598625,612.1460479526584,600.5046275306581,603.2965583570664,600.4320460513219,584.9264571829812,573.0977399310268,573.446114381964,572.4454430386068,562.8682883103014,563.8595108609774,601.3460840093315,671.4260606585077,731.5604763085357,739.6071486138709,697.239448521716,644.4142040018528,618.4483530567778,629.0811138867899,662.9371328630224,694.8256490520893,701.2254881493845,682.6442256862324,669.4241033724304,683.3811890576941,701.4732670016023,687.4963683990677,644.5881762508128,606.5247500265012,597.5389116286734,618.4220951705612,653.7125411539896,684.7257706468554,699.4431293798865,689.4235561094196,651.0774845340584,599.4476137149024,561.1874548804109,548.0657243219989,552.5571775587881,562.0617523762072,569.120654076052,578.7998350418447,602.4543934956764,634.8431204345682,653.3765241861743,649.7819882678676,639.2974845615785,634.8627564504819,637.2382650412827,641.7614771384,638.5000351021944,623.9794308971433,614.0720694516984,624.9468764633663,651.1472524406113,677.7159501944257
,State,IND,IND.29_1,IN.RJ,India,Rajasthan,,State,Greater Rajasthan|Rajputana,321.62561867026903,345.32912476336065,356.21882995229424,352.79366520529925,359.99711435096935,405.7770932556739,477.1737028438249,524.7087829013276,512.910514702562,457.1042681048432,404.14219161841515,381.6267508178563,384.12459581582596,409.1671439165264,466.94463273266916,534.0944420011275,552.1805237078729,505.73520122224386,444.4016677184136,411.64094039947736,409.71639465213434,425.91907381268993,446.1208681643175,459.34950372242713,466.8683771852247,470.55221381689813,462.867293954046,444.9872145251082,434.07547522137605,441.33897391666704,461.637610725636,483.89843319740334,494.8083088034822,482.38926134139376,449.6189677182228,411.2818393243493,376.05812908410417,349.52747687497623,344.99858830658115,371.6577105631828,421.64650922578136,477.95604854611094,524.5100618460292,547.0040238621683,537.1553474580016,501.371874403805,458.09892911574906,423.0309019587133,400.0057434135862,387.1147693997531,386.162598172354,400.33840335631305,428.0620060192296,463.16143185918696,493.33254193742846,504.42957333428274,496.5925886465705,484.3838634590555,477.39236988953536,471.8856081677723,458.8075456262906,435.2625612094617,408.5268725969812,388.3385979386755,380.23157442020766,382.59461271496264,386.58905431804124,389.87274063524137,401.35384357544126,421.42907687532676,440.38723953494247,459.02055836274087,486.95119949104435,525.8479137426822,564.4774736077339,582.9427269914222,565.4002050994767,515.7139302359703,459.3314190178567,427.4277254850513,431.9150737478527,451.90735821157324,453.0191975214331,423.05876839674795,380.5135070030532,351.4847801229754,350.25695569638935,374.8384049155966,408.2658586108218,431.3006565043558,441.5873021653523,453.05326598006013,475.17938882575254,502.07527262900965,519.9297554522639,514.948128204614,478.86628767572495,420.32895760042027,365.7752270862326,335.8366086327326,329.6312124327414,339.0369562350439,359.08003942716573,381.54260333027537,398.4324323496037,409.22009797156954,416.9321911167427,428.5775575042125,455.27500407211573,496.3015855498105,532.3238042278754,545.7110045867912,538.1628164110944,523.3702512801353,508.9687632833206,493.9209352908375,483.28957836842164,488.0693788527855,509.9094595459136
,State,IND,IND.30_1,IN.SK,India,Sikkim,,State,,1917.7281184054189,1976.584432969928,1995.2919993058524,1983.8677020387927,1912.122484101034,1746.1768652189414,1564.4906529113675,1516.2963684627568,1644.8320274505593,1844.97595057529,1986.985049205312,2023.3227663371242,1993.606631169306,1975.6862443634523,2025.8944668916986,2122.493908463983,2169.8464347522213,2095.633220817952,1934.6433554046853,1785.6049990904055,1706.7397996369118,1694.5500217749736,1733.82375725816,1800.0928992152617,1839.7518532426461,1821.4265496444402,1779.0964996967293,1750.8399317357541,1723.5226429011595,1684.047467849734,1664.3964394855482,1690.306096540261,1741.11121120628,1794.703275362116,1861.2853515441107,1942.0606831715259,1991.1497619866152,1954.6425842810925,1841.45829266312,1724.933304293189,1665.5366180581334,1663.599733475436,1694.9677128221713,1744.7945809303833,1794.5788334687973,1832.3354305404914,1883.0600070603095,1967.019278276016,2038.9971565935746,2039.0292152791974,1975.6234631210689,1897.9005953267142,1826.9341397586984,1756.1891886016174,1680.8103523142902,1607.599205357565,1556.331286255088,1549.2955230426176,1592.0408063958598,1666.8564751568006,1742.1995514489538,1788.8874751489209,1795.3749862712966,1774.3806279386727,1753.7793180511917,1754.2456049990446,1772.3967618116235,1788.3288949422426,1790.819016236376,1786.3668321303371,1782.4227670407665,1777.7486795402756,1769.1404096275871,1756.503357806426,1745.0150604234054,1740.4816248064824,1738.272087065797,1727.034325645666,1703.2605576540475,1674.376668539249,1659.0691622927166,1686.0427653563374,1763.4982231335403,1848.1578408855692,1880.9392408722956,1853.1341627746856,1808.0331455827977,1787.9058283611664,1798.2478332835944,1811.9585172067489,1803.9927161736991,1783.8108034935558,1782.2134643965078,1807.1105914003965,1834.0905654294975,1850.4478090195798,1873.2030662305426,1899.6537281958636,1894.8106184427777,1855.1063717582917,1821.5243699138066,1812.616760840248,1799.552225279474,1758.3469469117558,1710.369574716442,1697.0805403477127,1730.6503498038298,1783.872662085423,1820.6115088850113,1821.8404278018536,1791.370164418979,1749.144211162992,1710.3661388008939,1666.2147680553057,1593.031465232124,1488.202715083339,1390.0027153548072,1339.072654053478,1337.1590762887988
,State,IND,IND.31_1,IN.TN,India,Tamil Nadu,,State,Madras|Tamilnad,1088.2887416831074,1072.2097511226796,1019.6501039238069,953.0577272217893,914.8958502919124,911.8926986710662,917.9740945177239,924.2240477510828,934.0720609120575,939.3235365454102,936.3553298141993,937.7109498514191,951.8314467879666,970.3162942755058,979.5569302760676,977.6532110373377,980.1168885029945,1005.4650429370554,1049.2337597867513,1080.4906159354075,1073.4579020551494,1034.1706409906124,988.8183208484318,953.4133067149213,925.1778099198862,904.8327109315047,911.0150680910862,958.3476223852784,1030.5804419641245,1087.9665921732667,1099.2812825599667,1062.4485980126221,1001.4653389986487,950.9683637733766,932.1979359214209,937.6024145856543,951.6590284506353,975.1987460574685,1006.1571575460111,1024.1318887397624,1024.6798898345114,1031.2322294423257,1050.3278193689644,1061.7481098366522,1055.6689607639712,1032.4434271529922,986.0291625007861,922.674479715502,866.7868415682948,836.2652399203542,836.4639984271726,869.6952288668498,927.0006928366399,978.933677139655,993.886268874764,967.1104404673887,926.4825601682771,907.2946232888468,919.1567219692424,942.9905937957514,960.7238919987584,970.7300249557555,976.4511215426138,981.8408740969622,987.8335727243071,981.8680711271602,956.2548994809881,933.8451947707416,943.4110703383977,978.7030616815999,1001.1128494146373,977.9906144863942,920.9121143257639,883.306398916125,906.3002993981376,973.5812913155122,1028.5800230955426,1028.0478650244613,975.7943037252676,910.6416886902739,870.7081284756521,870.6506814941939,896.2623209306342,914.7258307942105,905.6130777655328,879.6175044934016,858.394822688339,852.2300845970404,862.5045222252577,887.9123351477583,922.7603689534117,954.4064165053954,969.6303647687826,973.1155174742241,987.104067737326,1016.3850843506806,1034.3404934096618,1019.6576410476075,981.9408838078452,941.2264443364705,912.9863386303339,920.9413999882672,983.3530553026229,1071.9670202676382,1128.935946741781,1135.4672723632425,1118.8875322886097,1098.4227180829675,1068.794693865088,1021.0929361524385,956.9425200395568,900.3946560451906,882.3018084852896,894.5673999266096,896.8811418644007,877.91512111784,863.7030053346368,869.2426109094899,886.411909916413
,State,IND,IND.32_1,IN.TG,India,Telangana,,State,,876.4799170792338,907.2707852324995,913.0089870328246,888.6472301428398,865.9522825523294,873.0212767263018,893.8153027573633,897.8858518155203,876.0940219474385,838.1532195134645,805.8400271066074,810.8151398272781,872.8588902086939,974.0652307917865,1063.655195400184,1087.2698190547337,1022.4722432515232,903.059806632777,797.9171580342949,752.4757271458088,758.2949254551276,782.3990549246988,808.6482249918517,835.676113781443,856.6494371588524,865.786256470421,865.7359753927275,861.6214154501222,866.7156598264359,897.4817996733578,947.2837808864726,986.0024497944088,992.5556539918114,977.0433109319783,966.2494570680191,968.6576483081582,965.4610914180845,937.8532142892963,888.4673610740053,838.5509003581726,815.6173930480558,833.8031826105666,877.7447008553835,917.3345719249951,938.8303209228371,948.5643011989321,951.8779447961986,943.4557029790446,918.0477078098285,885.243484250035,870.7272546921128,895.2264882234601,952.2115197320875,1013.7666857483578,1052.9365028913014,1059.99003361946,1046.6702163889634,1030.0804722987345,1017.3453881803902,1013.8665222259733,1020.2844867470934,1016.0524755901798,979.8078921930204,923.3589947126394,878.3173477737024,858.5244276020564,857.4624658356264,867.1672970532953,873.8490382057591,858.2065034908804,829.4011345741499,828.1367372618857,872.9447384030711,934.008807417992,973.0173136121988,984.1135523809669,981.4335051817687,967.9167134500257,946.48055258758,941.2696486894222,966.9162493155854,991.9936922095332,971.0233588260683,911.7825609027576,878.8464172476175,919.1102206204097,1011.1665954836703,1092.7590707027312,1110.827313962322,1052.067213622302,953.1660331722964,879.0295926786744,872.8310052031522,920.5732917071406,969.2686232731836,983.0092733615193,969.7521103289898,951.0543914137879,930.9944451015199,903.7143242704727,871.5946067466588,850.4168203581885,862.5252419254005,914.3347753400512,975.2746973197725,1001.0835028136314,984.6636719958525,956.0412430024974,931.6149860593982,901.5477647659948,866.9909881109811,842.1528185774924,821.4105592822898,794.5209048092171,776.2148724456872,777.6456356789033,785.1080005600754,789.3376389216063,796.2318354644706
,State,IND,IND.33_1,IN.TR,India,Tripura,,State,,2143.5338548395725,2197.138317992479,2282.33360747277,2393.8881250458826,2473.9013009432365,2462.775654813845,2389.013094900033,2345.139338812868,2370.2301906361067,2412.26329949376,2419.756279333909,2412.898310757962,2429.387976216719,2446.789527479156,2414.482315111988,2339.2165531367536,2276.7564548851947,2256.149362660357,2267.8917189807676,2292.696787516276,2309.620274055393,2314.661392593234,2321.478670111841,2329.1129170408017,2332.850205413175,2353.736483152482,2412.320629179165,2487.889195569682,2523.7277440398025,2477.639254845781,2374.8423297632135,2292.5773845634003,2278.3673463322766,2309.3222568141678,2332.8855469983964,2311.292449916826,2239.1106375311706,2155.3702301880044,2119.263702177475,2140.633516920353,2149.4852777927586,2073.7496394089467,1942.6038400815992,1861.2390066351425,1887.341150571746,1984.806507277188,2079.596356896572,2114.562278081065,2083.9915993983313,2050.7743178700052,2089.8825241362388,2199.74722053764,2311.1157461349644,2369.9070013428086,2362.8207000293437,2300.4331727698523,2232.55253015808,2222.7668661441967,2261.7384514074097,2283.8693544185253,2284.9979105178745,2321.863326526842,2392.556684425201,2421.9438110383153,2375.6284742070807,2305.9062289536064,2273.338709471354,2274.7680040792216,2258.227742382906,2202.5601671556824,2176.353365474444,2265.425669947132,2439.283515302792,2582.8687115646944,2644.3383141636978,2635.9155088342204,2547.042296021268,2383.5729603363766,2231.5346623674177,2191.3715424657994,2282.9849195254715,2433.002094582429,2527.018124456411,2501.9707787231196,2417.454828710461,2396.0348968596118,2478.7688804881186,2598.195344531825,2685.13271157699,2716.609715979934,2684.9479645424217,2599.032663290057,2484.5089483277407,2366.2514082169555,2280.1834746790987,2261.131421041289,2302.7426917941543,2369.3075617202076,2432.654328906449,2472.6283742560454,2473.364693687041,2442.2564678248555,2403.3010404553706,2364.157163844625,2322.751794065336,2284.0214324231906,2239.378669794426,2178.7209245442846,2124.6124395760075,2097.488640728809,2079.1732204078253,2054.697437163909,2055.8609525501793,2138.6339194790926,2311.854899415083,2483.2954722672384,2528.5773913641624,2433.316886973398,2285.5491445850384
,State,IND,IND.34_1,IN.UP,India,Uttar Pradesh,,State,United Provinces,898.1186895307819,925.9734973846394,942.9232771341248,931.5487513170876,894.1252393761442,856.3818124308013,848.2395272631513,883.055584059653,937.9205618580296,965.5533238397497,945.3425482364934,911.6932975819338,920.5987886960146,988.1103502994549,1064.4751347177098,1078.9409367940175,1016.1654089287761,936.1645516423616,910.3032647859571,954.0216111691052,1027.5981218984757,1082.0015684093303,1097.0499675862395,1082.385003160265,1050.4667921272357,1003.8758843378829,950.5750278148529,913.2352033504972,907.6215054960412,920.1054641467819,928.6032795669176,935.9136177166553,959.5138015351114,1004.1054622727812,1055.1163460292862,1083.8182761380292,1066.3987587908973,1007.0103006881797,935.2644569618202,889.2434517451308,893.7979699114097,935.4756436613264,974.3592760497799,990.199943988033,996.6942788968446,1014.0380535363265,1041.755203577946,1052.5242142181946,1019.4951024024783,958.3972767431201,920.9954685774833,939.1423550163767,999.5981069692369,1069.1966507955312,1115.422101446506,1116.1788309227813,1079.7970385298718,1045.6775964831106,1046.198217096373,1070.4801158857692,1078.1471295349031,1047.41230517379,989.5709230026401,926.5439479236853,883.028696860857,879.0752842592907,910.4824615076622,960.8172658396487,1020.5415641630836,1067.3570174754468,1066.496123597612,1019.3138995432852,972.9273327405639,964.2069079001277,984.24259716744,1002.1846300431888,1000.5421399284388,988.7827523303405,992.3035899116252,1020.6753312282534,1054.657618488608,1073.3052773098161,1072.1249666605613,1049.7219065357467,1004.5680806806803,953.9437763819939,931.1009873447657,945.7998987322059,965.5282216352077,954.1209970805262,916.8474021559042,891.6799032250392,902.5979170739262,939.6334694866292,982.1806008040999,1019.3931043711963,1045.3397459971536,1050.3988475484632,1024.767221816274,972.1063279407159,917.0404319053077,886.0600055014833,878.6755933859024,876.3655493427692,881.3026811253793,914.4846211845376,967.6405090551945,999.7202977742089,998.1284050866585,996.601303718135,1015.4218815201706,1027.9034936891903,1000.3574518044203,937.0415445370162,873.236592000908,838.3307025810939,837.4410717907884,858.3798749189093,885.6015527717447
,State,IND,IND.35_1,IN.UT,India,Uttarakhand,,State,Uttarakhand,1492.2508002120262,1465.5142152790393,1457.888906547102,1467.2931807321272,1472.3650820719217,1460.7535465679075,1465.2270408166555,1531.5637385888315,1636.403913613583,1687.3288826732737,1639.8836858787342,1566.1324748374495,1564.861324562752,1646.0537383677263,1741.6760950113378,1784.0657710667301,1747.035985280752,1662.7278070238037,1607.4341603648431,1625.9798425403596,1683.2197607859125,1719.8868613905474,1719.4527106991873,1692.6350795856058,1643.6385982149354,1576.8131812290965,1502.043597300189,1432.1661727792343,1389.3959143860177,1394.3259645822106,1442.489095808901,1501.0894825728683,1536.702132557649,1556.1912039213478,1593.8393325597474,1639.730310448474,1633.478904825237,1550.8950725638188,1447.0073153488931,1399.1780152444783,1429.2764735085862,1488.3184186325898,1523.0260849680453,1534.10252169906,1541.9505248660407,1542.6056797965223,1532.7586347400359,1526.1224797329867,1523.2538376292741,1511.3253229710904,1501.9155313039287,1528.234893150437,1597.7592424443094,1678.5351669451484,1733.4952072757442,1746.806635665859,1726.313026370414,1697.0721637140425,1683.7689952680162,1689.2188362416266,1692.321022912388,1670.3170167658984,1620.204200081486,1560.7568719530968,1519.1811509266129,1506.2466513282147,1508.2642301021701,1521.6096246031539,1568.2339157914257,1643.8820484304013,1689.215193567539,1656.0123495249213,1571.9587163724357,1506.8764027497584,1502.4822564808699,1549.7460354769187,1601.6881506279,1607.9446821504775,1566.5737581967956,1526.9332157277643,1525.633111327779,1548.7519439080588,1564.7459935543422,1562.0292866508769,1544.171964296174,1518.3727798661394,1500.3725033552691,1499.4570603870873,1494.7749029343795,1463.1165605917956,1425.160147175854,1424.5405770501297,1469.6474617334065,1529.9610054073771,1576.7908783530504,1601.0036046182915,1600.9279194094272,1574.5551797690243,1525.9607642494955,1466.3471389614974,1407.5347608337515,1362.6292486809339,1344.7147256387673,1361.529166257626,1414.7684645256725,1486.096294476985,1533.4423327530612,1545.5764582949462,1571.008234994322,1635.810778815522,1685.794880518897,1660.88382908726,1571.7505207188474,1480.5510861479906,1441.2292864880524,1456.9837927126011,1487.494645054458,1500.0646154694334,1493.7221861532335
,State,IND,IND.36_1,IN.WB,India,West Bengal,,State,Bangla|Bengala Occidentale|Bengala Ocidental|Bengale occidental,1701.9200524127227,1706.6426882279588,1718.2644069493715,1741.460840964646,1754.9211675346264,1735.794993124003,1708.4881942969068,1717.4889360450975,1760.3327109221564,1799.2218948771642,1820.2591289072186,1830.5087546466361,1827.6470263196877,1823.1416123501103,1848.9704129106674,1897.1809534626054,1912.5530371852644,1874.4371026187268,1825.958427421853,1808.3459353483033,1812.1713379622686,1805.1783808284345,1783.0921690993737,1770.4135456739746,1779.147634253153,1797.9588723416489,1816.1658581472705,1825.792658995599,1816.2885052568427,1795.4098636378305,1786.536998237287,1785.6242987445492,1761.6131423917523,1717.293850276909,1701.2561785576383,1738.6512385182202,1795.9855056106971,1830.182290300606,1837.0229484955287,1839.4612317971264,1846.3599853735325,1842.2545318551377,1819.8434594344292,1796.9470300502262,1790.1592779086634,1797.666112494466,1815.4436505484414,1839.1420471071729,1848.826641073261,1828.376301155298,1791.4042509936858,1758.2146374972303,1734.2237583111075,1723.8389802649056,1722.581256287408,1709.1446833006105,1686.3286342082752,1681.4263859625337,1684.3261122728406,1659.0167754671427,1615.6988882460867,1599.3373288136784,1617.835718097922,1634.8281140290837,1631.239540075086,1635.607634716483,1679.1449811607558,1754.6217213972043,1833.4898215328608,1885.4722681351595,1889.8169865017974,1862.0315842705631,1833.8792613763162,1805.2078231281432,1771.532339376138,1755.3611716680614,1756.14476695954,1741.342264415512,1709.5534260382751,1686.560711560987,1681.3417244888838,1703.1999958459724,1763.0180756092802,1833.5671483271228,1876.2763991111672,1893.6998658552366,1906.875459823867,1918.335687730053,1919.4028050705685,1902.483391839183,1869.4608689247234,1838.8367942649265,1829.5642739513917,1842.7634463363481,1872.6095188064064,1925.3895454825824,2005.514878344298,2078.476976692803,2086.980733975059,2023.5750787721695,1942.5845425310536,1888.8759809904313,1859.6412230693686,1837.3891320015553,1821.8467974964644,1815.5581753090614,1797.9104013243443,1749.0749683081317,1695.6247067926308,1685.8453428053174,1721.8615129755628,1756.6161737825582,1754.3909094200674,1727.8864133198917,1708.7896531795054,1698.427742859985,1675.7478853720706,1640.1341554203311,1609.1503244275789
,Union Territory,IND,IND.1_1,IN.AN,India,Andaman and Nicobar,,Union Territor,Andaman & Nicobar Islands|Andaman et Nicobar|Iihas de Andama e Nicobar|Inseln Andamanen und Nikobare,3110.2611260265685,3044.0581524309405,2941.4212126831458,2827.679600497497,2770.0117271397157,2829.5966812574425,2980.090019604309,3101.0114119380287,3087.197199282431,2953.45670231652,2800.0469955504427,2702.774487843614,2673.21709353088,2688.416241483273,2718.2918348526155,2741.1455569671707,2746.1780575610137,2729.8645696462845,2712.3680603812318,2735.457969712326,2801.962917847087,2843.4175146716093,2803.144062541606,2723.8982712802676,2686.6765995037204,2702.6333767978763,2733.8282999672697,2759.8552447773154,2770.588434953105,2764.123198683698,2776.756572511547,2849.5946710471776,2961.8258136840177,3049.0375171920987,3082.8750026472558,3081.8731053703636,3048.945741914009,2964.252096590203,2845.3762349350586,2754.6126183589176,2737.1351541386675,2779.790606054236,2829.6136248350535,2846.752399715353,2843.5315122983766,2862.919581711582,2909.4838909829386,2930.0989719115096,2893.996557635137,2848.6715701674034,2851.2088168310624,2899.7239016662325,2969.657456124927,3058.404609421729,3167.6317129196764,3266.6671729873588,3300.1369534486344,3263.6713103855195,3229.410088238695,3235.6916559801753,3225.33948021174,3152.2398281992932,3055.5412987472555,2983.969621684902,2936.5617271070532,2902.057185272409,2888.8089393810624,2912.425680782569,2979.7469118985696,3068.2712574579036,3129.7137318350783,3134.174723661775,3096.1459156704263,3045.5791931416193,2981.1101023892793,2875.1789018564737,2743.7879675846307,2676.4595931367853,2734.95500062086,2839.1997712582893,2851.2203849182383,2761.7228818885355,2670.6834372245444,2622.4389863164447,2600.01000078622,2613.3817509711284,2655.0050913134,2644.502223892436,2530.490545411296,2377.1571434853736,2295.0851749873127,2358.2704273841687,2568.5973284727925,2819.692633287395,2955.339861342133,2923.279297051214,2812.86638576399,2733.9595917815736,2718.5892352281758,2732.1280369897277,2737.134059037455,2747.1492184957133,2809.8881663808156,2918.2160219718658,2995.864017686475,3008.7684902528576,2998.7426148760887,2994.5802640125335,3002.6298417055173,3045.5592147529806,3107.4812398187964,3114.068997481529,3025.4577335933886,2884.9826496847236,2770.7638960343,2736.255804614465,2778.0318253120267,2848.8141880922803,2907.7968336466965
,Union Territory,IND,IND.6_1,IN.CH,India,Chandigarh,,Union Territor,,904.3928400073661,834.6645971249694,794.1927497294542,809.9236864049003,871.7776080767313,924.3424306937626,937.9106680211567,941.9010368869418,955.0844353721254,950.3570541427249,920.8391643705824,907.0086210341681,933.9435780388969,985.8323796306338,1042.3086111886162,1077.2138155869077,1049.7658305168154,961.3345043432146,879.3063567025321,865.6955048016139,925.345325651623,1021.2516367605755,1097.890155099687,1110.500129097984,1060.9797451382592,987.8895996752238,922.5546603884014,881.7103051458087,885.012308438619,943.2356362683432,1033.9277519271486,1102.7485968612489,1104.8043094589596,1059.2569643656416,1026.1034354141782,1014.2817453089216,978.4906454994566,913.5961859112695,880.8079151993707,930.1509779521398,1029.9379488967713,1092.364735160555,1080.17782382738,1045.2496583234695,1033.2623605274018,1026.2807645343598,1006.9093354202452,993.6920372190929,993.5671768642608,988.0796640259879,977.8650836717514,991.3921683969952,1042.4858183747247,1107.6168859572638,1146.9352272465117,1141.7582769848052,1112.3694881711685,1092.7989261263892,1095.2207001050315,1106.0760236127037,1102.927699463708,1071.6959209896268,1016.5194815226963,959.13956510453,931.4017222722371,947.9440733705247,981.8423972129822,1006.0921939781733,1041.0681538241251,1099.4548262755077,1127.2941894871851,1074.0714786166238,977.9782250495185,928.2035371348973,973.2761560281118,1078.7344088213783,1152.89283761524,1130.936222201302,1045.9657728899094,988.8393956252506,1001.0672275906517,1043.677461817151,1064.4253332501364,1054.1149250212168,1032.9343592325847,1022.3977483794803,1035.4776216802145,1055.7328567504885,1040.0966269288745,974.6184297402699,901.7513266177405,876.9893278621493,916.5860016118913,986.2589067277454,1035.1436436289832,1043.4560229324156,1028.857297477268,1007.5444503738767,972.0818407535552,916.0674460047767,860.8299159322466,836.1472815104894,836.8309431984311,827.9508194242204,806.4059261594499,816.9940033867246,880.6314689999534,957.0215773128326,1004.0271324430194,1013.3497391995929,981.8251572563536,911.5494670300257,831.1270601635887,782.9922056198119,799.908169962111,879.8096180692328,971.7266518581986,1021.6337980206931,1021.7036523130807
,Union Territory,IND,IND.8_1,IN.DN,India,Dadra and Nagar Haveli,,Union Territor,DAdra et Nagar Haveli|Dadra e Nagar Haveli,2003.400709755686,1998.179591192787,1912.164269695351,1789.6277424018922,1753.4663773519649,1859.8664617368152,2014.9313316600662,2093.7966459393497,2072.304636848824,2036.1416012928596,2090.78914023581,2239.7416022760526,2366.5467471820966,2380.9676557637395,2325.5856017328447,2276.0327382144474,2227.238864841915,2156.692868221374,2104.277346074581,2112.6634333445913,2149.516425493218,2142.820876499017,2078.9077971634406,2027.8121136455304,2048.2191606873553,2100.815709378038,2113.8165687776745,2114.886180795374,2208.6994692285853,2409.3939053756853,2588.9718622707182,2623.418166316691,2513.670214732488,2356.4826797445617,2262.5523206478074,2277.413206253733,2339.0916798625667,2356.095925856204,2321.889746509846,2297.946218658061,2325.9100317330585,2409.4869731380822,2532.456982907795,2646.0999689414384,2671.8147830196795,2567.301676826818,2388.516887434891,2237.343083200001,2143.3328960906897,2070.3495733454115,2044.8668361277807,2153.414462274029,2377.2923217784783,2560.7428512544857,2599.351011313143,2568.8850845183642,2601.980071053618,2677.602159045991,2641.446533086754,2454.4489169007247,2270.367604099569,2212.3145538171125,2223.5811821449365,2198.6638534296126,2140.9496013891126,2125.891267486981,2188.2525904803047,2300.311160561584,2398.0381821762944,2408.2531883404367,2319.555165080797,2219.552957895256,2207.466034818263,2289.9882786188805,2380.7564254545023,2391.844198584556,2336.6715620500695,2313.7904295949706,2371.4871576229725,2461.924653748671,2535.17105404252,2573.4183230371696,2535.3405612111087,2389.0393821540324,2207.643497818992,2121.6112194997922,2160.453046750454,2227.3044862747192,2241.90160174313,2233.641199248177,2275.279372272037,2374.767543012187,2455.382497563248,2445.163364101023,2373.5814689511344,2331.9284617248036,2341.3071266753327,2330.7622998328434,2253.9467484468505,2163.238121069613,2155.4857386379012,2279.0327290126256,2493.456693856489,2704.780341381118,2835.435914201396,2858.2564055124913,2790.9886679308756,2685.870465358098,2595.7650038003917,2528.9122303894587,2466.6467773204754,2415.8456117993305,2406.3177128945076,2463.0124258086794,2586.7260303497314,2730.9484782926843,2839.790200605038,2915.441318652142,2992.4607439589995
,Union Territory,IND,IND.9_1,IN.DD,India,Daman and Diu,,Union Territor,,1392.7646268977778,1390.4272444480964,1302.6927667209263,1177.8706196703943,1141.0495217414132,1241.8705240431284,1384.6108219623566,1454.0563499359857,1426.8972788765316,1374.834461757115,1396.4268485477992,1504.7699470747084,1601.0195704868863,1615.2763552665708,1599.7442454497018,1608.8446806726004,1598.4301147233873,1534.537744839986,1483.5223930676777,1501.642730167934,1533.2544478915988,1498.3162533215116,1417.36328072775,1381.752876690456,1421.6132354282197,1463.977124509357,1442.920180343446,1398.3905633744737,1416.9774410611108,1515.1705550466265,1630.2611496562047,1693.6592701276143,1676.182604312897,1600.478272460756,1537.5294200579326,1539.9944522948495,1570.8282370113193,1559.2429517337255,1503.3387969107855,1458.144080230168,1467.5289156323388,1547.506796700614,1686.999343599592,1831.095907188597,1891.8209108625142,1819.1365222249713,1664.052994205838,1525.917429833185,1437.022103854588,1373.962301753816,1377.091094448453,1524.9360601561411,1760.4387244724094,1896.8357022830419,1860.7531318437489,1799.4223060153781,1869.6864368802026,2012.9844036556424,2040.5368944803874,1902.480457805452,1745.8667418389093,1694.1743487403505,1697.3695251601082,1648.5619285220193,1545.5703808239532,1465.9230212257023,1457.0188397452941,1514.5007801737104,1595.9918701762247,1624.0208485467094,1558.7611253602163,1467.8232619421822,1454.4031996272859,1535.7550638970877,1628.5434126172747,1648.0826444625854,1613.7981068520317,1616.2606703213282,1682.499019940694,1762.663603033338,1833.1863210314798,1891.0275571913944,1873.5226553508217,1723.57387081782,1518.7806733903433,1412.3767358234954,1446.5984707105729,1516.3482817241124,1525.7252041952952,1501.3243764468602,1523.5162361235846,1606.0150333813258,1681.1309925488067,1687.1636552129473,1644.1103762899127,1616.9041481926329,1615.8966482934497,1589.1905087743487,1518.4251043228878,1463.98568319139,1501.0599365007308,1645.1762157167707,1841.3936481475832,2011.9008663041252,2112.852201461792,2141.2119464647203,2111.794340133667,2053.4116435959227,1990.5585907981506,1913.491679872785,1810.7474569366088,1712.8046403612407,1659.9383556956336,1671.0743186587379,1754.264751434326,1890.7727234285644,2032.9172861729144,2152.474953741217,2253.2947092950603
,Union Territory,IND,IND.13_1,IN.HP,India,Himachal Pradesh,,Union Territor,,1238.026080668893,1225.448966848897,1237.0022897716196,1271.460617066223,1307.6034757391499,1318.7673051387947,1308.9178706964399,1311.5992421818207,1339.0975077167839,1361.9823778590257,1359.4014280514905,1358.753468941322,1390.9158862176946,1433.8824661712063,1448.4206708927622,1431.0643524994032,1390.1332155361417,1329.5189946793862,1278.499597142245,1277.4308560950428,1328.787906874824,1396.4712988750025,1446.9205782289976,1470.820631185943,1469.0385459065185,1440.2379318917583,1391.0449036571256,1340.4848427853221,1303.6974644181266,1285.581772599504,1290.4378170674156,1313.773112425648,1333.642167939732,1339.3746438775718,1347.096416676426,1360.5128639644272,1352.908972319809,1312.5334149897467,1271.7356971840577,1275.1629479843134,1333.1039653649625,1405.9839157985064,1440.9336598760165,1427.198707029728,1395.3771132972915,1372.2359820843553,1366.6531293933663,1381.2971330755852,1405.2360319324516,1413.6674622635946,1407.9970691660776,1433.3700542070853,1522.6877477489077,1658.2133927929283,1807.110122534942,1928.2864111406423,1946.6459306261627,1821.974175940522,1633.1530260862576,1501.3517932835105,1456.8577421008201,1443.5074944821706,1412.1332495777506,1365.4418525993808,1333.8072433614018,1328.0965276428292,1324.602228683396,1305.0564724776004,1287.2399853644044,1291.852065072775,1307.1037593848444,1312.2743369329105,1313.733678961691,1334.8494237622251,1382.058221948427,1433.0450611493595,1450.2337925393126,1413.8028679633223,1360.0423411414754,1357.8273621619962,1414.539981499341,1451.9149378156994,1416.417263336501,1355.6224148369092,1345.3745237843207,1401.9829379452067,1487.2895482999052,1546.3916614573045,1544.4789381881037,1498.882012549756,1458.7944141216192,1454.5191538076201,1484.7780977829252,1531.6882802061316,1568.3864444828941,1565.0072611860653,1502.1486658165322,1391.8528671538086,1284.7417674670567,1231.073884536056,1234.4427230663512,1263.7603005905928,1293.5928130731484,1316.9313328982853,1340.1686736353056,1371.0277208040525,1402.3076949840406,1424.0415014084674,1446.0993817316382,1474.6534198760476,1487.5611186819092,1466.0448773360877,1416.3968034214297,1347.4079860581753,1267.4087094664487,1200.9866606492885,1170.9753379711008,1170.6434237175206,1177.825294915399
,Union Territory,IND,IND.18_1,IN.LD,India,Lakshadweep,,Union Territor,Íles Laquedives|Laccadive|Minicoy and Amindivi Islands|Laccadives|Lackadiverna|Lakkadiven|Lakkadi,1430.4614748340443,1479.392625225189,1477.6544995018346,1451.9746230181527,1445.201542854309,1460.3790159225464,1471.3947458267212,1464.155484199524,1434.8927569389343,1391.9848730564117,1371.090496301651,1411.040824174881,1508.0114500522614,1615.658325433731,1690.8459541797638,1726.7572305202484,1741.3590347766876,1732.5954105854034,1665.5125010013583,1538.599402666092,1430.5259881019592,1430.1717956066132,1534.2843687534332,1631.6610865592957,1601.4176347255707,1448.2214031219482,1302.7821717262268,1264.7176852226257,1318.1531913280487,1420.800158381462,1560.1047670841217,1681.255729675293,1695.8587815761566,1616.2203075885773,1546.5196883678436,1521.1062586307526,1488.3722319602966,1429.8201028108597,1380.0495154857635,1375.1644930839539,1430.5320844650269,1510.538558959961,1539.7580478191376,1507.243278503418,1493.758228302002,1544.3666405677798,1607.2581484317782,1628.1407911777499,1608.3061151504517,1563.5093874931335,1506.7514662742615,1462.811499595642,1440.2414660453796,1407.3374400138855,1341.0510592460632,1276.168467283249,1275.8118362426758,1376.3204929828644,1561.5058929920197,1754.954386472702,1853.9979190826416,1815.221483707428,1692.5335042476654,1573.3414559364319,1498.9295630455017,1449.771427631378,1401.9423611164093,1383.4869983196259,1433.1438055038452,1521.0309374332428,1581.5480048656464,1610.9507722854614,1655.6694331169128,1720.1386563777924,1770.7630367279053,1804.7609910964964,1821.702829122543,1773.195222139358,1635.4084229469297,1474.4361383914948,1373.0489823818207,1350.039921283722,1370.1837294101715,1383.966365814209,1368.3306777477264,1347.896202802658,1358.8216800689697,1405.0987198352814,1464.748416185379,1511.3255937099457,1519.9022467136383,1488.0802919864655,1458.434536933899,1481.0113077163696,1560.1915950775146,1666.1331505775452,1755.8114604949951,1767.4846640825274,1664.9680342674255,1495.4647641181946,1349.2208018302917,1279.4950368404388,1290.4750199317932,1369.4679226875305,1504.7170932292938,1667.8703902959824,1795.3992009162903,1829.8903138637543,1771.699676990509,1656.93350148201,1516.9530701637268,1383.675235748291,1294.5801770687103,1266.4154741764069,1281.8578424453735,1321.7936590456495,1395.1239572131199,1512.4629979242472,1659.0041496417273
,Union Territory,IND,IND.25_1,IN.DL,India,NCT of Delhi,,Union Territor,,402.88430981539983,406.0921824614717,406.8541876014432,414.0747310680336,438.90701359425884,486.37365955346866,552.0180818383575,616.4175661263315,649.3980014868451,637.377386364531,597.252009986563,556.4398243761233,533.4920560975448,535.5018615081168,554.5027627331991,562.3383581350882,532.4214331740184,479.20411579321467,447.51684317838215,456.5278402710638,488.23107015727265,523.0014851935578,551.4766695076693,562.229687578395,542.4763499072469,488.24450686362627,413.3625563727626,352.69580542724185,340.4080744766175,382.5423960210161,465.1134032693738,563.8526551041832,634.6421601414047,642.2525414776931,596.444299917589,522.0657051936955,433.86791325080486,363.448539825196,351.7754004904142,402.82044427234234,480.90489843149567,548.6715485146071,589.8421306374436,599.2120383827822,571.3218532893676,519.3113577797058,482.2801640230291,480.9122750898626,489.372340232768,478.3486195181279,457.58510764926046,454.0331364039412,475.9544422224905,515.6558325954363,562.2043160493915,597.3739750829149,602.4516983501454,586.9324375946894,588.0654846015552,620.2591096648935,656.50515469951,675.0189992257044,675.221645088272,653.6556332756019,618.994733974866,598.3027869860332,594.8760788664752,589.3069516969912,581.0126226666971,579.1216078679613,573.0793018691929,554.0693882152121,549.9416841606723,599.681700661673,693.3868213894099,770.2382329512151,774.3989561016255,699.0253310178189,596.5226800860244,544.4442899554757,574.5923323766561,640.6527181556252,665.3086591273125,611.5735947971651,511.52806000179027,434.9349912618493,424.99470313073056,463.91715633594407,505.7399197489235,525.0341111469143,529.9388779960838,550.6914612811509,607.8256105597774,679.7806227338231,719.9853679209103,704.3444852304798,643.8827674295887,564.7418855284969,498.1677157783763,475.36751791052797,506.9439144242318,565.8831431345737,604.1367545881383,601.2328408432346,586.8090413280413,596.0907063847737,626.6039204326928,656.6285773782021,671.6073105724147,662.1971679987215,630.4058211116081,593.0778360707119,559.1353327139473,527.1244296108156,505.36431220342934,501.89780328310593,507.0485864979328,507.5498914279763,500.8889514282584
,Union Territory,IND,IND.27_1,IN.PY,India,Puducherry,,Union Territor,Pondicherry|Puduchcheri|Pondichéry,2054.243754542151,2033.332913158425,1970.9348053820397,1909.198321702977,1902.1163289865779,1936.2311527992406,1946.461371430131,1907.505742037019,1858.423551953116,1854.432020323221,1915.0425821958584,1999.869877176229,2033.71889664406,1978.9304983213888,1878.6230848223663,1814.2002215870586,1838.7656769087146,1949.233984620072,2084.001510780911,2164.0078458092935,2173.4074200516525,2164.2924130212423,2164.198289381903,2134.7988342739814,2041.5759579220482,1925.9541492961175,1878.4983308204385,1943.8946652343104,2078.6271687746053,2198.9780692804698,2238.517467489077,2173.427115359972,2037.0655088424683,1908.145830672841,1849.7907991880593,1857.1912533488385,1886.885731020639,1919.2146877064263,1953.632791948873,1977.300607209982,1990.7920266888862,2013.8045520311175,2032.3076566277546,2015.7888983751452,1975.9837702595908,1930.2253671302349,1865.3898596902222,1785.651045779849,1716.485943662566,1660.5378488080446,1621.9179444992267,1641.4271080729573,1743.684300986833,1880.5663013402802,1973.841909336489,1994.3754185992616,1980.1790675964464,1993.994091818499,2060.9196156568305,2136.214063005392,2148.664541966693,2074.320632010005,1955.328662190326,1862.0221622641693,1838.027556505314,1866.8957240692405,1903.8316572904587,1933.005259676035,1962.3982322659604,1981.8712782139,1965.3555524266044,1910.0129241763157,1854.5813195178675,1848.369711471158,1905.3412643837373,1997.878121132074,2074.3033633814302,2081.5907245181324,2013.9537768835244,1929.7932571893514,1894.7857758444406,1929.8830732287358,1998.4538923280174,2021.9436042419695,1951.0406095524163,1826.8142909061073,1735.302171052888,1721.7934581803718,1769.864002909771,1833.3611121496488,1876.7408739966015,1895.4752565261929,1902.2977984658505,1917.3215820983398,1965.3302718109862,2031.626865283001,2044.3958191788472,1961.1796443448507,1832.2543410894477,1734.553846991339,1699.6389322419498,1731.9046163669855,1826.1250101064527,1941.9259408878727,2024.035288317259,2062.34294511967,2087.757004646368,2116.083326727845,2126.149883809478,2085.578986464545,1994.8312606063,1901.4128311262575,1844.6521652742872,1805.74959038995,1756.410549521446,1719.5835193945402,1727.9462255347348,1769.1122267651076,1813.7807123698797
