system:index,1891,1892,1893,1894,1895,1896,1897,1898,1899,1900,1901,1902,1903,1904,1905,1906,1907,1908,1909,1910,1911,1912,1913,1914,1915,1916,1917,1918,1919,1920,1921,1922,1923,1924,1925,1926,1927,1928,1929,1930,1931,1932,1933,1934,1935,1936,1937,1938,1939,1940,1941,1942,1943,1944,1945,1946,1947,1948,1949,1950,1951,1952,1953,1954,1955,1956,1957,1958,1959,1960,1961,1962,1963,1964,1965,1966,1967,1968,1969,1970,1971,1972,1973,1974,1975,1976,1977,1978,1979,1980,1981,1982,1983,1984,1985,1986,1987,1988,1989,1990,1991,1992,1993,1994,1995,1996,1997,1998,1999,2000,2001,2002,2003,2004,2005,2006,2007,2008,2009,2010,2011,2012,2013,2014,2015,2016,2017,2018,2019,CC_1,ENGTYPE_1,GID_0,GID_1,HASC_1,NAME_0,NAME_1,NL_NAME_1,TYPE_1,VARNAME_1,.geo
0000000000000000053e,2216.772747462564,2216.772747462564,2216.772747462564,2216.772747462564,2164.7119920279715,2164.7258809863715,2216.772747462564,2250.020068328095,2193.4075939464383,2215.477225245611,1799.2830076248197,2277.8097753530883,2911.447323180253,2750.050310954766,3540.64855730251,3182.968624723484,2441.427888741942,2576.240473980021,2960.5877825524994,2143.2459823148974,2533.826677673066,1814.2550786254803,2533.7901535474057,2244.067013238959,2778.806934970071,2287.1719600034776,2200.1238776725654,2297.580391159888,1813.9863536182231,2577.314372422525,2098.9106701026735,1690.7058160990798,2015.0866381726453,2453.6805633408067,2478.2882118396155,2025.9113057128595,2985.5929368756506,2673.935437551299,2328.5823542944977,2169.9522583868015,2622.204922506856,2000.6152428206074,2477.2920362923405,2184.615468427816,2571.748349822079,2277.0980951088045,1904.1445667528324,2336.109107399353,2694.854153268387,2587.2393663542007,2568.7475610961515,2375.003346650284,2355.828654727288,2219.0618395221913,2082.6628124718477,1996.6373326205653,2373.128682597794,2109.43246555756,2432.660685508087,1902.6164374049083,2025.9348802975853,2398.295223961878,1925.4960288439402,2356.812013751952,2433.451612923406,2132.8925573237807,2534.2254515897757,1808.9404791881454,2411.1716608882025,2655.107553407521,2221.949139455127,2599.672248639944,2121.886411345516,2192.4652093353366,2453.615937550048,2337.5513013586788,2216.776832868929,2084.7149037294553,2533.503133476888,2222.5428439426846,2081.7426912648634,2201.787498342158,1774.262514357533,2259.549548504064,2096.544718163812,2308.6822055423204,1998.45601120826,2344.6202046151802,2424.3425092776565,2418.2375100408894,2287.979954428126,2081.3061654813623,1551.8040708142314,1994.5548920713882,2303.551550504109,1949.5185943349363,2058.9322605169705,2271.3453402766654,2276.1047612739476,2425.460519129614,2348.3839418654406,2193.4765852562214,2142.6405120790955,2432.797810507462,2545.736222085702,2489.088321820197,2215.818939306734,1911.739180941829,2308.7995884643005,2226.7812827658304,2188.642192364044,2227.3578233541693,2248.4326204719023,1879.7454556374119,2390.925906057315,2571.513413032761,2471.375284335462,2308.248168867112,2368.005422705797,2189.63768491189,2407.7256433363527,2392.521357378083,2017.1751387582076,1989.505022165028,1576.5699078146267,2574.6055092576366,1695.638933610641,2494.3649797555654,2392.4721506083333,,State,NGA,NGA.1_1,NG.AB,Nigeria,Abia,,State,,
0000000000000000053f,1037.5600106458987,1037.5600106458987,1037.5600106458987,1037.5600106458987,1037.5600106458987,1037.5600106458987,1037.5600106458987,1037.5600106458987,1037.5600106458987,1037.5600106458987,1037.5600106458987,1037.5600106458987,1037.5600106458987,1037.5600106458987,1037.5600106458987,970.9501966982148,775.7672594584103,1291.917299248065,1216.6013457020204,1011.334630367568,1122.5912579010155,996.9141713131111,844.9846455966258,800.9782341656453,797.2747284126679,1117.307972902047,895.1329318679032,1152.3894452524414,1217.6895245556705,996.257060545388,1018.7706979633455,1058.8626492048352,1054.8646197388712,1099.622872821805,1127.7225761917948,1289.572520638972,1230.5484004116925,1230.8731715893193,1126.3801873193152,979.0252441268204,1016.9785135809377,990.6689906800542,1058.8944886644927,1124.4954024323504,1049.72137500017,1178.253739868673,961.2465533984558,848.6466909579791,1120.7667287296938,1149.0035074668037,1256.294342439209,927.5925016250558,1188.911054978871,834.4782703535043,967.067394986614,1034.035703389613,934.6218434853444,1134.487519860848,1008.562791058481,721.7617203374659,1181.18294698759,972.6888375385154,975.8319695564963,1082.2985131271032,1119.152740117486,882.0153348440913,1173.7515937099042,1091.0766951335988,1067.4525646934428,1218.138842949705,1001.412327250757,1070.861473046331,1338.4839044197945,1087.5901684532082,928.9936688449037,925.157087985724,1066.8166946113813,1211.8788111613042,1184.750517264454,954.8841755600877,929.958964120205,1029.8984671150051,1048.0165971505116,915.7392084205326,1092.9820690327576,1129.9921818297194,951.6363550662661,1125.7566776421636,946.9289836206613,1185.7456195595037,1056.0016638344994,995.0927331243524,818.361174899999,833.4758210470882,964.7112143296866,1015.492930317389,781.2485701973103,1161.0663177394663,952.9576049093242,1001.5392463222175,949.0011972362328,1033.1813381516276,1060.625893053282,970.590462670694,1102.4966198490488,1080.3489935389803,1050.7591494438789,1103.8204545384078,1110.2983068148958,1013.0501067414415,921.2013886145772,999.5011453595357,1040.4298197428382,1002.5209273814157,979.0842942282316,1172.2744686522244,965.3400010896706,749.713760399868,846.9031717437131,1036.3225003098476,695.878640989172,1143.1796946090876,756.0510325740422,938.169209596425,806.7531181712404,1148.5001108996466,952.8529307153708,1046.0997729530416,1219.6108929468842,,State,NGA,NGA.2_1,NG.AD,Nigeria,Adamawa,,State,,
00000000000000000540,2391.8015052757933,2393.776555063471,2386.67089745614,2394.0756124996515,2164.2152388020254,2164.1998431132065,2388.9073585009355,2534.7406041297386,2288.5186331963214,2383.918895808327,1910.6995916669,2655.61365460306,3096.0499575616213,2943.5455030583553,3781.0270344034384,3477.6341327566715,2763.8214143494934,2837.1782693253826,3275.187470013992,2307.7090224299704,2680.0482425800446,1929.3526512646902,2744.5829936372957,2541.8608474765524,2962.705232743762,2594.734670389439,2339.494459021885,2409.298949704633,1830.810693261239,2308.6960508100374,2091.885172017189,1820.8866001144486,2204.6417947269115,2869.326015511599,2725.013223502401,2169.332883724947,4134.378198035012,3014.0242241147694,2717.9093870816355,2205.3689787005574,2847.4690694872847,1879.9485147330527,2715.036415008095,1983.5385208981759,2984.939187612529,2563.046673494027,1962.8604958224585,2365.841241425092,3043.0043916962095,2955.270598315725,2972.5311272209283,2636.941237783156,2565.3134220424854,2236.9500174682125,2240.1833733255817,1984.7506466073726,2345.461104004124,2029.1257511767603,2542.1276481461455,2105.9540241440795,2367.4612500087237,2314.137059718171,2055.29007493667,2700.757577191617,2742.2322408685523,2505.1412072737558,2834.721693862705,2125.8002140237695,2615.146241760936,2703.102300046756,2638.0568549976974,2826.7393495151646,2216.8284057235555,2267.1929486212107,2640.048064517677,2388.150136343652,2271.903312679698,2234.85606836112,2807.4597762236913,2364.3934010500993,2272.714510578192,2368.674753765807,1713.3007315822672,2171.2340188752655,2278.7624114813043,2468.616554195512,2166.5713728052433,2684.661314473188,2461.14550410514,2864.3489757433917,2432.5098023714904,2155.0664712378575,1726.7381337188408,2014.0800129735828,2548.454859172622,2015.561982823143,2339.6755069598075,2364.5865282788777,2458.253191928771,2395.60637116528,2403.6571496892802,2358.443739270461,2284.6686787096296,2654.8989147682078,2799.896839082215,2705.917511545159,2388.1369423910996,2217.000685534663,2468.7601702725474,2206.217752392775,2476.3597891340305,2389.3689502411094,2342.872326992728,2121.7898383198067,2829.8097227504604,2583.848497166704,2778.2310296519095,2436.932082564238,2182.2578578061325,2418.221362708136,2803.032402335027,2450.8328807808666,2287.5825628746625,2133.2828339699818,1765.0326967976252,2784.2792901145185,1833.1307177320023,2540.0473032001946,2495.327925238668,,State,NGA,NGA.3_1,NG.AK,Nigeria,Akwa Ibom,,State,,
00000000000000000541,1865.8999504368967,1865.8999504368967,1865.8999504368967,1865.8999504368967,1865.8832711424504,1865.8832711424504,1865.8999504368967,1865.9096111677077,1865.8939030832018,1865.8990339508855,1973.2502236091655,1865.919582267082,2371.47468303261,2115.9924489765262,2544.146399772604,2139.670164337957,1434.079811136136,1731.7977434727534,1963.6246278772805,1781.5423873182365,2109.9535635104353,1767.9898696020637,1767.6310344116848,1485.701210701029,1860.0331098945978,1774.367047454674,1925.9938431984465,2002.1035239334506,1652.5679630459292,2570.9606820151444,1957.0436587508436,1537.7113977402294,1634.6042621073295,1828.9772660020758,1964.3298994134232,1642.7026601262119,1603.1314908971337,2017.7444426851123,1791.909842685879,1972.0252497008958,2109.1698392698277,1904.596361569709,2166.065076099016,2290.8888150359953,2025.1977439201314,1772.759352119805,1644.9529517208716,2001.288484902906,2295.2358837027823,1996.16119808177,2201.6963192605217,1924.1158439276733,1964.0457944220898,1985.2927528900627,1745.455589574045,1750.3621768651833,2109.225477448309,1874.482913032252,1812.8061480297467,1769.741676130844,1619.231147726169,2051.987033304744,1727.4749473851386,2189.476972649859,1936.758924074822,1654.327065512772,2035.5601295351357,1563.4381433456979,2010.8612110078022,2339.871925473837,1529.4732655630062,1874.6124026313503,2076.8701170277222,1728.7008014299481,2042.4661581628611,1854.9058004648898,1858.731327236635,1794.1551348301753,1960.9203523965405,1861.4791478661343,1958.5265188966125,1950.6306215456018,1729.5630586634134,1980.9242449855303,1593.2821002580733,2119.0612943958863,1772.7679792474075,1986.4500959306488,2016.0293894662907,1911.9933592312,1971.4389881713228,1874.6012649136685,1396.7126889852955,1843.4582590632415,1869.2255423181343,1705.0396930634663,1651.7075054707952,1965.4180774788579,1953.663121168526,2173.4063842134324,2189.3849735759313,1916.1929274953472,1778.400694682336,2150.2239148204867,2491.3735202969056,2035.0307824898764,2115.6601524153302,1439.4852195859578,1908.316991676211,2131.6528770886166,1820.6093101301744,1927.1810372237758,1925.3161960621778,1625.3175139102636,1933.1130374289307,2317.4686341610254,1995.848804334071,2099.3266814067097,2141.04849474842,1858.1828079623076,1914.5015081435597,2035.1515925542221,1491.6492050730121,1774.870831554473,1354.3895012820578,1733.2465803535822,1495.8433616598238,2174.780426504724,1911.2978825594118,,State,NGA,NGA.4_1,NG.AN,Nigeria,Anambra,,State,,
00000000000000000542,950.2098947881193,950.2098947881193,950.2098947881193,950.2098947881193,950.2098947881193,950.2098947881193,950.2098947881193,950.2098947881193,950.2098947881193,950.2098947881193,950.2098947881193,950.2098947881193,950.2098947881193,950.2098947881193,977.0132977862391,971.8762756266538,880.2889348269014,1096.459543532694,1062.5056095449386,875.9423064143897,1067.2929685619497,823.9724090378905,748.7406663748891,988.4273436806795,955.6816113352784,1170.6414255623745,964.8199102424431,978.8742311664677,906.3235827498814,931.8036015439752,998.3310156025816,978.8288048452852,1168.9118556622573,1142.994467087313,899.4684802218811,952.8986043944461,933.6273929999472,903.4676816285012,999.1006042852881,934.7305705072167,804.4579349744361,1250.852143456754,1067.8808311343028,925.8412921430553,1102.7539524918834,1225.4920967049966,899.6210988273522,1126.957559526921,1055.3682651375743,976.5095629770719,900.5045927120669,990.142108281876,1138.7068127800544,942.1821764312987,992.2178381709747,1299.6400724941168,915.2819943427754,1034.4392827977185,711.8036104855724,1012.2291871702708,910.4224035571525,1058.994320861783,1028.1083998497195,1239.8104482925119,975.004075008354,915.7165068980898,1132.52191614167,1040.6555472421032,971.8895622736911,1036.4859084009095,914.3941682801609,1084.161044248287,1015.4049127721962,1136.1807870325038,921.5468938271316,901.6777666808977,975.667148578796,1029.1398249317185,1039.9187435513575,855.4723907232878,978.362420035944,877.6889265128757,714.878338255796,1070.7458637647528,997.2564286579001,1054.691308581951,740.726705237385,1009.3303537492645,927.8807299965451,895.4154860759754,1053.3833554190164,839.3327972646249,729.0595987928692,778.2231249463872,717.1584168660389,897.407183076841,700.9319127887743,945.8726678379411,889.7105103092155,778.6379515657624,895.8801535640549,1020.4793559949954,960.1189210396593,1041.9440890756798,806.4664535471763,1032.1337109645644,911.8582614964823,1049.4447548393327,1121.8902160758835,927.0397669190058,1143.6052025263966,824.7303995973489,945.8872978705003,837.68519567304,991.7243049145466,927.4823975483255,986.2581122757944,1020.6564795630567,1160.1061110885125,1206.241220212794,1012.5378198503248,1095.8661621292863,793.5141353004543,833.6458466215911,762.2563165265874,969.4482242711206,869.0841035471291,874.0254850150781,972.9207424665517,,State,NGA,NGA.5_1,NG.BA,Nigeria,Bauchi,,State,,
00000000000000000543,2548.0891717737595,2548.0891717737595,2548.0891717737595,2548.0891717737595,2547.2928812649657,2547.320946511037,2548.0891717737595,2548.5981568719058,2547.750667810287,2548.0189020337402,2261.607983885776,2548.722451017813,3142.269994063908,3042.692615398498,3708.9114118528155,2937.715892627173,1805.5840667901466,2359.177360382375,2452.069104216134,2474.904890562747,3029.3092342064756,2494.1844708012222,2602.6869203035712,2110.1623371269193,3176.854021906315,2433.634227037891,3008.7439045018714,3257.0263011610596,1942.8056105339213,2438.3691464416156,2464.798261162242,2287.897421321636,1941.185130200997,2483.7982528303332,2335.7863062105102,1896.3159950782003,3005.258092876565,2780.834270646783,3113.465030510505,2902.8821316416315,2845.042234677464,2369.4270454991347,2288.018473176287,2512.305014252279,2323.0120921924054,2003.1909708685055,2325.4380456613717,2431.038514323336,2932.3556423052155,2348.092084325826,2530.5929430625706,2640.2028777938617,2508.0655971902925,2499.7246718643105,2631.242655423098,2242.8615228636986,2560.0274568595814,2677.02590217271,2802.3829124828967,2059.013505826362,2526.289199190453,2965.1281026138927,2252.345857894121,2645.4273056747525,3015.914274099023,2336.9201738759157,2867.180203449473,2035.7645756119077,2674.6788414969265,3102.301345068643,2613.4421674405385,2895.018675578769,2553.3703964636234,2534.799730800769,2766.584528071299,2909.5475513780034,2771.8710051645257,2438.1233952430775,2921.6674509140576,2534.229838904917,2311.660936855457,2329.1266093158906,2146.031233729199,2536.660146267431,2659.6257677931826,2556.9122323885476,1891.9530672268643,2314.7405171882547,2661.7061521551027,2479.313878930775,2289.918072270027,2551.923643172363,2072.192299532722,2390.041035825947,2668.0456168032897,2577.924577682308,2110.472986853822,2554.4141527361357,2268.0015069356064,2687.4272967140223,2526.866034473977,2616.2013546267553,2549.1068962573695,2637.9517259468826,2950.1361105207166,2531.2618517461165,2754.7986496178014,2426.328709098193,2828.4250113345392,2440.5749822986263,2262.1337933070567,2740.41545510768,2331.142579697058,2402.454742569196,2197.576103804884,2775.623953402311,2672.052603815574,2609.7322308699395,2691.3704998264448,2415.8438941577288,2615.261270399026,2895.5262865409195,2442.513248676956,2789.0680771905686,2242.180735984159,2321.5598289160594,2400.008525742766,2940.527874241011,2813.1965121375465,,State,NGA,NGA.6_1,NG.BY,Nigeria,Bayelsa,,State,,
00000000000000000544,1501.1316518565438,1501.1316518565438,1501.1316518565438,1501.1316518565438,1501.1316518565438,1501.1316518565438,1501.1316518565438,1501.1316518565438,1501.1316518565438,1501.1316518565438,1683.050838435777,1501.1316518565438,1685.273880418151,1541.952291022261,1645.479833444644,1756.5186961624254,1301.1040441874682,1569.6543118052198,1844.9968096878856,1363.5920968754397,1532.9903734433324,1585.2735198732203,1429.9047194773054,1501.1525151554579,1705.4208353754327,1568.1081648111144,1496.7123114539975,1536.1762137240075,1459.242801192754,1948.6549613632103,1505.9643659421006,1424.3756798039522,1604.6366615408588,1782.2452961632098,1674.0333217372963,1532.9971313885455,1455.4447530023065,1893.5779421223403,1428.0060529479783,1764.3279095281996,1646.862426827908,1377.3233163712964,1464.9324687614958,1458.215445018429,1692.5987759229727,1576.6879665401414,1310.3986664767567,1637.1454308073842,1683.6617237244036,1752.6954618664458,1627.827241371689,1732.8786586396775,1461.30678907437,1322.1236535465796,1358.8667591966414,1280.1091683367956,1922.4038080797206,2098.2308251943787,1869.2648643649184,1359.0766870201305,1507.9889172212584,1679.2181699060804,1543.9288730904275,1737.2138921296112,1724.758333492216,1463.6670473755719,1667.8000362577689,1168.7531634423938,1537.4059770620438,1582.8451784644842,1344.9090735521008,1649.4985008915146,1848.521878074831,1621.3692278114058,1476.6576452102836,1700.175416931626,1397.3598856999438,1616.9190848831795,1667.8147788794838,1511.2775869793918,1530.4306051126684,1465.6544379293553,1240.7786777440485,1535.8730146430178,1522.693351290719,1597.3360466377997,1405.8683284993542,1611.7604496696952,1436.9809774405562,1683.153399437989,1495.6964148595262,1351.3984016055574,1163.7982127207622,1673.308821394953,1388.9174909946717,1344.0081659828677,1317.604487239967,1198.6017336250782,1623.2968854791916,1634.5032219716568,1518.4095160029526,1228.766405098107,1507.0064945168017,1348.67110573156,1640.4839609726414,1494.8382068699389,1675.02444862514,1666.5186895150891,1828.4477518618153,1434.755033166116,1222.86655992261,1638.8603184543306,1239.673284258475,1250.108447708392,1292.2898447944149,1539.6502864172114,1654.9647029351372,1537.7004303291033,1837.2277880163101,1620.9109023871165,1387.2972466199296,1751.1313527498148,1086.1452246815732,1287.1109382745494,888.905349145861,1499.4229558520672,1103.5241904655297,1373.6659896431477,1468.6221836793595,,State,NGA,NGA.7_1,NG.BE,Nigeria,Benue,,State,,
00000000000000000545,546.7933126909271,546.7933126909271,546.7933126909271,546.7933126909271,546.7933126909271,546.7933126909271,546.7933126909271,546.7933126909271,546.7933126909271,546.7933126909271,546.7933126909271,546.7933126909271,546.7933126909271,541.0509887651157,542.7831844340872,544.2001258556779,529.0587947831264,626.1400388593859,718.6799534924218,516.4161449689423,662.1760266484184,372.93657141595213,309.8572254516802,306.01170764385347,539.907590788344,704.0932696149684,496.95980553187417,726.2879524486426,456.68698462257214,669.2006935173245,619.832295076923,475.66802915121303,572.9442129512817,719.5426678219521,487.6022122714677,454.45187830268577,636.2222129339222,545.9527995903958,594.5507136956384,607.1181176994988,652.8654510687285,484.4000673890951,577.1689101977305,642.0106170805686,500.24741104207976,687.8353707044269,581.5917975991458,623.0096278682232,746.9065028858855,466.23936098184697,491.151553223615,520.8413500252416,556.6503081745526,454.445790281134,605.3878638284467,736.033484445598,504.3571422960107,514.5566802600043,403.93850300234175,655.9164101558459,538.3892274595578,628.3219589441559,674.0405748371254,630.998852184559,663.9349426143374,584.5793169189554,666.0779392294472,654.0030731781496,719.9898365627884,645.5581948074145,690.0760189780227,620.6504779262153,612.9891936360139,562.9551058708907,507.9252950402613,577.052337097698,703.9726308594759,570.270834057269,513.4359889509462,620.8692415575687,468.83211819923537,423.7736599030005,388.897912819694,535.0258990252688,589.2982985352622,596.6256808624331,554.6722135949892,670.1192234791522,567.846284829274,566.3836332884938,465.35447465219295,358.75811340218473,316.29239974855733,330.55080439743784,417.45370005134123,482.24369349264776,343.4614594395272,617.0595319630438,535.227111562829,413.49749028054885,532.1590290310855,474.5804599239986,484.8146192817955,548.8468572987954,581.148565775385,545.8840145765528,473.4744298164584,601.719408307937,725.3988550117559,566.2317858957364,599.6082078338407,475.54110534907676,598.8770474355443,532.3040943260872,698.5183465762884,534.4296186708133,740.5863525996182,524.6765911592731,512.918285250969,612.7138195023649,430.36814656819433,660.977758216306,448.9849331108681,575.9343825751465,520.8449111301379,630.7737254968698,559.1305700635655,662.9379572716563,691.3430418685527,,State,NGA,NGA.8_1,NG.BO,Nigeria,Borno,,State,,
00000000000000000546,2346.8287301413493,2348.2607459704936,2343.2823697659883,2348.269616676865,2172.613929569058,2172.813821279158,2344.9179918950404,2456.6321105484167,2268.270218980969,2340.1736310310544,2041.6502686750555,2548.414986341331,2798.753081815413,2699.666473951823,3241.3068873621346,3174.6609195892474,2537.891709480979,2710.014212636683,3027.096634085237,2210.233936551088,2566.3409926278405,2069.607150857928,2689.9979319235936,2530.9539218187374,2880.5407561460574,2461.5060802674125,2295.0030839304504,2368.7097575500293,1935.9384861403507,2616.9364187861515,2183.1720274546265,1828.138860973074,2397.1520346966513,2728.558733944289,2623.0403572294244,2456.727458003272,2988.0612627548785,3567.201372614376,2584.6600879841685,2604.8482178869276,2671.914546138486,2023.621678617945,2446.3723612418735,2006.2366212038014,2684.542731109246,2506.14584286533,1970.9179891093818,2502.3056945327908,2718.5224693804525,2760.247728484536,2573.383680232664,2716.4817844406457,2494.377278857911,2197.313307995762,1976.4280442881209,2102.694513342686,2359.0829232110164,2449.8872381893584,2813.6118652412533,2312.1174838631273,2469.3549447022688,2257.1492340436102,2271.016379088109,2757.312526859252,2450.1730470056855,2267.824699723195,2734.9799029517803,2322.144005499922,2738.1476307251132,2448.971262302982,2543.535727413192,2532.1304848070868,2170.3927660193945,2430.6357557202987,2626.247021494692,2321.018283584451,2305.7237571010223,2291.166510509293,2848.869069607901,2189.997055369677,2247.083800280794,1944.1148238514559,2050.1809250202496,2385.2059463047444,2350.2454545445166,2521.0027441144885,2314.7111568448245,2527.7982242217217,2357.4957150723803,2717.4580308715636,2459.425372961861,2370.5411185568064,1939.9180623618868,2183.1858406416172,2286.965286136665,2157.8940028518264,2195.4839571684015,2055.4135017572344,2356.8309892933044,2443.877215286429,2380.205624062506,2229.6278739399368,2152.7563947545154,2386.881268729256,2651.243805486193,2531.1544528718837,2744.9689360200928,2370.8423538003813,2584.059336970601,2369.721697106464,2190.057986528005,2390.961370343204,2254.467615170821,2049.3079368676213,2535.07466156655,2383.851452156967,2561.5654207458797,2447.312714839623,2574.541889633994,2580.298501962204,2680.874664224963,2487.880202647381,2195.728993485823,2080.6456207692377,1713.2731436302097,2642.9439923385444,1787.6283285697427,2340.8369712200883,2388.738817936368,,State,NGA,NGA.9_1,NG.CR,Nigeria,Cross River,,State,,
00000000000000000547,2415.816380641494,2415.8585070993668,2415.913404672777,2415.867153944026,2415.902960585023,2415.8937849781532,2415.769648324098,2415.9084869564867,2415.922266424395,2415.8721847839183,2727.931003874832,2415.7958544243324,2778.5620505265592,2631.920405136797,2891.9741902041833,2616.8262654785067,1704.1215913962483,2198.1029061100126,2275.6762723895495,2335.637304817634,2857.963470046506,2360.0439837949743,2388.4819383808212,1895.1838565044304,2647.4383758481013,2232.930030774825,2803.2904145687207,2874.586099679461,1942.9768467497736,2359.6045251392807,2396.682787965099,2078.0750018311705,1911.5563810542042,2319.411678027362,2196.7214262051148,1873.1216529542644,2570.3114666433166,2526.1882172008477,2791.1070068405847,2692.6049457043887,2668.170291478715,2242.6553998068807,2320.1198578258477,2469.8712425674908,2348.6201249490614,2040.6139417496177,2222.32915333723,2364.1116055659786,2747.180587051075,2337.412085462883,2480.119650889596,2430.1696772696105,2498.5542037966766,2362.4726630820333,2308.591057435186,2098.8662908304627,2453.0634503730375,2591.184551164216,2652.639201822359,2107.3362852830373,2444.0931129244964,2711.4280499963565,2255.0734867231745,2681.390249563494,2717.365671718096,2119.578914285773,2643.1691598244083,2031.3403748825071,2523.110862872815,2809.526182815549,2298.010353342546,2409.6546024574504,2696.7709498961904,2210.0771382591643,2749.8121707610526,2673.372850488895,2637.0845001702896,2381.7296395177455,2669.0416757295693,2374.080223689142,2347.492986638773,2103.619825547976,2192.223112416045,2472.845519705815,2403.407732411836,2548.179465575103,1740.3465234105433,2266.1687747905216,2502.239939807461,2324.3190646081707,2204.037506887805,2522.4395771705604,2050.5869909344956,2204.0337249622244,2431.2734270660444,2290.832336902164,1986.3915129784466,2445.286304821724,2308.0931678363854,2614.670540057839,2623.9768969907823,2615.9190741218927,2302.0942828056586,2648.129464571213,3012.4461776120493,2487.4396129341635,2680.059096090367,2100.4621658949723,2684.1455586809398,2488.676887319039,2212.239438768434,2790.1849545562873,2115.8692514247805,2445.4334917110236,2162.689993157741,2675.004600886546,2470.939416943108,2775.954181153366,2502.2735347983808,2486.4450907842465,2576.173558468821,2655.494383975526,2165.493367466544,2740.578217116261,2177.1525969767645,2084.038244607992,2326.9064029074157,2778.9958253486843,2555.8006522779388,,State,NGA,NGA.10_1,NG.DE,Nigeria,Delta,,State,,
00000000000000000548,1960.9103764982813,1960.9103764982813,1960.9103764982813,1960.9103764982813,1956.568479370295,1956.568479370295,1960.9103764982813,1963.6833654387938,1958.9568661971834,1960.8013606541595,1709.7451521070795,1966.0220519219167,2560.181809827852,2379.1150725829248,3013.062596992245,2788.3283975980075,2221.330029866023,2311.534766739581,2740.593716325431,1896.7789140046368,2154.1792720815056,1617.6477067974254,2185.2657968707317,2022.6940382021385,2402.0283518527654,1935.5525863966122,1916.2133812776985,2028.3759194105908,1725.0974145401096,2784.2442365500933,2002.3804319214046,1511.681342178204,1800.145719404994,1997.9875104106593,2209.0421207200097,1888.9418907369327,1799.968835965009,2397.9911273439398,1866.8532154589038,2071.4805764730486,2366.2497201690744,1771.6263107588827,1866.55429769315,1765.3639277068664,2218.8314890182965,2094.933259079328,1662.413739567998,2209.3179109933712,2070.20350306818,2316.879642762624,1943.829212072001,2134.5721488904464,1979.3620441245941,1734.4586328670434,1688.7727327647863,1768.7379493657802,2160.6084987497725,2285.8528604530607,2751.209930938676,1841.2306164912427,1853.9962438626912,1983.7057746787164,1972.1851561195706,2066.0392832818566,1881.6703813431504,1654.3746840044853,2077.09242714673,1559.5419914760655,2422.5265821593084,1944.349346559218,1778.4364415039538,1988.711878965062,2157.8569080413918,1846.902014415087,2126.279876397732,1891.9806336249583,1909.912732947388,1890.5438438737895,2073.786253874947,1932.1800853697753,2087.899001667603,1884.7733557443123,1851.5374912374978,2206.9180071674664,1829.3542357153426,2086.2432920614337,1875.1236911975625,2150.4426209652174,2007.8090033584456,2288.8536461139547,2036.2435622287067,1926.9252933837536,1374.8531501847835,1960.8461109548591,2017.6675752674048,1755.427718486295,1759.7720301045902,1719.6154880014192,1952.3275291142734,2246.812233330614,2187.4754318526325,1836.8596845333182,1794.760635709462,1865.2224832528307,2310.75725675104,2125.0027103877983,2406.9769785706426,1878.744445237562,2014.299670819231,2141.8151415565053,1790.7238283977165,2028.0408462442897,2028.3172785873378,1828.5839259780803,1964.1728061492609,2178.2427631098417,2135.864163428849,2038.6537065621776,2202.953793748482,2057.8045982149633,2059.4497566538103,2255.908176446204,1675.7810618848466,1720.4848102793758,1342.2607533333082,2124.3377303743664,1466.0456020657214,2117.9104695183496,2069.5478475903237,,State,NGA,NGA.11_1,NG.EB,Nigeria,Ebonyi,,State,,
00000000000000000549,1887.4567548693328,1887.6091489826972,1887.8037111434473,1887.6305443699378,1887.7581693871623,1887.7272677743365,1887.322212752828,1887.7700074178313,1887.8220765845178,1887.6564238191384,2422.9527061228373,1887.3591985409978,2121.078158775283,1932.0839000304054,2063.7550208343323,2012.9192637250467,1446.112998091809,1730.295779793394,1919.3266138369324,1800.0687510297344,2108.288332886491,1787.8984603788224,1692.41657992872,1398.058883919745,1448.8238549542577,1739.5380702293728,2096.147800450238,1924.7382637257958,1659.0690494092696,1773.2751920547955,1930.5945786739424,1478.9331288343562,1622.7650116341244,1849.1654973878453,1662.4089866965828,1533.9910849541977,1940.4748471499956,1888.7982327326674,1965.3022509241398,1987.8575118176045,1909.3464339648292,1545.867509994039,1832.9386408893615,2007.6594309988197,1900.3626168093067,1618.5289807091465,1774.1690847572374,1741.3764120558287,1916.5872927425828,1842.8763462838956,1918.392258598468,1622.7301741430367,2045.534995143399,1680.8998382661975,1503.0423656252995,1395.2606029393485,1846.1724550773763,1677.715212862916,2216.894053509484,1472.0296410402636,1797.562272962325,2023.78417769356,1695.2867750671014,2107.7339602417746,2009.4007045816059,1722.2577109962886,2307.1462817045817,1586.2982579143504,1836.9804618226972,1968.8894594906299,1896.0754959761732,1822.8685218483397,2173.86571322014,1639.2720781384805,2440.4814191198057,1976.686790981176,1861.1480210754773,1994.3748155839608,2034.7757151223402,1882.4565375766867,1882.352004480655,1565.585742000276,1791.4141501678278,1937.3599334529574,1930.0418312681236,2037.1622157184624,1517.105711439636,2099.0897929934636,1962.0855743033758,2072.5109896981644,1711.7393836273009,1748.0996127450396,1492.1182883233382,1447.4905656873084,1657.1800626321804,1410.1217690497087,1899.3127678619574,1942.8403055202743,1844.5820100000303,2093.90768170503,2274.1198480149715,1821.4184658120748,1675.4393950479896,2082.907628533299,2366.0417700082976,2089.7062960197595,2013.4481815267927,1772.98132955165,2053.596355508442,1927.2397532457223,1838.9468514003643,2172.85899381111,1647.2615063532733,2017.141291968223,1723.943454859447,2090.767868996837,2206.609710281466,2222.845403884233,1916.0534175755788,2204.748435346919,2226.0059272812923,2034.2741354351394,1600.6352281441718,2118.1867307698076,1631.0090466645602,1770.3291827055575,1750.3898486178346,2079.2737826107477,1973.2620110634646,,State,NGA,NGA.12_1,NG.ED,Nigeria,Edo,,State,,
0000000000000000054a,1427.8798414683647,1428.1050556590176,1428.369724908735,1428.134625405313,1428.3048460792866,1428.2622206257627,1427.7355528874189,1428.3196469294905,1428.384415671418,1428.175127452058,1931.457019827807,1427.0905269793616,1469.0787473343548,1409.8384687421517,1564.5460558255152,1344.7643378659589,1229.1675993156218,1402.867412299979,1662.3823201544117,1433.659371972769,1529.8435358513923,1388.3825056424237,1224.2006201059755,1052.2212619365425,1270.259461570416,1472.3881095947547,1723.2328218619944,1566.1973813185054,1161.9139896922766,1183.913557435834,1472.134233266697,1364.1859475627423,1312.457038257481,1314.6657438749014,1253.6983809356163,1165.2891433663267,1554.3629121659958,1374.1322386574118,1424.6202403089349,1485.4085769740916,1533.1425404247545,1228.7745598180973,1917.2136715386416,1768.821315130328,1450.8586565230119,1182.7816370932298,1309.646084458081,1179.6509215117326,1461.0892469929497,1364.3928093017862,1483.94771949952,1192.5000842299173,1329.2281637093229,1327.7695675487496,1115.9694396061684,1060.0529271507924,1492.9580790085033,1176.4827755425472,1594.185540217894,1238.548271450739,1520.0674589838145,1406.1151145470815,1435.8236728672598,1585.765377005261,1552.7209567257241,1141.1611644863126,1928.031441304221,1104.754858006019,1357.1266168360053,1375.093781183289,1230.022695407802,1581.2175314691945,1869.2141041104207,1199.6481781531425,1490.4668634460663,1459.3512203247215,1153.407609311092,1970.91012913105,1522.1771172261817,1245.2455906829662,1297.4530337626024,1183.574133819335,1372.070861325883,1397.8587769816036,1443.5744914110714,1215.5204256848272,1112.707613641715,1649.6289314769308,1443.3548895817266,1465.2398236665608,1358.6100337031792,1309.080821128171,1278.501108933809,1458.1836615123377,1663.109470511961,1206.1278383800277,1389.5824004040796,1484.0008980086427,1383.306391859438,1487.8051153767674,1858.6565554560812,1421.6452778970609,1271.2216473129397,1192.7439731462132,1720.4155895701783,1358.6727937507849,1451.3635388449884,1415.5390201748173,1457.6063507115118,1427.4891026668793,1049.1944472513298,1477.413444720508,1190.021903562491,1451.820114608747,1302.0143829240596,1408.5474222842372,1491.238315726805,1531.6796585591053,1361.919781655313,1446.8897192831296,1424.8037708514596,1504.0866627742448,1183.0146649401172,1618.7963681489266,1256.9675873888896,1583.8408096611295,1318.650280046956,1328.6047983443289,1648.6353571264399,,State,NGA,NGA.13_1,NG.EK,Nigeria,Ekiti,,State,,
0000000000000000054b,1720.3726282119753,1720.3726282119753,1720.3726282119753,1720.3726282119753,1720.2821564674375,1720.2821564674375,1720.3726282119753,1720.4317222118375,1720.3323163986206,1720.3688492298127,1855.8998219013213,1720.4824019432067,2216.063057470322,1953.9798580169677,2360.6271047592163,2056.078457927704,1584.3072297573087,1734.791524553299,2200.333430671692,1624.199074792862,1697.0925916194913,1584.1260437488556,1588.2096334934236,1559.590027141571,1816.7668158054353,1690.7541251659393,1688.5890808105469,1813.6658226966856,1569.9591448307037,2635.052897644043,1835.2767198085785,1523.5207685947416,1563.015927362442,1717.9616235256194,1923.474354076385,1582.920625305176,1408.9057511329652,1921.8962076663972,1546.8664473056792,1789.8932411193846,1995.3706601142887,1548.2557908535002,1920.4154061794281,2018.7878580093386,1730.9862424373628,1545.2745601177214,1615.6723677635193,1839.1523410320283,1993.550004196167,1908.5742610454558,2003.361091327667,1765.2267867088317,1639.1306200981144,1697.9571589946747,1523.9446724891664,1506.3413305759432,2038.076116323471,1954.4581161499023,1964.9166269779205,1575.635430955887,1578.7865095615389,1876.5823966979979,1691.0827993392945,2032.951723384857,1839.7630772113798,1638.8805474758149,1905.622282409668,1381.4972661018373,1663.345228099823,1965.2334933757784,1378.032825613022,1855.2482305526732,1982.752788925171,1572.3947517871857,1833.7799097537995,1644.3513010501863,1667.4865756511686,1657.367230415344,1769.4947033882138,1719.4005345821379,1874.9078954696654,1830.2440054893495,1673.5075138568877,1919.3880452156068,1494.1145348072052,1816.9369063377378,1510.4756805419922,1938.5586436271667,1845.3425266265872,1995.1879526615144,1758.4310923099517,1700.3431046962737,1044.1104864358902,1774.3358540058139,1829.667745065689,1474.6480441570282,1534.3720674991607,1538.4446030616762,1710.9316224098204,1987.1603389739992,2024.0277789592744,1534.5257576942445,1586.294913625717,1594.5504479408264,2194.8734517097473,1898.231856441498,2190.6087530612945,1467.7699701786044,1682.2702641010285,1981.1306459903717,1659.0140490055087,1735.4989048004152,1841.6576679706573,1685.6013840675353,1714.447731256485,2091.9956246852876,1886.7811998367308,1814.2811552524568,1838.5878017425537,1679.587389755249,1712.0644808769227,2032.4479920864103,1330.8382474422453,1543.7904843807219,1157.925108385086,1648.5280029296873,1308.2284456253053,1923.9993103027346,1788.7347739219665,,State,NGA,NGA.14_1,NG.EN,Nigeria,Enugu,,State,,
0000000000000000054c,1390.3962443149965,1390.3962443149965,1390.3962443149965,1390.3962443149965,1390.3962443149965,1390.3962443149965,1390.3962443149965,1390.3962443149965,1390.3962443149965,1390.3962443149965,1736.6459861410135,1390.3962443149965,1658.7900089554723,1420.0673401152603,1604.8725514277792,1641.3745762622457,1259.0042113013717,1464.300987769281,1959.1194358231628,1484.3457664244036,1381.34639966726,1496.0101931945574,1248.258380950542,1312.3306772299702,1584.4783193072735,1819.080952174314,1583.4537163915993,1614.2914509079283,1412.5036976904078,1654.9584101021069,1627.9906148681143,1423.0692004309929,1491.6043900226603,1838.622442992716,1514.426698842536,1344.7021005150737,1937.9331878276437,1696.634328650106,1630.744002630309,1721.5929121786455,1575.8725858144842,1323.217122429009,1588.1412694396845,1791.0003632748803,1300.6093270278102,1339.6584863301155,1305.7382781148879,1330.5045458626075,1473.0330536348984,1357.6343462664497,1377.9410935847843,1222.0195332405472,1290.430896881887,1261.1369502506495,1381.7313266758813,1237.8335703660455,1604.427349900791,1481.5361657560572,1511.5146813312938,1318.5397879549591,1456.8347690487412,1251.6458149539465,1421.258497098976,1592.6080655184658,1513.6075142363936,1128.641350778423,1580.2097855205197,1256.0803551594188,1316.8373715649122,1472.2678427682617,1324.0032185656753,1618.3068466964078,1424.5687205100419,1506.555134079284,1323.3031804566474,1558.0737160372817,1369.2424323373161,1430.2577025222622,1574.6108445215361,1335.4845371798403,1427.8570641238882,1404.6862348579068,1212.6318719166422,1376.8973503128343,1519.3668744864385,1315.8931673269974,1331.9511676699688,1685.4643082430152,1402.569168482709,1330.043984725336,1257.4474260133477,1342.1570550768508,1214.3413102110694,1219.4852489995505,1422.8705662549683,1488.4159720320142,1314.6339304908845,1241.7578901811078,1249.8225358915581,1369.5937707016917,1475.49715829469,1315.0370599596633,1425.7922589208365,1553.5681338957554,1300.3609027948078,1363.7678438630628,1325.706075190137,1373.5880129441305,1635.5928756023393,1186.2337752481014,1338.0883945818096,1852.9928639874959,1500.1459194079155,1476.416818810831,1375.875136203198,1344.8668187013507,1389.77195698069,1192.3587419064345,1461.1353794102565,1548.3312543891568,1010.4571299811454,1473.0081316344942,932.5541794874498,1272.5791305249627,819.3961829314946,1389.8077924551885,1054.9643191661437,1133.8685620973122,1251.6290227965435,,State,NGA,NGA.15_1,NG.FC,Nigeria,Federal Capital Territory,,State,Abuja,
0000000000000000054d,865.7042076597821,865.7042076597821,865.7042076597821,865.7042076597821,865.7042076597821,865.7042076597821,865.7042076597821,865.7042076597821,865.7042076597821,865.7042076597821,865.7042076597821,865.7042076597821,865.7042076597821,865.7042076597821,865.7252999113739,850.7699014267239,769.2078877900119,1105.7984794054796,971.6512676932027,830.3636809753319,977.0413986280973,781.0623688393449,671.2528204885128,796.3498386114593,689.7220292461287,1045.643089861331,766.5421593299278,926.437194344728,903.469539351393,812.6356881149467,897.1284741590531,914.8439113286045,1009.6949496954434,1062.846655802875,841.1784274087207,957.9470270584533,935.6875117774874,868.8343942495492,959.2023721598175,817.839017268054,682.4333685492533,1076.4884279940989,931.1594193728581,901.6623394605571,965.5668921637649,1124.3050990028194,841.0977786299833,950.8386244553784,932.1789437901173,937.0579081583724,943.2782965677266,844.4330488389136,1026.756314521452,768.911147746634,827.1814197996048,1118.7815221508665,782.4189361422423,927.4808683654483,666.0448362209986,852.2224933031149,832.9131657027575,992.0594345667164,970.7039593935402,1013.196108144707,853.7075626354557,834.569169883915,991.4938307741854,989.8647338967082,920.3363212622909,1038.2795964467346,902.7048497975751,1008.0975034623217,1008.3698291634963,1072.9141507362576,777.5588719344566,751.5691792839285,955.084672334112,966.6884934845219,908.5802827276299,761.184586565233,807.1588547027638,811.3161656955648,666.9926851912527,928.5281052709599,854.0945061966165,912.6585912826213,665.6691738746755,856.4321479660007,832.5887470351497,908.2712330619948,954.1066930393149,753.8008776176189,676.7403299884203,684.0076896055629,691.2188340007575,895.3663088334952,591.6722141446926,995.0379259774413,860.1926506879089,679.4494290016286,769.7307976206077,896.2870039969536,871.7937335774473,907.401590749987,803.5098662580872,898.9036987404581,819.7306981063317,958.5644705365019,976.0289394447336,834.9122827907631,950.2568014141774,703.5736734443326,848.4840836894881,776.970589865327,863.6807299724771,890.3188815402516,803.1788663723657,757.0223919657755,908.5900620281012,934.398651902219,625.3534573718881,961.6635137829568,615.3760578461441,751.4398178674975,665.0596066339122,1008.9716556230659,780.9287008182505,864.083651658478,1084.8604360827055,,State,NGA,NGA.16_1,NG.GO,Nigeria,Gombe,,State,,
0000000000000000054e,2230.848263096165,2230.848263096165,2230.848263096165,2230.848263096165,2225.9821613758536,2225.9821613758536,2230.848263096165,2233.957227689726,2228.665018717448,2230.7339779278173,1939.9964089608407,2236.573421031505,2868.815585574588,2695.435162930875,3391.533652365745,2917.0676419369806,1964.1794083741333,2291.2273540324995,2522.4870432260877,2153.6058027250274,2630.010046744132,2013.4326621390678,2393.2802360465935,2020.2086846291481,2714.0304021062075,2181.4606208457603,2352.2133725140543,2470.5037379909204,1856.8225395271368,2647.2997069487697,2206.713271819793,1818.5101214572114,1922.626218778593,2272.4686482060065,2324.8438779813746,1926.279810037699,2447.791900703499,2494.854558446386,2348.393662598756,2335.9139935605162,2630.161009504988,2260.736281386367,2594.157069025813,2524.6630948728266,2482.278574763118,2202.6437487215608,1971.3541876303182,2411.387478802655,2772.0072483372046,2444.1184097152577,2512.906829696518,2367.133921442805,2382.650830792951,2366.6264741914765,2137.769679301494,2124.693090834059,2444.033651815879,2150.012071076814,2295.2125326620567,1931.1818062034813,1999.6796399365674,2504.5930038314686,1940.5503657572979,2422.2644162564666,2436.6652576343436,2091.679674921809,2501.7591692950277,1810.0768541903108,2418.856527380041,2822.3284927230698,2162.4083728274786,2542.449421513188,2094.3601934759467,2296.7755889205246,2478.917698078327,2495.6125405801313,2326.659301414146,2102.857427442396,2575.5222653225733,2257.0707248997046,1989.710854676393,2174.929851222683,1809.6614570274012,2323.2470653637038,2062.8158827773086,2361.8901046890396,1984.9405479774819,2301.814825247,2523.4798706329625,2277.8891373367996,2327.675588109472,2230.458747726303,1624.242231626768,2080.31114712277,2267.238221520776,2044.5528119748778,2007.3646310342322,2406.4565385698197,2351.1123767199815,2566.852488062403,2431.2724408673803,2269.779028265326,2131.039987168871,2512.495947760505,2588.049326578777,2512.9808065053576,2232.6624443810265,1704.3676058107667,2380.8478459538637,2408.570359238633,2176.4378639427396,2286.7468903687623,2274.5252284144494,1733.311479241998,2358.082502622862,2734.195285419086,2358.2317709707995,2506.2705292572846,2674.638211774396,2206.4417618760117,2321.6196887042074,2455.7210749720666,1974.1893704388594,2092.7755259608366,1647.2318483644779,2430.2877283869566,1775.287608309909,2580.8452400001324,2378.0688910956856,,State,NGA,NGA.17_1,NG.IM,Nigeria,Imo,,State,,
0000000000000000054f,586.9104580119632,586.9104580119632,586.9104580119632,586.9104580119632,586.9104580119632,586.9104580119632,586.9104580119632,586.9104580119632,586.9104580119632,586.9104580119632,586.9104580119632,586.9104580119632,586.9104580119632,586.9104580119632,631.4126200603706,671.2740776735939,520.0984832248591,635.6225453821237,831.7682883044218,479.1662499903751,665.1128355362034,463.20144019056977,310.6344065706733,537.0794215214668,577.1961738649401,765.0869491782054,589.055227097552,755.5337644198472,550.1388122475879,739.5410125044394,608.5417722894946,680.8340328076032,608.0173207652292,639.6120868122197,640.0625989368076,504.734764190294,581.7624686131766,637.8362521577735,621.7512738955231,696.1997201902402,719.1543361790239,790.5917958899554,657.3655909497968,577.500940582061,682.1304999240238,788.1405366016638,559.4155903677936,733.127263474144,660.2303265088354,568.4655679945026,529.079544730972,479.992449805671,686.4884065536644,445.6511900712516,755.7484665565543,911.4498953401592,604.4584195309852,546.4649559322712,403.3759951166762,689.7777778350088,588.0569017219239,761.893074331722,617.1999500853183,873.39673900522,750.8690622049378,599.7999022444938,733.1796863119313,725.7472364391114,610.5097619066452,553.7697230140841,748.5200723627158,781.7898268230272,682.6645377500898,681.0063369109946,627.9692083953033,573.8780055622375,593.5593236754265,525.5841733155409,536.9478141669058,570.4439495105938,540.5931610035989,410.3562558117621,305.77609981843756,589.4485143191772,575.827997060778,539.235939321956,508.69635590265074,638.335067717066,595.0417733835708,644.5406534670315,529.7594305895901,518.4128841801025,407.92423017914695,390.69234971012025,474.81964224495437,482.49650408115167,346.2845918308325,689.3349322847384,529.8165164433838,483.9750737595238,607.9539241567538,622.6914026481965,526.5617655328421,660.2871582587687,517.1227113884247,645.7665850799248,721.1950227014387,925.6483486354592,767.9247203684504,601.7632754810986,868.2183974029778,560.849121420845,813.7824547807469,617.6476986753362,755.2881202711853,698.3207903292522,667.3724026559562,729.8299438619431,699.3032927259928,689.0902734098285,752.0414255388237,829.4615715603031,584.7104184793488,483.94904978856596,559.6905738912341,577.6585863448722,590.8036998463512,602.4500305017873,659.306771797574,,State,NGA,NGA.18_1,NG.JI,Nigeria,Jigawa,,State,,
00000000000000000550,1222.989532630011,1222.989532630011,1222.989532630011,1222.989532630011,1222.989532630011,1222.989532630011,1222.989532630011,1222.989532630011,1222.989532630011,1222.989532630011,1232.3168671058695,1222.989532630011,1230.1070997636173,1223.7878566083782,1353.996420362838,1336.6414235875468,1050.7958139841571,1292.4872300499433,1545.9486066419713,1142.41434749276,1342.4412067644635,1145.9793798553628,1207.6487876699084,1061.3797982366125,1473.6713100306213,1373.2148561024508,1314.3423558070372,1163.1707457229807,1100.9806868867565,1347.3204094732705,1374.0595360042232,1177.619586992066,1265.7502788124496,1311.6466657403419,1476.6391337439009,1550.3805644439094,1376.6528336406636,1297.4629917116692,1375.930966820077,1415.2677429305425,1303.5978867065285,1124.3556537916666,1132.6907469543044,1323.5515401005634,1441.7588594355207,1275.7068997274487,1130.485630938653,1208.791628505057,1522.5569603345175,1205.5118545615967,1234.1919884082388,1180.9593844612257,1333.731933009623,1112.37634711967,1268.7584724002475,1372.3679537767384,1245.1877662067418,1316.618082415418,1070.725310086534,1063.977053346508,1426.5659051669716,1269.8673933128998,1216.4922870793762,1433.1086575121724,1509.6850066840484,1067.4407528405081,1588.159171901862,1082.2271222980162,1260.0945381141064,1310.718162866469,988.514587459531,1393.847542986527,1360.6315610954807,1264.6254323725245,1191.382138568448,1299.0851829017186,1191.99092280761,1308.0546362071038,1420.8122695271325,1045.9993151906124,1247.7399132072073,1224.635898014641,1164.9397235799388,1323.6243516679208,1267.852020349453,1261.263551994143,1056.967242155508,1443.2059917569945,1323.5646025389976,1132.3629638565676,1162.020730148436,1206.267686257958,944.9737400059531,1100.32996208386,1191.632952053278,1110.5099312720124,1152.8096643283714,1181.567068458162,1029.949667151299,1071.6487786833375,1331.4936187748228,1128.3034722092418,1174.2755425593223,1197.0926705004147,1059.3866523188165,1233.921109523883,1274.5178568884323,1229.5087324797814,1233.3689571600685,1180.5761783126525,1235.0531177666276,1329.5884605574172,1395.3723793034897,1301.2075467156271,1068.370070208158,1090.2738852232214,1140.959893640338,1001.2745382078936,1193.6025208238457,1330.6335235011577,1068.3159175316762,1392.4860812230468,882.3272778359529,1145.885999142158,864.0895229866032,1333.2576156409932,1041.4947467855527,1060.5983709315672,1173.9892076551796,,State,NGA,NGA.19_1,NG.KD,Nigeria,Kaduna,,State,,
00000000000000000551,868.8546130171511,868.8546130171511,868.8546130171511,868.8546130171511,868.8546130171511,868.8546130171511,868.8546130171511,868.8546130171511,868.8546130171511,868.8546130171511,868.8546130171511,868.8546130171511,868.8546130171511,868.8546130171511,963.1255376739662,987.8040476782296,688.1114246313907,922.1077683971774,1215.0717442234798,731.3243374489497,1027.4019924180116,763.607725693246,594.4732700156295,757.9595299874022,905.655581162032,1021.1286071606528,902.2135963276994,1005.4728118811078,832.4687324689123,1077.9598579266267,918.2316890126006,942.0799990373188,862.5064211339835,878.43252710468,950.07518844391,815.5568882988136,852.9805069677715,891.8029569838534,886.7397013040684,1018.1155102873503,1047.038503950554,1011.0288827547463,882.135532380836,872.9085441271326,970.2153888050034,1004.0712743094155,786.2175733133909,1093.1087998544579,932.8476296926497,847.5499311720507,861.9495130250411,693.500218464324,886.9257301581173,626.6826206667466,1020.1102471671202,1076.2987191985085,840.7360475287029,797.4237321805035,689.232702430841,905.7482739070815,870.5808090859507,1033.072618431398,776.3935940515345,1151.8718867395355,1112.226108687566,792.6185182444142,1076.7042363990406,863.3312643952706,1012.3917470345672,843.5384946231167,786.2695133593003,1165.294852910398,825.5917706413006,844.5898180736992,915.1600290462254,850.4941754174662,832.6998923303524,703.6384635157744,837.7756612375676,890.0977475330252,766.1447862778801,676.7404457369862,529.7330868628718,767.5064654157128,769.9289805116877,704.3466825958624,791.8309171358886,998.7803070522372,807.965994148968,894.360382668943,671.9569376654576,704.3459405633554,552.5983077816381,589.7423888153243,730.0920207200197,725.0583074403662,608.9813769412578,1039.767668396616,722.1743712201178,636.569892607973,1081.5578226698292,913.0239863354253,877.8036830450899,823.1126056558201,745.8794791209959,1069.3220635230246,1223.2707890381184,1612.7770503964655,1220.7828369680044,1053.3492029504446,1478.9819274084227,923.3557042149841,1302.785431047553,1187.6894644977315,1175.2168366391038,1194.1163763770269,1130.1297984654923,1281.3672261762767,1118.203612957599,1092.9013873077945,1190.757536344912,1093.5193987868993,837.6598176797444,759.5805858477769,807.1295042084319,833.0857125896299,858.550638106421,776.9119949913955,867.9584722514708,,State,NGA,NGA.20_1,NG.KN,Nigeria,Kano,,State,,
00000000000000000552,731.3625359339636,731.3625359339636,731.3625359339636,731.3625359339636,731.3625359339636,731.3625359339636,731.3625359339636,731.3625359339636,731.3625359339636,731.3625359339636,731.3625359339636,731.3625359339636,731.3625359339636,731.3625359339636,817.0723732564386,915.9701862247224,611.8093059422326,742.892659191954,1046.0074317398519,603.0609382693127,841.1748079062847,612.7777305253946,496.99505990759246,615.383199518896,783.4976542441573,869.4792341596841,746.3406153147308,861.5509598354736,681.6088343164806,929.2526882025626,791.2364123574725,944.2990249806903,717.62506406751,844.995382299686,823.5822096452378,759.9506817294423,892.3472502113592,796.950684331864,757.705671918465,892.1180725744458,814.2537843927515,792.167609288618,829.474125096305,787.5660795319512,940.474419481929,817.1209876366411,787.378910172656,872.4115124806966,986.9604760343457,729.1239525062934,712.0149293316226,606.5770653160029,802.1414448008427,607.397575801692,920.6279732438189,981.1942362997574,756.5663755155535,754.0812838794202,623.5986389494972,812.6846304421352,765.4341278475666,884.3474092862805,797.7920150652209,1029.581050936056,881.0027761902837,735.0972795114301,988.418389421555,842.5664779459532,860.8435652889436,792.3132485196027,754.0028161701754,898.6708543675455,854.2123142304736,882.4053714011707,760.5823670270632,813.2742151522663,746.2234840825855,711.0441850739038,689.826012472874,703.3145535312946,640.2329484963119,593.1755159152386,529.4788785420099,746.1025328494087,677.9515005753027,695.1317393359159,653.7628781212015,832.4261281292069,834.6370214793529,747.5945345578149,641.7612437395783,616.9044859348398,531.6188865236446,551.7252451306106,637.1418262648622,651.2626938134442,545.5517897796726,810.4382760999448,705.6042577641041,593.870217494872,730.387913801771,731.1634817072289,651.5524957435949,815.6294463437899,626.2316884905333,653.2104968689368,736.9969777629318,824.2865498467526,694.8080060174381,799.5585513997743,852.2352925134024,747.9671596274563,942.7182941500974,798.2624746773729,782.8677320909565,821.5643288936124,767.2579778526922,716.0327631293235,726.0439268672665,932.7975702993209,866.519673774433,883.841931622606,709.5802549108457,646.4131516182072,662.1576977986499,752.667289236421,771.2647718318517,722.107225856346,771.843262045955,,State,NGA,NGA.21_1,NG.KT,Nigeria,Katsina,,State,,
00000000000000000553,817.8097332721475,817.8097332721475,817.8097332721475,817.8097332721475,817.8097332721475,817.8097332721475,817.8097332721475,817.8097332721475,817.8097332721475,817.8097332721475,817.9267065363383,817.8097332721475,817.8097332721475,817.8097332721475,794.6419667714198,875.4436367856111,693.8460127282408,717.6414610967578,949.4328003683081,748.3647608100936,883.7539314084179,666.5389462182832,611.6142117649099,734.4813012982603,847.0052774013694,837.1533279971435,726.342202493593,937.0435647719618,893.6244265899752,913.7795360381853,1011.9116428367702,983.1174537955025,827.4897107594569,1028.7479980297978,1071.8759798422852,685.7376922195563,1038.544562896668,903.1420468599719,964.8792400749358,943.3852439563942,888.0369482737292,811.9978931871502,874.7001399579523,897.6698836727779,879.5655026665003,993.2433389308338,757.0237765735978,878.1071270960889,993.5664965922771,808.4040380933706,737.774672598019,670.574245425256,898.2604510299147,802.248983286492,965.5736189158511,908.0018808742817,704.4820411285333,786.8387466239801,743.9693839027344,872.8060753114756,996.9266518498029,844.8937848300188,1015.6282481783071,1050.5740311994916,906.701442449794,811.971156719878,973.3600258290413,758.9669852718224,896.6845419948392,913.497712291644,755.2683480308588,923.6428400708935,861.9167056256331,946.9521249164628,857.4328129198927,790.6735358674558,804.8241247612835,794.1596030762039,878.6533963553128,763.36029901561,779.3979507607011,731.2509760376334,583.2296033436093,876.9161779342154,932.6498607110631,788.6826896441455,780.1868695176843,829.63288272157,804.8673368231721,776.2044735218516,820.5058497465932,790.1352980000311,617.4692376333286,656.0187020593756,703.3167241983615,819.5177958741477,611.6068418853133,865.2479024489036,766.3436133338871,686.9334169077665,945.6798008208679,770.7696594378906,753.8357067045368,1162.1527653456196,778.0403282135386,816.1258255718093,789.1438085544728,787.89699702109,1028.9649036148803,789.5670325710552,880.3120907600805,804.9130625068708,974.6384390554115,749.0231736279222,831.7686788924352,856.7139575096863,812.1599486892826,898.2879315414574,901.8842100252671,950.8930069482032,767.6047789100911,817.4269613149212,711.1066283401175,721.9517615860112,718.8374470302034,822.9576424152302,908.7602073563953,1059.6768026948362,1024.6283341810213,,State,NGA,NGA.22_1,NG.KE,Nigeria,Kebbi,,State,,
00000000000000000554,1252.0830592868695,1252.0830592868695,1252.0830592868695,1252.0830592868695,1252.0830592868695,1252.0830592868695,1252.0830592868695,1252.0830592868695,1252.0830592868695,1252.0830592868695,1720.1292801297484,1252.0780754302207,1614.1354715970465,1303.7080483890857,1495.0408657174094,1415.4355108896104,1054.1631877195198,1233.5571999562678,1731.0193790341987,1262.4943948813918,1186.9732686575103,1281.8004846637914,1012.0022112473303,1106.7618594688925,1288.9698967016245,1567.9186626512378,1324.4998994603784,1467.0720298090714,1262.1044963435415,1577.4034118210884,1418.7688389884759,1284.6829423803908,1231.1085467558307,1601.4264289491755,1325.0074265872825,1116.1077455606166,1774.2351101967745,1592.6189132472855,1307.7714432182088,1405.0361385641083,1173.9470584157532,1191.4854029738035,1374.8689297453193,1762.8448235452067,1164.1198101828086,1054.706204777982,1067.2367571180187,1135.9428712198821,1384.5473274346054,1094.1104860757102,1180.1852453633464,994.003669929544,1027.8560043748046,1124.3581752158268,1110.3370347201371,974.6620445558913,1267.0904275319087,1502.637723679532,1428.1760795389876,1086.9861615427915,1212.757161193457,1092.9809367618773,1365.2098444548244,1542.2214494718212,1452.780269540029,1027.1154681223686,1363.2263327383953,1085.0573345829966,1080.258723127125,1371.6559953778265,1103.0578393433602,1357.0020388567543,1483.5297014299913,1181.9512602176815,1233.4793854485026,1380.8452410160892,1122.7117047342397,1336.0146415759325,1414.3083660065033,1282.460099600445,1409.1570350188172,1228.4875919210394,1133.2950657787194,1296.882001422363,1259.4949862627384,1179.898205310359,1006.5649933788401,1517.83728063922,1267.3466030498457,1268.1179905241252,1242.8705944069955,1056.6374098006595,884.5903402928801,1278.4181570520973,1186.4454729711256,1235.0443027446677,1213.1128833926052,1255.5768463708666,1431.7069932212762,1267.6147777906604,1539.4691173208973,1054.570134282137,1124.1498881602342,1206.8413267945625,1424.652145004194,1298.291292799532,1458.0533896673069,1132.8305554327876,1629.6427757482338,1185.883275327862,1100.703339695167,1309.4910643408682,1051.894120899255,1339.7740904714829,1082.7204814106012,1584.5194955294871,1478.3251431191802,1332.3994614249743,1555.809909947477,1154.3629230358158,1093.8743468393202,1369.7547201529887,836.7578228554171,1165.823346031774,871.5063438596842,1266.8610138298932,965.2602196425588,1151.8920235993526,1189.9125442142254,,State,NGA,NGA.23_1,NG.KO,Nigeria,Kogi,,State,,
00000000000000000555,1142.2707410677435,1143.2964647854208,1143.8120034314832,1143.2907759309505,1143.6355960050405,1143.4743770953332,1142.7071831216122,1143.455569096788,1143.5863399407738,1143.2492951818099,1530.0426976218441,1140.8948919412273,1119.161983772073,1115.3117869664272,1249.2797335431105,1203.8594102131824,1132.0324973158288,1242.7662599360938,1397.471627879245,1125.0711749867814,1205.5464231128935,1064.1317186834556,1011.3219786565602,749.6632797024273,1021.2318677577291,1263.7567126759568,1500.434444226919,988.2975581603885,897.2787672857802,1135.9403936219715,1329.2765921349373,1109.4332840044121,1302.523742054493,1340.6258296509247,1287.36927575777,1261.879314713676,1336.6327318506178,1205.688951036773,1304.9418715281795,1198.780869340259,1309.7279262072584,1091.273220008021,1376.409993000083,1201.9811075421892,1245.9795347431802,1049.0420657716525,1180.2306297868972,1053.0822313253675,1316.0664696932902,1264.8739326472553,1109.8654254031776,1037.582210545585,1016.7491017814395,1186.9190792335019,1014.8450961622823,869.7488628421787,1294.3808553854044,1084.084877068715,1280.7809710158845,1061.1818821058944,1324.2938234578407,1168.7067527177308,1337.778606895844,1284.326296286696,1400.2530099825929,1082.0804916360014,1392.5322933946359,1019.4783423831248,1184.4364661865543,1389.0787806593958,964.7253539042947,1372.2359323284163,1369.9540305405194,1066.5849397110055,1114.565975137542,1187.1760184075497,1102.2023959772393,1442.1846553108996,1277.2368482870677,963.1228317141363,1024.385183767423,982.7536249604426,1178.2661206699593,1044.4307747955847,1085.5726649387937,991.4509920710882,948.4963571402926,1166.0224756841114,1076.518076100401,1114.5044228383767,1092.9526237692535,1063.2127658230727,906.4780167202338,1235.7629384262025,1133.0677957330204,1053.7489913358934,1067.6940365073513,1070.673345342921,966.8227486073284,1016.6884495801036,1355.192912694392,966.919060707814,1055.29077234699,1165.6880199310106,1229.4127817937758,985.7196281987,1134.5415305754348,1311.9720856095414,1324.2599366692602,1070.850653257424,869.0861727705794,1007.074195284814,1114.7359360150697,1221.7421048224458,1103.313786164318,1159.6225408587934,1176.4326244991896,1246.0500765653094,1235.5903112771402,1014.2730149726166,1002.0972027608942,1143.6896182747244,931.5641407504897,1237.4079249008073,973.9754417061937,1113.519653946735,1240.76271712434,1075.2532404908181,1285.3923855050912,,State,NGA,NGA.24_1,NG.KW,Nigeria,Kwara,,State,,
00000000000000000556,1134.1230530852545,1625.3702824384875,2012.0350503845702,1634.3679200189108,1866.29073014737,1792.628587295217,1166.8984926645253,1867.8445403519045,1859.1217182687055,1722.2244218059113,2580.183991691456,1089.5198824689953,1559.549373996656,1714.4571907759093,1502.6378675500239,1694.3785847723013,1803.727360614722,1616.6886124118146,1589.30836251506,1655.5097047839142,2027.2070265923098,1011.8453455987154,1517.7524523712307,1558.4328238725284,2041.6567444915047,1445.4871935821682,2539.6173487725437,1323.2394947725186,1155.0401966477048,1260.8176991473324,1882.4651530012611,1819.1026861679009,1609.0773772465598,1187.5165484842323,1662.4866245676112,1681.722244626578,1264.054476642457,1732.843023933933,1928.019247227898,1613.8239052291894,1854.096195093589,1172.021192978221,1856.8436800376035,1823.3597831301545,1824.1262906655222,1388.6038665528897,1773.7437596647085,1341.4765136912822,1438.4234025285052,1547.4093068036439,1853.4884272880133,1744.8279971075742,1874.9741286624978,1455.7660305102033,1214.2168666918444,1076.7209419772053,1875.2899378547613,1007.9025142894073,1418.1914247837283,1264.3062041605601,1669.4934346937418,1651.2669809702284,1478.7867117246499,1725.109453113356,1702.947627760458,1222.2948750069868,2109.238004020364,1520.2899352348097,1683.6271035295986,1610.0607042661347,1704.46403340884,2076.952627112263,1973.4413698617911,1448.0181468484514,1939.8486803597605,1559.920596754987,1489.6173637159682,2916.192226003577,1813.9736480470306,1736.5016340731818,1344.4678592166385,1194.429141579827,1233.270387197716,1566.2213513203003,1517.469252351358,1378.621693136582,1243.441091807355,1794.0604084057345,1872.5073212106583,1801.157688935345,1488.5831841740207,1325.0664976571816,1213.3630452118164,1343.5065222711364,1371.6018078050479,1178.488591762719,1738.7425121798615,1892.214829388787,1512.2222673328201,1676.7672970139552,1787.9257271043446,1381.0728278470913,1622.343884781927,1428.1664873132265,1738.349126236617,1880.751255926912,1825.1439581599639,1141.0285362158747,1755.7057590211707,1449.6508397040197,1467.0183296628145,1692.6647138974627,1674.3155916392902,1796.7005099977334,1557.722976272171,1781.811955050179,1831.2069052982788,1772.194402309594,1625.0420437132045,1842.6220739998387,1856.0208387996513,1959.6320860943094,1484.2864874762458,2004.3347279559257,1452.7344870756842,1655.2287326927974,1543.5257182159185,1565.6338568901224,2038.6592012293204,,State,NGA,NGA.25_1,NG.LA,Nigeria,Lagos,,State,,
00000000000000000557,1292.302099675853,1292.302099675853,1292.302099675853,1292.302099675853,1292.302099675853,1292.302099675853,1292.302099675853,1292.302099675853,1292.302099675853,1292.302099675853,1597.012425176189,1292.302099675853,1526.5377301830047,1318.0112989965355,1481.804816148869,1468.4673238658618,1117.5184410515897,1352.412406933505,1716.7890769589746,1311.3887322730748,1288.2779260561363,1329.0855156275486,1109.08911591234,1239.816141570428,1445.1389844187647,1556.0074953166213,1365.921292998554,1405.8527200628305,1335.0363890576689,1489.1013015736678,1355.803388318156,1250.2350930736961,1420.3064568270518,1584.4293200148995,1343.435057942819,1322.38213214567,1658.2330765175607,1490.7836010238057,1312.6489130742482,1502.5639109549834,1254.7065969613882,1295.1824920702768,1385.567583465403,1643.759430187858,1396.4851289510677,1379.0763469546293,1160.6911971349955,1260.0064034839584,1500.978963174597,1265.1611741119862,1318.5816551781518,1233.4677956660964,1271.4384281997213,1170.7257377705876,1254.3657650221546,1159.5130357285705,1606.132922327272,1821.4251048497279,1369.0012842866063,1152.1881571354872,1274.2472014819948,1364.5698553318596,1322.9536875427673,1475.201767961482,1502.745225505166,1209.734942680966,1433.4145716248875,1006.4140482972421,1280.383649576324,1371.2626277957343,1104.196366855664,1451.458372846222,1617.1475223881444,1378.6166468049653,1230.529735851699,1534.1278711175712,1182.6268929831426,1432.886637868377,1486.3438032932333,1301.1661721946484,1385.7610284724362,1332.2352180247242,1044.4126266295984,1284.0660250261035,1366.744921852841,1295.7860636822556,1153.0579849149676,1429.4916009143383,1164.609729473407,1325.9707034504654,1284.5136040396933,1138.8674866996814,1045.2819563153923,1344.9390391606655,1188.1597139909472,1293.0733382344272,1226.635226636401,1068.723006443883,1240.7241517152002,1225.58720498705,1287.9019832866431,1122.160838003139,1374.4239844661302,1250.4123916781782,1205.6646212687533,1342.1088389099548,1280.7556694347572,1351.0134766580622,1532.131558391657,1124.7019612602503,1174.3187084609158,1559.6220300101845,1114.706601116266,1193.939107972368,1103.9666244337175,1280.044779937446,1316.4492139580414,1162.6175745961239,1426.45717007832,1330.1368506119745,975.8836804262925,1423.0054348849753,821.531591247046,1158.1508745782523,686.5896045952284,1284.7076809205564,941.6482499834358,1030.7749259780803,1146.6407664805172,,State,NGA,NGA.26_1,NG.NA,Nigeria,Nassarawa,,State,,
00000000000000000558,1133.9416862944097,1133.9416862944097,1133.9416862944097,1133.9416862944097,1133.9416862944097,1133.9416862944097,1133.9416862944097,1133.9416862944097,1133.9416862944097,1133.9416862944097,1246.177583806617,1133.9400848577839,1196.8893242834554,1140.6327806786883,1286.7100283404968,1253.7219866220426,1097.5459907392415,1211.7234980243995,1480.555409614715,1163.438645124954,1186.6051003815119,1086.5870327354373,1064.1813781426408,881.4316640052783,1209.112575690138,1421.8221646521552,1391.337972489208,1175.8584211045597,1019.2780537860116,1260.7786548299432,1370.8607119756596,1096.8252453630664,1257.1842361478311,1463.2554650852321,1331.1795205454823,1116.2858881657196,1415.6796139950206,1261.608960014109,1358.326536132894,1373.7999190018788,1426.8342875670621,1060.1695219970743,1338.0445886050504,1248.8627335389745,1147.109528375243,1158.3939700440594,1112.6746876455063,1135.1007460308024,1267.5883390324698,1200.9055198302597,1119.1767264641112,1040.2018403295967,1044.5822365521624,1056.5251644861162,1159.5664430280526,1018.8493860608708,1224.0958766237452,1025.8257884931315,1149.736301587642,1063.9613004822809,1324.2926475459715,1036.6113387849346,1211.9359950575117,1311.992186242281,1248.095765471558,1000.9948260613592,1338.1639468307608,1046.5931300621653,1166.7312854952818,1244.817267076796,1034.9334701918976,1388.6330597951473,1193.6448069051746,1287.4885929163263,1067.9376368536223,1201.046506225054,1120.8305414717167,1161.341602391265,1283.6555184293852,1020.0751607328987,1101.769386285113,1064.9615452236458,1010.3560560484949,1157.2782665194525,1244.3735274539995,1051.3687498680927,1064.0904401413934,1264.6186977596733,1135.5759657778156,1092.9036756947842,1012.2931262741814,1092.4976187776456,817.1684489992319,1054.8732728477214,1061.497360436555,1106.652001238884,914.1269849974377,1081.0670316328371,1060.2626804627248,997.8399205731073,1266.065724827093,1059.1257403030688,1077.1842345143305,1301.1126148174662,1188.6869235276017,1085.1129827207008,1140.5734851061943,1079.8586849929059,1350.910102208988,1143.7006832639818,1217.3215642498649,1061.1768332347335,1052.109398076074,1110.9752345431043,1110.2919826651362,1150.2760058208255,1149.0002474076261,1183.1289369030637,1290.30760789265,1114.7988738527963,898.5704668824408,1214.4560766643483,869.1545573659706,1108.1094390746437,1047.893187804245,1244.0290017405193,1087.5605821575946,1117.73615728229,1262.5666449814107,,State,NGA,NGA.27_1,NG.NI,Nigeria,Niger,,State,,
00000000000000000559,948.6526175427797,1505.882496233129,1823.2766307090658,1493.3186694472586,1706.6061219400437,1643.3826795663415,1051.1099473184618,1707.4974931859258,1644.187095391573,1555.0531511676852,2259.085541409165,1047.1567711104212,1284.3329750402654,1455.2618195491052,1350.610463771536,1456.8562198695854,1520.5510061691064,1417.2950575415766,1494.203220606562,1522.7034837181884,1757.063680825305,922.5096529832525,1421.8391752328444,1314.2454218053108,1743.7513118686957,1414.0604917839394,2166.976275976381,1230.017448789682,1034.1855915468134,1142.225002915112,1599.584963955096,1410.7525079300158,1323.4036086466776,1208.731503227575,1315.3215732175913,1331.3279243355369,1152.7589693097932,1432.8366156962384,1537.182456241437,1413.2811208468768,1522.2770929137273,1089.0965268718662,1783.8118071826536,1634.818411459852,1550.147150500853,1168.4684017466077,1412.1289317002943,1163.4678057087,1263.3870902673525,1347.0679942572294,1524.5210414601802,1345.273988672513,1438.0152612828501,1236.6421918498938,1053.1613517761232,946.2271028661021,1511.1249569337763,859.2335872479342,1386.3931300604522,1128.3094953508523,1383.0366909653396,1378.946999848779,1304.3254785338447,1468.9922329803014,1493.6637557983397,1069.3508439135198,1772.4646104043998,1181.2213865593294,1408.2773393090094,1401.13803729157,1331.095166949372,1772.4423019864666,1820.5935442796401,1243.3610730982546,1560.5266085724331,1404.0776057001374,1181.6551465276466,2181.2037964778165,1361.4486680101995,1430.2362805266878,1105.264269165495,1099.0253597316462,1159.387451046617,1303.3207680773382,1336.8426879427327,1077.2306625480087,1025.011900990045,1582.756948305956,1627.7977356640263,1632.5779511864512,1408.376799637524,1049.4039727282175,1003.5901119516856,1284.3390773716258,1336.078948769641,1049.8870812373377,1471.2703692763603,1641.6730704919617,1427.1801401622265,1373.6399908037329,1477.652984459721,1227.346710546693,1346.7428112884072,1190.5321961929544,1502.602795068542,1612.5632841878867,1480.8452619865768,1067.085090762466,1673.0047559368081,1302.1619386018217,1181.4804210719774,1414.670024222759,1498.7359299389288,1448.3670237754711,1246.4910013113451,1471.4943257004468,1596.7635637881149,1585.5189631903347,1489.4756485440835,1665.7214197187282,1609.668739113879,1619.3191278030629,1254.4258183151933,1695.6350743535747,1187.8272756092588,1402.804755788775,1281.7851027417541,1363.220114181291,1749.5443822149027,,State,NGA,NGA.28_1,NG.OG,Nigeria,Ogun,,State,,
0000000000000000055a,1613.7802685476295,1640.6238468980675,1667.3505829632488,1641.4173068027462,1657.4843552892864,1653.1951740208965,1609.2730216341963,1657.8145724983217,1664.3591090061925,1647.1546892744682,2269.7246180456973,1611.859153166256,1619.5284018775483,1658.325846673436,1707.3613302422632,1572.216177323424,1293.6037536658898,1525.258691063455,1720.2818559405969,1603.6640090895119,1833.9785394694177,1590.6477245871938,1428.411726251161,1208.2450103917297,1341.587459106571,1547.3093339855843,1947.147397066723,1783.7289245592865,1350.196690989653,1282.1080143684546,1590.9916546301922,1453.3863953380283,1384.6514037102922,1357.4081350196964,1304.7669304944795,1242.4081370613435,1654.7374920905092,1523.1954537769154,1645.9576535489769,1714.670019495962,1764.3146006780885,1308.9164010677457,1982.1656554129745,2032.9662718189018,1771.4626591627489,1412.4771282377992,1526.0467317318487,1350.3380368674018,1598.0764667039168,1625.144588113643,1810.7376485411448,1394.7649627250746,1670.05175393085,1423.183586969716,1254.0320332361946,1210.8306119400138,1659.1514864347944,1301.4854361017995,1901.6488283619315,1274.782549319128,1668.5367838457648,1655.0768295877263,1484.598048800701,1771.6771712081625,1696.7916924435071,1343.7960308546765,2302.8018424526213,1264.0442237074208,1533.3545615530786,1497.3789337744229,1523.2880647900722,1696.9350253980854,2129.074362118973,1402.0989280447047,1884.5064191390923,1658.7113389986594,1421.1344113362713,2072.810514485912,1731.0709815552082,1479.0338597034781,1528.0741841176211,1289.604231890139,1520.1463169851697,1669.6256168041741,1791.6044424822228,1489.9957118612315,1307.8138964107745,1917.233521994938,1762.6305225032825,1884.7743669785966,1505.0591427765426,1437.2073278433031,1359.8945744270482,1449.4132358094957,1906.4468145722965,1315.4663217258235,1643.8247081150869,1710.5593013444416,1611.0646082145379,1675.949584708882,2134.729906540972,1596.8706116441006,1461.6314005626273,1549.7667731112397,2010.8193306947524,1760.6161962678893,1663.0814086989676,1552.563938226725,1711.2037125153652,1658.077023972663,1478.1785056511771,1773.140596391739,1478.2363981837304,1708.7858220032856,1554.423619751001,1683.3603939581772,1790.8923002341892,1871.8035843301943,1624.741697000664,1846.725515664522,1993.579601967603,1913.0246670250554,1468.6131280004643,1996.9089940992876,1478.0020740610637,1752.7222591370999,1559.3151701210993,1619.905751661749,1939.2518129571267,,State,NGA,NGA.29_1,NG.ON,Nigeria,Ondo,,State,,
0000000000000000055b,1312.188137027071,1415.3933951520326,1490.5484793526782,1417.061788002805,1462.70690683065,1452.0530738706145,1325.7503377836042,1463.7849374710152,1481.5583369484618,1432.2848312069366,1898.6106994190945,1370.7460140818018,1138.6978238000636,1305.7313960225304,1460.47250077558,1265.3782110942086,1178.3193755128066,1369.4377513071795,1595.966386828637,1452.4538937324176,1418.0118371175927,1198.6151515415734,1259.758536282195,1047.3224698917115,1317.584812470378,1507.3425030991368,1776.620522535788,1441.252587046564,1063.490229059805,1123.4355680163355,1511.4709437619758,1325.3286732414228,1291.0056164288005,1245.9918433461248,1175.5394798323596,1186.1804349716394,1396.5697341590478,1351.2949900767105,1380.4016077448475,1438.6618711268752,1501.2386199891453,1223.2094581240697,1890.7339669045323,1578.5042081212034,1395.4802350805073,1115.1039804556908,1243.5539803601366,1132.2102288471974,1387.6927156989589,1281.2616586703843,1428.146335310665,1170.1406248805572,1298.3406994366132,1289.9304059869075,1085.407290404557,998.1659788964076,1480.8853250143966,1016.8518328582702,1504.6118117081753,1238.7483443268277,1391.2943619680184,1395.6225436236136,1358.2610604621502,1497.5160248539296,1540.0342173517254,1063.1232911748816,1855.8024565913825,1091.4765589963506,1340.5540841557352,1378.433024845011,1206.4988035437177,1569.190555261462,1789.8904534406468,1206.0483625378392,1501.588152602383,1457.2131308240193,1104.3279107399258,1994.8334511435276,1397.4962420578647,1262.2306580266684,1204.9157337007068,1155.5674316246993,1376.1662573767733,1326.186493218528,1336.1552603386306,1197.1475599553953,1063.0217731871483,1628.3657746137703,1456.3517729578182,1743.688722216064,1268.6322464616328,1135.3328095179168,1089.363724362049,1423.3818743581949,1801.2973052321581,1317.9655502926498,1408.511704576147,1465.4945753561615,1335.5957329458295,1371.0480160349268,1763.8296910514257,1368.0751848811815,1306.409616329743,1243.1064427643914,1619.3932819602849,1492.4038266295788,1335.432770312882,1245.4456841853887,1604.0780101758703,1372.3555016763364,1202.9177749146065,1456.0139691675713,1485.7864072517245,1415.4172576685316,1299.436134333402,1484.9206063207735,1451.2238130911608,1708.93821765081,1536.5250399814113,1629.627913522938,1601.3318111969606,1738.0926547513936,1267.1978343309177,1784.5983193155523,1286.4984239153973,1523.3578086300604,1330.1269434501512,1340.1318606222987,1829.209898946803,,State,NGA,NGA.30_1,NG.OS,Nigeria,Osun,,State,,
0000000000000000055c,932.762082620356,1249.6040859599586,1416.632383226736,1240.872457915416,1367.752772081696,1336.9794578856481,1000.5824779142489,1380.6739869244327,1384.5834685402408,1276.909612695024,1663.9107508643212,1111.4863394678162,921.9263147291399,1079.6135986154743,1217.4406797362583,1178.4325620404725,1038.7401887770097,1193.3340204372878,1347.0540947261352,1207.8754834733893,1132.4132396623397,902.7896808735543,1106.246341478182,862.9033329022927,1196.4322795703292,1391.6139371061954,1599.7723351462628,999.3279204825471,878.2508902877424,1079.3904747226825,1274.323595962016,1055.7975859432077,1227.0928539374893,1257.502789045909,1117.6645979129535,1147.1503001358624,1044.9752834557207,1137.7710455526978,1167.4608353546346,1181.6950597639063,1119.6913032377531,1009.2023109311835,1337.1910398656858,1143.968485747714,1179.9538021414808,1037.1230067850447,1119.79355446211,998.7756127734971,1168.8978447928184,1098.487838213318,1155.4561192101887,1028.01432783122,1044.0031443408025,1138.5195158461747,983.3533142816686,853.8081462388737,1255.6079498060951,921.112005086436,1323.0915119242409,1056.2441831022143,1149.553925544124,1224.3304375875946,1192.2262836707607,1231.3397950445717,1345.4055970511924,955.3608081825543,1467.505052988091,982.5893743867806,1223.9515887651887,1348.6994571158575,1021.360179419753,1378.7599581794814,1556.9223532120823,1105.6601940793935,1194.696102856261,1236.4979389281946,1035.3365038473019,1518.9323007355847,1102.6170299608798,1086.2104391562507,954.2771319840806,987.1219008304137,1101.1618084336035,1090.260991509411,1016.6151627238737,938.7052391383157,963.9536733428308,1272.2054556254075,1264.0346263450801,1343.6570893017483,1031.8694000160783,944.4608671425284,769.9923862293483,1203.5290114307847,1244.5433363746217,1074.812373561936,1212.7873455669844,1202.2950216464415,1122.9438326591924,1092.7754450118384,1365.9659688960628,1040.5505648762698,1059.802561632104,1104.2347583151845,1333.4031494834128,1150.4063858203933,1079.665862913745,1105.5332467091557,1447.1217769863272,1082.6934676552212,906.6884624389927,1172.7729677900281,1381.8612872281776,1208.9470020395463,1059.6150701342156,1215.4236792546988,1253.9936094130887,1435.792851187473,1353.6484262171975,1251.5070565789558,1180.6628102423729,1217.6360705823802,1041.5789534923974,1318.3277672845045,922.8168713788339,1019.0003277080428,1123.1323294267095,1146.3923070710246,1400.1516764642995,,State,NGA,NGA.31_1,NG.OY,Nigeria,Oyo,,State,,
0000000000000000055d,1169.630383354894,1169.630383354894,1169.630383354894,1169.630383354894,1169.630383354894,1169.630383354894,1169.630383354894,1169.630383354894,1169.630383354894,1169.630383354894,1173.6897370582503,1169.630383354894,1172.7296256478742,1169.9771943514584,1230.983679665116,1199.5137664270292,988.3162360061941,1338.8957816887084,1251.693495567405,1110.2328163169248,1278.6324357172903,1054.7515658761038,1001.1821431207303,1221.1108757824966,1230.7349894826048,1329.073517225152,1184.4684181836174,1136.2455421305046,1159.2700101011242,1166.1691882718847,1143.1830950751537,1060.2327853011136,1394.8195992683334,1327.5346529887734,1143.7220990476587,1282.4172560462623,1243.7054644632192,1169.2636556213956,1125.5534365333624,1295.2393794208751,1130.6110111500125,1323.995634095684,1285.9794878584848,1219.202925014011,1403.7169244753659,1472.3594665164396,1093.9244164157424,1261.2456328154565,1401.893906393597,1244.660238633273,1213.4905073735279,1269.5429900915176,1397.4525286385483,1202.029441751832,1210.0655197257388,1335.7927030830829,1278.8366861028896,1422.4024975092325,1077.727889877717,1057.7098450307553,1263.4211904876543,1209.4492278039772,1130.585260141088,1455.1493430560909,1272.3950918574812,1093.3853093189657,1437.2784943046,1005.7619907454633,1264.5155099247427,1215.6093762010385,956.045555066078,1326.8885524047366,1341.4362662702347,1229.6069486265199,1068.9363508972044,1315.8379559627751,1118.701962058873,1308.597534839599,1377.5613212672063,1067.8522167884282,1201.3972857971557,1243.919246568411,1035.3542171102533,1193.086972227044,1289.5640269677592,1297.3813608940625,1028.1573284857334,1302.2731268271616,1005.9716165802238,1137.0815722819907,1248.876018757201,1078.0384541875624,943.3835665009603,1195.5667494366476,1024.7520686753928,1051.047169109076,1037.4287241885104,1090.2335227317126,1143.0523422757592,1117.3310522524291,1138.5005377481689,1091.7343013275506,1239.5437737356744,1136.484945796505,1012.6053809554581,1331.150564683091,1063.4839727513302,1105.4445494318643,1172.8433393902594,1050.2658607795545,1167.4431333555274,1315.3837218769743,1010.8580719729941,995.8681455520002,1044.572916013355,1082.249531199319,1156.7170408836428,1219.5363243714273,1385.9957798699943,1349.9031787352221,899.4885798266727,1199.285646524181,759.2473016706513,1023.9403543652735,683.8041904023407,1212.2688510270748,917.0157302161892,980.6269302062956,1082.292443289372,,State,NGA,NGA.32_1,NG.PL,Nigeria,Plateau,,State,,
0000000000000000055e,2320.889355654409,2320.889355654409,2320.8890663988236,2320.889717223889,2279.0451607243645,2279.231902960136,2320.8892833405125,2347.5890596222966,2302.2180879426096,2319.5186860407257,1896.32102505644,2367.629109917122,2996.3784116563693,2857.629396109345,3645.2375482711495,3108.7810653628508,2065.024420839027,2402.758494794142,2642.7219410015155,2238.077917991029,2718.7444839071413,2089.7685679156516,2495.2962970458057,2132.005543059722,2878.6513088908036,2329.717066543637,2532.2666234701765,2669.8750628453245,1774.3782975229476,2284.3577780603905,2166.3459265183133,1923.7368648630586,1928.1181148630585,2491.9761598072123,2363.517703908478,1894.8452373548155,3274.456078637417,2720.984403220057,2724.3855623774657,2422.968591540667,2724.310842999941,2135.8798049752704,2523.463801371643,2304.439831821456,2565.468885716195,2210.256141714814,2002.6686640866362,2350.9355378705736,2893.284054460997,2526.9154931826283,2619.61949476815,2489.5991197941426,2435.1463481946594,2308.1836514897223,2252.0102047068085,2058.200006962185,2373.3929028413145,2129.0853600099513,2502.843429460997,1736.4634178480721,2115.6955172810717,2762.247941328274,1891.6491987453217,2356.652667073877,2746.4850286099395,2290.8504685086446,2760.251701465215,1759.863290347255,2531.5323374933164,2961.5482775554005,2585.485145853137,2811.5297477461086,2081.533853764407,2438.1753581348025,2583.8903042753386,2671.7306420619952,2451.8305859003685,2180.1974724483125,2749.7298374190527,2351.6805824656903,1974.1771467665758,2192.702273849661,1821.7503036441003,2258.3165984991388,2407.394306139348,2349.597901504575,2140.065909103568,2307.608477806411,2525.217795252347,2488.459247916914,2232.7952646001663,2094.5487857949147,1656.6491549763844,2094.28262368554,2399.599310743673,2221.4180831154945,2196.3791820453603,2429.378051757813,2061.1161006100733,2511.9687271640328,2221.801901047855,2112.9075918915614,2375.81762537503,2454.5711676419915,2548.144880380377,2428.0432215237347,2320.923180270467,2304.802369695744,2496.4052732518417,2139.0086977186315,2167.938970970473,2267.62926364217,2320.4536312901023,1897.0117582023827,2148.1271823201346,2610.1536304546407,2669.508448101088,2193.115180487687,2569.4765081021264,2185.153406365108,2420.921444272814,2505.6008515216554,2183.088193897784,2214.6784634550263,1769.4709909881474,2570.760253627763,1884.2612098142677,2661.6822016842916,2602.7635797884986,,State,NGA,NGA.33_1,NG.RI,Nigeria,Rivers,,State,,
0000000000000000055f,591.4639139554691,591.4639139554691,591.4639139554691,591.4639139554691,591.4639139554691,591.4639139554691,591.4639139554691,591.4639139554691,591.4639139554691,591.4639139554691,591.4639139554691,591.4639139554691,591.4639139554691,591.4639139554691,583.4178287770977,603.8519471284246,452.9203812173135,467.29989509727505,680.5327865389816,525.7416872516268,653.2726073947156,434.78037861804313,367.5216068357292,567.8600571910787,646.8784396849759,561.3921590239056,440.16662379532085,738.7562974113082,701.7487220838424,696.8887877608843,796.0662043705765,826.3118293262163,591.0254071554725,763.4367552319019,678.2884361102294,472.7983093403173,741.9574079229753,586.7286158800675,693.4443760542383,706.8749217327523,611.5265104930904,695.3866754109088,709.8166815843597,480.20459308024857,672.2240123937975,899.3116617582036,649.6911636003143,620.2377610762259,756.7371261086026,590.507020372649,531.2060065049773,449.93648036717383,666.9252436460971,581.4847196757744,758.7523536812976,809.9205983824027,558.3009512538739,727.9571748186974,536.0415228329764,797.3366767569978,643.5293786616566,847.6219471331772,780.9600844563156,834.1361316536975,643.349248700625,632.5723893503401,772.5311059758161,745.7991082688418,614.9361926441541,724.5076251140922,625.3288490222561,628.5681458792628,614.9689590144314,678.6678270485133,778.2171413131291,581.368565504308,604.320601841269,507.40478531468,615.221788721287,558.6158035008141,469.73550208797155,450.9812816217785,352.57232129616915,529.3307368769264,565.5268674783096,688.5163295410247,676.7392548617414,706.1458055816788,580.454446654153,551.0605293684852,532.5271022461027,496.38577694308054,513.0007857109359,400.0990386167911,441.1642417493958,512.9002802247539,396.3352435058866,628.406654746205,525.8717582336975,552.2732153754863,717.1808189023599,532.5566568301251,543.7565163870257,763.3828337381067,493.5049419295215,578.0627544753532,503.8652377614412,590.2393499536886,685.0807712788686,608.0009333507182,590.882856569001,615.8368867135217,684.3403116758244,562.3869737232759,603.5286657323294,697.3315198209957,562.0286284362109,543.5574730784433,456.5736400844369,776.1857939975041,580.0551174818403,533.9702922368035,513.1823077227923,600.2639987585198,574.7157657192206,580.0903247236664,519.7698897940572,682.3393053992127,575.7164106877375,,State,NGA,NGA.34_1,NG.SO,Nigeria,Sokoto,,State,,
00000000000000000560,1320.7878339634694,1320.7878339634694,1320.7878339634694,1320.7878339634694,1320.7878339634694,1320.7878339634694,1320.7878339634694,1320.7878339634694,1320.7878339634694,1320.7878339634694,1321.0912789648862,1320.7878339634694,1321.019556924311,1320.81379882219,1321.1205568241207,1422.5502400274056,1070.143545116029,1531.0549198920303,1465.9292910697404,1203.9580701042707,1492.120977130065,1248.567634844061,1175.2104651611064,1236.0628155708637,1152.2163142742556,1409.7984049333813,1280.73055972893,1316.5477513694009,1397.6990605981805,1340.2042173860725,1244.4456562614334,1283.7658913357768,1556.5143177176105,1667.3821344517066,1418.207942317116,1435.2175441582394,1407.6507939832948,1448.700043970626,1293.2897367451385,1509.9375054291818,1288.6313212915575,1302.042736367052,1400.1824098096777,1365.060141715051,1314.2174844644821,1472.9537982973786,1235.9059008759987,1054.4869716814796,1417.1210489448595,1484.97392019885,1569.4087172834356,1502.5418883759546,1419.5207021669441,1197.4473788656985,1190.2488833567131,1243.9582257640552,1301.9153274783666,1443.2854396757423,1336.6955522621531,1143.4190629892012,1511.594942788102,1297.1040905460727,1311.2931203341116,1807.065195375723,1502.5510750102653,1208.8163949767995,1528.7086831507422,1204.2567916259218,1367.0159431719057,1364.1464290354884,1218.9305233882276,1514.6250332715324,1417.6950803744305,1416.8365761995863,1209.0979194730062,1425.2038665118941,1216.7382163541586,1365.8619426491293,1352.3842586005032,1251.0497165215695,1165.463699836653,1397.2454426568565,1136.6241562390014,1349.1706494460375,1366.3709028202093,1428.7145797669682,1211.7023843722768,1454.012234455737,1170.1592009106678,1380.208776449112,1295.9987166266042,1242.036855338909,1029.152271278132,1365.1995525069606,1242.3032610783898,1229.653322989241,1070.1026542199152,1209.4494902545532,1289.7608485910011,1363.7618753605718,1179.636236476278,1259.5412862514363,1496.9094679610507,1284.9858640192067,1408.7840124032682,1500.4257053565054,1191.611156783264,1195.7273929166536,1333.7944842701581,1202.8856779608432,1153.9591164346446,1329.5807866954121,1080.1494186438451,1142.8766808725325,1170.0032110481543,1289.1054233362336,1155.644644902505,1227.9147310358671,1624.886340517949,1417.7793257226422,1001.988659151999,1365.796111510966,1067.058250700143,1174.2801506858898,1012.0874505947404,1477.9091739100982,1181.1892314671857,1271.441962340015,1414.2813704200587,,State,NGA,NGA.35_1,NG.TA,Nigeria,Taraba,,State,,
00000000000000000561,510.9604714725084,510.9604714725084,510.9604714725084,510.9604714725084,510.9604714725084,510.9604714725084,510.9604714725084,510.9604714725084,510.9604714725084,510.9604714725084,510.9604714725084,510.9604714725084,510.9604714725084,510.9604714725084,511.03039273016583,511.6728073798484,510.13478266314183,601.128659125355,661.8358245041888,423.5226304697264,599.0469017347255,336.7822025930782,300.41749449275517,316.205741345408,521.8197436423116,714.9508996636536,468.3803900070255,718.6077156321159,404.19747932012945,636.116938975176,584.2341802507314,462.84752994360355,556.6221234985579,707.4280038570839,468.0870865984949,393.2433688213685,591.3871576872905,525.5862945268311,595.3874796523805,601.0335694781278,628.9038973737748,471.5940303655609,527.6575865605143,621.9813866610051,512.7230227137202,697.6737621191102,605.424869642762,650.1551868258758,635.2533831360935,483.3091752823676,433.31592878508184,511.3533708200495,574.0048797810833,442.4072628723552,561.337585996256,809.0483068931394,447.01888662565494,473.0136118480118,285.05090394535716,692.568904174891,471.5510304966367,697.043813776663,718.1606239827864,653.7396322605967,509.6630703548331,599.9620591676297,619.1441093103665,654.531086793264,639.4803882545308,627.6898560032431,672.8676031872127,657.7239567356683,578.3267427164398,720.7799102560041,482.8791338975456,530.7057088709862,634.8633436497875,494.8650659575846,433.7395913305465,512.957262627077,455.5696890758233,412.9170896174306,314.7657698291424,621.1284512402765,493.3854337156702,462.5190877191752,397.2383917061354,496.0461221758018,544.2051267244357,467.4837141353583,489.59024974754135,414.92813095145107,340.54615961330444,317.31203878179673,410.4624445860975,488.28849161412575,296.6241214608773,623.4436024333995,545.3609927555183,357.888771488143,486.6671717046402,428.25231312103955,424.4220635867046,640.4591978558567,423.7790999889281,516.8795487128561,483.0548588589759,570.4101994639809,620.0048850460714,423.9336885197884,569.3598200178976,389.585415054585,544.714523142629,416.8380581290407,567.0325214907103,470.7937067982633,491.76557458961366,458.1451676490353,472.12344293502423,518.7166922960607,472.0355835918745,710.7905378974249,526.9750434106771,500.26979476503124,498.19600591633,598.2095171499426,534.7121663415409,594.6438440999144,686.96396477147,,State,NGA,NGA.36_1,NG.YO,Nigeria,Yobe,,State,,
00000000000000000562,873.8497838760945,873.8497838760945,873.8497838760945,873.8497838760945,873.8497838760945,873.8497838760945,873.8497838760945,873.8497838760945,873.8497838760945,873.8497838760945,873.8497838760945,873.8497838760945,873.8497838760945,873.8497838760945,955.505486043381,982.9932468489078,713.5018721226803,781.211510555493,1046.4243120021897,781.7143082726869,967.0268781891036,722.7332767746803,698.9425807927737,789.9568170392225,987.5471668434421,916.7056687575517,813.0968028627454,966.0866035736351,900.7493774445403,1007.7604380617971,1053.2205882694054,1089.5049354835978,848.7828309557816,1048.1418476570018,1067.2285855440284,814.5558235020218,1043.126178010383,951.0792867289434,978.2740411801681,1029.8018656675715,886.837315027899,891.153138131727,966.0769004361387,882.2523695437919,981.6442162473653,992.5634792529991,889.6015674082021,939.6211267073124,1110.2543830065083,861.9283275648327,794.0037840595292,667.0644996079499,897.7312379585777,795.4846026841716,1036.1550015768935,1193.2096403501193,837.3088514084254,973.39361225374,708.7763457967227,1005.7840690531162,1003.674480197589,954.3678276873729,1039.414622102995,1154.1068256655383,900.6780015415984,756.6516526677801,1098.4732116579057,940.6690757050757,964.0932249320465,925.1855389393328,779.8457915875778,989.2515179589117,955.6914052469398,888.5503673728152,879.1033404917683,874.7494816870291,879.3423639800482,880.5548185900157,888.9928836549866,722.3493059101672,759.378228980752,711.1318729606013,641.1723188553565,861.955968254551,857.7901870425835,841.3226235554681,764.5413608604898,1020.2809192252914,986.6698074791412,808.0685594280033,749.0305619138994,710.4247424220275,746.981264832227,649.2985319832891,761.9370947715954,765.7057739874274,653.9806648090482,901.6867645297627,820.6293056951363,692.5984425863497,901.0454351596101,1098.5269211796287,1029.5822689464865,1265.5014435652943,747.9520468254319,929.0627811598076,766.9395508789435,891.8467178220648,922.5532674386995,928.621599704958,779.4768855558481,854.5268226342076,1220.2402270766936,755.289065475222,814.1747053819475,895.0482059587486,667.5033105211716,841.1930429174054,886.0961498732966,996.6159373528844,843.7767988925091,918.4570945237563,802.3082159176719,829.4821644359932,784.6387848576929,937.4790797287045,887.5910729373404,923.4768649983422,949.8770945381749,,State,NGA,NGA.37_1,NG.ZA,Nigeria,Zamfara,,State,,
