GID_0,NAME_0,GID_1,NAME_1,VARNAME_1,NL_NAME_1,TYPE_1,ENGTYPE_1,CC_1,HASC_1,Baseline,LinReg_1901_2019_Intercept,LinReg_1901_2019_Slope,LinReg_1901_2019_R_Squared,RateChange_1901_2019
BEL,Belgium,BEL.1_1,Bruxelles,Brussel,,Gewest,Region,,,783.5825024430001,320.2311704668427,0.23614852082466864,0.004669190686954816,3.5863069798677336
BEL,Belgium,BEL.2_1,Vlaanderen,Flandres,,Gewest,Region,,,765.3963616560002,-181.75227708249577,0.48516872691140867,0.02211755985933106,7.5431608242222214
BEL,Belgium,BEL.3_1,Wallonie,,,Région,Region,,,927.1014512429996,405.59528661253387,0.26358925314057824,0.0044962990706114425,3.383353686015025
BRA,Brazil,BRA.1_1,Acre,,,Estado,State,,BR.AC,1873.2716768799999,2008.3951162079488,-0.06949741292550979,0.0002651296513208612,-0.4414838616419996
BRA,Brazil,BRA.2_1,Alagoas,,,Estado,State,,BR.AL,1070.983283345,1722.1640678774256,-0.3370546295627406,0.0028591594727448433,-3.745109894964206
BRA,Brazil,BRA.3_1,Amapá,,,Estado,State,,BR.AP,2678.3104931,2589.7875740333275,0.04607753104970837,2.972895441544221e-05,0.2047270549490607
BRA,Brazil,BRA.4_1,Amazonas,Amazone,,Estado,State,,BR.AM,2485.40964606,2755.0490257016095,-0.1397272224896738,0.0013960027050643475,-0.6690059927396685
BRA,Brazil,BRA.5_1,Bahia,Ba¡a,,Estado,State,,BR.BA,865.4001083130001,2989.3001409843896,-1.092716168139866,0.058104342051336966,-15.025792435146462
BRA,Brazil,BRA.6_1,Ceará,,,Estado,State,,BR.CE,820.949486396,1407.4199830604898,-0.30199809722902704,0.00161297384038106,-4.377586461259929
BRA,Brazil,BRA.7_1,Distrito Federal,,,Distrito Federal,Federal District,,BR.DF,1250.516161099,2103.026078804828,-0.4367025049480132,0.0065127837510481346,-4.155691841930496
BRA,Brazil,BRA.8_1,Espírito Santo,Espiritu Santo,,Estado,State,,BR.ES,1531.28755443,3873.1467420854588,-1.2046365749964396,0.060645583404861036,-9.361517502696413
BRA,Brazil,BRA.9_1,Goiás,Goiáz|Goyáz,,Estado,State,,BR.GO,1491.8298365170003,3360.2902263728943,-0.9589822342337269,0.016251098947004494,-7.649591332765454
BRA,Brazil,BRA.10_1,Maranhão,São Luíz de Maranhão,,Estado,State,,BR.MA,1766.8705799299998,2974.6537967439126,-0.6245277905141723,0.04382540595113671,-4.206239433458158
BRA,Brazil,BRA.12_1,Mato Grosso,Matto Grosso,,Estado,State,,BR.MT,1330.6562888500002,1454.3440764543511,-0.06419325915823954,0.0003525003618974898,-0.5740774611625963
BRA,Brazil,BRA.11_1,Mato Grosso do Sul,,,Estado,State,,BR.MS,1250.3799740240001,2191.049665577953,-0.48582367460974246,0.009431274766893538,-4.623635893056111
BRA,Brazil,BRA.13_1,Minas Gerais,Minas|Minas Geraes,,Estado,State,,BR.MG,2103.8362507599986,1567.8747226105957,0.2754489079760728,0.0033431412538871275,1.5580309559411598
BRA,Brazil,BRA.14_1,Pará,,,Estado,State,,BR.PA,706.3628458210002,-2644.4003175823104,1.7149518884938044,0.06858774123259048,28.89156414980504
BRA,Brazil,BRA.15_1,Paraíba,Parahyba,,Estado,State,,BR.PB,1656.977582889999,199.9769186916385,0.7474784138299391,0.01594045405393596,5.3682036597394225
BRA,Brazil,BRA.16_1,Paraná,,,Estado,State,,BR.PR,692.918459215,-756.4875165927939,0.7401490481398665,0.023586311760804057,12.711125754742694
BRA,Brazil,BRA.17_1,Pernambuco,Pernambouc,,Estado,State,,BR.PE,973.8196686939998,2828.8455657002146,-0.9527514224049285,0.031217816115691854,-11.642547682184134
BRA,Brazil,BRA.18_1,Piauí,Piauhy,,Estado,State,,BR.PI,1363.122874789001,1105.895438285629,0.1326305223401224,0.0005011114940369765,1.1578583596814511
BRA,Brazil,BRA.19_1,Rio de Janeiro,,,Estado,State,,BR.RJ,654.1223053439999,-2673.242703885716,1.7032497065966392,0.054465059546703665,30.986057718733207
BRA,Brazil,BRA.20_1,Rio Grande do Norte,,,Estado,State,,BR.RN,1506.196390416,-2774.121287155564,2.2003272187665583,0.10450661756571467,17.384116752590447
BRA,Brazil,BRA.21_1,Rio Grande do Sul,,,Estado,State,,BR.RS,1865.5387508300005,5589.351361141146,-1.921977653617717,0.11300919369204121,-12.260015541288013
BRA,Brazil,BRA.22_1,Rondônia,Guaporé,,Estado,State,,BR.RO,1957.8096685200007,2072.9635089658173,-0.059873167732517066,8.484364127103738e-05,-0.3639223503046432
BRA,Brazil,BRA.23_1,Roraima,Rio Branco,,Estado,State,,BR.RR,1708.5615947800004,-119.96688445235645,0.9400044128186867,0.019239107669792754,6.547058383331344
BRA,Brazil,BRA.24_1,Santa Catarina,Santa Catharina,,Estado,State,,BR.SC,1377.020092971,-199.7645626687804,0.805157589683094,0.03195290407547413,6.958050478810699
BRA,Brazil,BRA.25_1,São Paulo,,,Estado,State,,BR.SP,996.383611359,1668.381603612661,-0.3486057406217058,0.003168842750497669,-4.163465021007471
BRA,Brazil,BRA.26_1,Sergipe,,,Estado,State,,BR.SE,1632.8111016900004,4373.18861073038,-1.4064795929639653,0.07140266069055645,-10.250485888384677
BRA,Brazil,BRA.27_1,Tocantins,,,Estado,State,,BR.TO,1453.728500805,5365.0390499316345,-2.010374209498647,0.06574587506781826,-16.456616954119234
CAN,Canada,CAN.1_1,Alberta,,,Province,Province,48,CA.AB,447.7085446390003,73.87826591227753,0.19057151121136587,0.025266760137920175,5.065351132049186
CAN,Canada,CAN.2_1,British Columbia,Colombie britannique|New Caledonia,,Province,Province,59,CA.BC,878.5847462259994,402.0824927273182,0.2426013386355219,0.014060629041113604,3.285916289992241
CAN,Canada,CAN.3_1,Manitoba,,,Province,Province,46,CA.MB,487.23648979100005,1.7708294796893256,0.24919497212149277,0.046607193203548225,6.086202963816975
CAN,Canada,CAN.4_1,New Brunswick,Nouveau-Brunswick|Acadia,,Province,Province,13,CA.NB,1053.6746679250007,-1908.219020815069,1.519450245596781,0.1743379315321133,17.16038021319187
CAN,Canada,CAN.5_1,Newfoundland and Labrador,Newfoundland|Terre-Neuve|Terre-Neuve-et-Labrador,,Province,Province,10,CA.NF,921.428773843,88.86607106883616,0.42708871902293133,0.05971902762169723,5.515733717730474
CAN,Canada,CAN.6_1,Northwest Territories,Territoires du Nord-Ouest,,Territoire,Territory,61,CA.NT,1287.348151137,-1580.8027909593231,1.4700302287907712,0.131582312686773,13.588678173157625
CAN,Canada,CAN.7_1,Nova Scotia,Acadia|Nouvelle-Écosse,,Province,Province,12,CA.NS,718.3984090289997,-215.96356101788945,0.4792630008880503,0.11290701699281103,7.938811721863899
CAN,Canada,CAN.8_1,Nunavut,,,Territoire,Territory,62,CA.NU,1039.3160359679998,-1803.1453390660733,1.456046031349523,0.1422187113863036,16.671490839570584
CAN,Canada,CAN.9_1,Ontario,Upper Canada,,Province,Province,35,CA.ON,720.3993898340003,-221.2646590565164,0.48237572379148275,0.16389913197834005,7.968178754900612
CAN,Canada,CAN.10_1,Prince Edward Island,Île de Saint-Jean|Île du Prince-Édouard,,Province,Province,11,CA.PE,427.50891554300006,-25.900865464036713,0.23315600169705178,0.04613614001215027,6.490055106034025
CAN,Canada,CAN.11_1,Québec,Lower Canada,,Province,Province,24,CA.QC,258.533382939,12.101378522603568,0.12638657364264352,0.058877159656487765,5.817431425102735
CAN,Canada,CAN.12_1,Saskatchewan,,,Province,Province,47,CA.SK,201.79390094999988,158.0493913597493,0.022481696063238844,0.004460150640377414,1.3257694206468158
CAN,Canada,CAN.13_1,Yukon,Yukon Territory|Territoire du Yukon|Yukon|Yuk¢n,,Territoire,Territory,60,CA.YT,383.71494802,36.90422247699752,0.17752477596140157,0.03612782671648018,5.505505701150242
DEU,Germany,DEU.1_1,Baden-Württemberg,,,Land,State,8,DE.BW,877.9003446899998,-508.84777183295887,0.708446909846176,0.04209748927411261,9.603046949647162
DEU,Germany,DEU.2_1,Bayern,Bavaria,,Freistaat,,9,DE.BY,924.3107686150003,-289.22704162360117,0.619272858266629,0.025230458770221453,7.972802290743852
DEU,Germany,DEU.3_1,Berlin,,,Land,State,11,DE.BE,558.7779242369998,0.28240555917943766,0.28747560165005,0.011790432329144451,6.122216915256358
DEU,Germany,DEU.4_1,Brandenburg,,,Land,State,12,DE.BR,558.647881269,153.61913134694493,0.20931221309215203,0.006900457193028564,4.458649928356629
DEU,Germany,DEU.5_1,Bremen,,,Freie Hansestadt,State,4,DE.HB,725.731510948,-589.0559049762143,0.6747854493661872,0.04481755703450663,11.064624763183238
DEU,Germany,DEU.6_1,Hamburg,,,Freie und Hansestadt,State,2,DE.HH,736.1695196489999,-677.8680479402364,0.7267921003510895,0.04716445349196574,11.748416313543736
DEU,Germany,DEU.7_1,Hessen,Hesse,,Land,State,6,DE.HE,747.4876029649998,-161.20918279153977,0.4631570164371173,0.018824841255295377,7.3734580663804925
DEU,Germany,DEU.8_1,Mecklenburg-Vorpommern,Mecklenburg-West Pomerania,,Land,State,13,DE.MV,595.3942041779998,179.9605340535535,0.21411317483976647,0.008118404326001971,4.279428255622529
DEU,Germany,DEU.9_1,Niedersachsen,Lower Saxony,,Land,State,3,DE.NI,728.7995666300001,-280.9242851148839,0.517609380372454,0.028233040877762128,8.451640078374673
DEU,Germany,DEU.10_1,Nordrhein-Westfalen,North Rhine-Westphalia,,Land,State,5,DE.NW,845.024531002,-56.16569373169045,0.45982246877581534,0.016674115843980708,6.475418378616575
DEU,Germany,DEU.11_1,Rheinland-Pfalz,Rhineland-Palatinate,,Land,State,7,DE.RP,757.4410214069999,53.254885274932576,0.3580298591390115,0.012555472884091645,5.624933431569307
DEU,Germany,DEU.12_1,Saarland,,,Land,State,10,DE.SL,867.3662185460001,75.16436886114559,0.40332361333143407,0.010034930746417037,5.533476974339329
DEU,Germany,DEU.14_1,Sachsen,Saxony,,Freistaat,State,14,DE.SN,707.1368871000002,1055.2542491122636,-0.1771599204294262,0.0028601057276536057,-2.9813224165917944
DEU,Germany,DEU.13_1,Sachsen-Anhalt,Saxony-Anhalt,,Land,State,15,DE.ST,550.9236854190001,172.4746401855009,0.19527914765702875,0.00550895995669809,4.218046743354808
DEU,Germany,DEU.15_1,Schleswig-Holstein,,,Land,State,1,DE.SH,756.171873321,-1030.847122399658,0.9167374555974932,0.08551226600636697,14.426846734854884
DEU,Germany,DEU.16_1,Thüringen,Thuringia,,Freistaat,State,16,DE.TH,667.743831497,113.02230212493942,0.284375235295542,0.009325229584390304,5.067909489227762
ESP,Spain,ESP.1_1,Andalucía,Andalousie|Andaluc¡a|Andalusien|Andaluzia,,Comunidad Autónoma,Autonomous Community,1,ES.AN,566.6086504840001,1170.595070347002,-0.30630783374804166,0.003958772195293392,-6.433123141498216
ESP,Spain,ESP.2_1,Aragón,Aragão|Aragó|Aragón|Aragona|Aragonien,,Comunidad Autónoma,Autonomous Community,15,ES.AR,621.2782656759998,2027.5112535142157,-0.7210653749266491,0.02634348350518223,-13.811328088695763
ESP,Spain,ESP.3_1,Cantabria,Cantàbria|Cantábria|Cantabrie|Kantabrien,,Comunidad Autónoma,Autonomous Community,6,ES.CB,542.9295494800001,494.3217935483975,0.02367912309998579,7.640120129170924e-05,0.5190020789248107
ESP,Spain,ESP.4_1,Castilla-La Mancha,Castela-La Mancha|Castela-Mancha|Castella-la Manxa|Castilha-La Mancha,,Comunidad Autónoma,Autonomous Community,8,ES.CM,1211.640861048,759.82372942605,0.22996711000000014,0.002641832014578238,2.2585971610704774
ESP,Spain,ESP.5_1,Castilla y León,Castile and Leon|Castela e Leão|Castella i Lleó|Castile-Leon|Castilha-Leão|Castilla y León|Castille et Léon|Kastilien-León,,Comunidad Autónoma,Autonomous Community,7,ES.CL,507.5512530200002,813.6802751647626,-0.15809297730237848,0.0028906238634065495,-3.7066334063885575
ESP,Spain,ESP.6_1,Cataluña,Catalogna|Catalogne|Catalonia|Catalunha|Catalunya|Katalonien,,Comunidad Autónoma,Autonomous Community,9,ES.CT,642.3688298199997,898.3061983801592,-0.1323488562113658,0.001843011162313668,-2.4517867552144073
ESP,Spain,ESP.7_1,Ceuta y Melilla,,,Ciudades Autónomas,Autonomous City,19,ES.ML,667.210525512,1385.0199521562172,-0.3703967669035751,0.0112721337500995,-6.606193034455164
ESP,Spain,ESP.8_1,Comunidad de Madrid,Madrid|Communauté de Madrid| Community of Madrid|Comunidad de Madrid |Comunidade de Madrid|Comunitat de Madrid,,Comunidad Autónoma,Autonomous Community,,ES.MD,564.058766222,1588.9757701734227,-0.5282882504571998,0.028072384172326492,-11.145346118007872
ESP,Spain,ESP.9_1,Comunidad Foral de Navarra,Communauté forale de Navarre|Comunidade Foral de Navarra|Comunitat Foral|Navarra,,Comunidad Autónoma,Autonomous Community,15,ES.NA,940.4983770370004,479.82714468785076,0.23468897901794614,0.00266089641030387,2.9694882186954445
ESP,Spain,ESP.10_1,Comunidad Valenciana,Valencia|Communauté de Valence|Comunidade Valenciana|Comunidad Valenciana|Comunitat Valenciana,,Comunidad Autónoma,Autonomous Community,10,ES.VC,499.7305352579999,427.86543092617853,0.03754922371670708,0.00011383932152453369,0.8941534100935473
ESP,Spain,ESP.11_1,Extremadura,Estremadura|Estrémadure,,Comunidad Autónoma,Autonomous Community,11,ES.EX,645.4742229300002,1878.218237997508,-0.6332445281049709,0.021935911156632848,-11.674532640889625
ESP,Spain,ESP.12_1,Galicia,Galice|Gal¡cia|Galicien|Galiza|Galizia,,Comunidad Autónoma,Autonomous Community,12,ES.GA,1252.5563620170003,-3022.619685775532,2.181430974090586,0.08563571608812348,20.724838720930663
ESP,Spain,ESP.13_1,Islas Baleares,Balearic Islands|Balearen|Balearene|Baleares|Islas Baleares|Baleari|Îles Baléares|Ilhas Baleares|Illes Balears,,Comunidad Autónoma,Autonomous Community,4,ES.PM,584.0769928640003,1772.8879674476289,-0.6056444565952144,0.031189810546400687,-12.339416072773144
ESP,Spain,ESP.14_1,Islas Canarias,Canarias|Canary Islands|Canárias|Ilhas Canárias|Canarie|Îles Canaries|Illes Canàries|Kanariøyene|Kanarische Inseln,,Comunidad Autónoma,Autonomous Community,5,ES.CN,292.9402575880001,944.6967799794049,-0.3346612004842617,0.014874835280714538,-13.594813900122174
ESP,Spain,ESP.15_1,La Rioja,Rioja,,Comunidad Autónoma,Autonomous Community,17,ES.LO,620.4555791399999,263.63861071373003,0.18330882395029208,0.004266262415952626,3.5157633815333442
ESP,Spain,ESP.16_1,País Vasco,Basque Country|Baskenland|Basque Autonomous Community|Basque Provinces|CAV|Comunidad Autonoma Vasca,,Comunidad Autónoma,Autonomous Community,16,ES.PV,1166.9364429339998,25.13676175366686,0.5835100051929928,0.012766895485014751,5.950426095476172
ESP,Spain,ESP.17_1,Principado de Asturias,Astúrias|Asturie|Asturien|Asturies|Astúries|Asturias,,Comunidad Autónoma,Autonomous Community,3,ES.AS,1228.691621212,1215.2276110502496,0.00653576778948854,2.16535854358213e-06,0.06329955812524754
ESP,Spain,ESP.18_1,Región de Murcia,Murcia|Região de Múrcia|Regió de Múrcia|Région de Murcie|Region of Murcia,,Comunidad Autónoma,Autonomous Community,14,ES.MU,321.87114414100006,517.981418166871,-0.09960454278450366,0.0013603992991539915,-3.6825110939934373
FRA,France,FRA.1_1,Auvergne-Rhône-Alpes,,,Région,Region,,FR.AR,1011.6387229569998,430.64835982337286,0.2963702881277594,0.005554125411619593,3.4862311501991066
FRA,France,FRA.2_1,Bourgogne-Franche-Comté,,,Région,Region,,FR.BF,997.464195398,65.64910212991049,0.4765386070075487,0.012269277994713446,5.685226045760078
FRA,France,FRA.3_1,Bretagne,,,Région,Region,,FR.BT,908.5737262560008,-1451.7387354440116,1.2078390617597212,0.09852431055316813,15.819613114027964
FRA,France,FRA.4_1,Centre-Val de Loire,,,Région,Region,,FR.CN,699.5758451910001,-520.8276072548933,0.624910517312349,0.03531343907549822,10.62991983948022
FRA,France,FRA.5_1,Corse,Corsica,,Région,Region,,FR.CE,890.134187883,2274.702969847444,-0.7093036867490389,0.03369222459021626,-9.482518464309358
FRA,France,FRA.6_1,Grand Est,,,Région,Region,,FR.AO,869.5854446259998,-170.72884077249694,0.531675167150691,0.018848956119529303,7.275805417619859
FRA,France,FRA.7_1,Hauts-de-France,,,Région,Region,,FR.NC,764.3708896260001,-113.22493315906547,0.44966445500569713,0.019320360843229745,7.000537418668568
FRA,France,FRA.8_1,Île-de-France,,,Région,Region,,FR.IF,662.990539375,-371.39606371271896,0.5296263482602194,0.027654069947201987,9.506249591793596
FRA,France,FRA.9_1,Normandie,,,Région,Region,,FR.ND,826.6120421140002,-492.5191508982334,0.6756159930800453,0.03433550810068331,9.726243882306937
FRA,France,FRA.10_1,Nouvelle-Aquitaine,,,Région,Region,,FR.AC,927.6740895669998,-270.7225183561603,0.6121148432566588,0.024403355559318607,7.8520751163312
FRA,France,FRA.11_1,Occitanie,,,Région,Region,,FR.LP,874.5919498319995,-121.86477849272183,0.509134665839624,0.01869639904188114,6.927462029184402
FRA,France,FRA.12_1,Pays de la Loire,,,Région,Region,,FR.PL,741.7930972790001,-590.2032084603334,0.6822422583869819,0.034903900275767064,10.94467298844589
FRA,France,FRA.13_1,Provence-Alpes-Côte d'Azur,,,Région,Region,,FR.PR,812.9554310999998,182.72312864170362,0.3217289879361914,0.004995849551934217,4.709452461939126
GBR,United Kingdom,GBR.1_1,England,,,Home Nation|Constituent Country,Kingdom,,,806.9506678019997,288.74335903425447,0.26617891652471143,0.009441806541750641,3.925307002064813
GBR,United Kingdom,GBR.2_1,Northern Ireland,Ulster,,Home Nation|Constituent Country,Province,,,1286.6413844599995,65.65889508104215,0.6260713050135311,0.02821842325786783,5.790462377197569
GBR,United Kingdom,GBR.3_1,Scotland,Alba,,Home Nation|Constituent Country,Kingdom,,,1096.746949198,1838.7332793379578,-0.37866305430636676,0.014328210828830401,-4.108596198549591
GBR,United Kingdom,GBR.4_1,Wales,Cymru,,Home Nation|Constituent Country,Principality,,,1291.8549256719998,365.162031700499,0.4747965930579687,0.01438295065256956,4.373617613797275
IDN,Indonesia,IDN.1_1,Aceh,,,Propinisi,Province,11,ID.AC,2594.6520145000004,1502.9883000212217,0.5638038481412905,0.006252384483795392,2.585805632272526
IDN,Indonesia,IDN.2_1,Bali,,,Propinisi,Province,51,ID.BA,2018.0940165099996,3847.389450776527,-0.9351061742771686,0.00555958430293213,-5.513996564511973
IDN,Indonesia,IDN.3_1,Bangka Belitung,,,Propinisi,Province,19,ID.BB,2879.3106617899994,3200.4739731689224,-0.1762131486113092,0.0001735264660847058,-0.7282772561856746
IDN,Indonesia,IDN.4_1,Banten,,,Propinisi,Province,36,ID.BT,3179.50776539,2023.7447625519153,0.590531604215924,0.0025378087826456452,2.210193089214714
IDN,Indonesia,IDN.5_1,Bengkulu,,,Propinisi,Province,17,ID.BE,2941.095885390002,8209.34221254109,-2.6973438713573565,0.043109590982542745,-10.913752329056132
IDN,Indonesia,IDN.6_1,Gorontalo,,,Propinisi,Province,75,ID.GO,1722.231113981,-3205.7012261631826,2.5392610178336423,0.04725663999400842,17.545383930715417
IDN,Indonesia,IDN.7_1,Jakarta Raya,,,Propinisi,Province,31,ID.JK,2246.3290593999996,-2266.054356601766,2.3146772593149123,0.06023784436005519,12.262076773918736
IDN,Indonesia,IDN.8_1,Jambi,,,Propinisi,Province,15,ID.JA,2535.4840363600006,3671.0315007970366,-0.5827479195200111,0.0036028621558942264,-2.735059713585793
IDN,Indonesia,IDN.9_1,Jawa Barat,,,Propinisi,Province,32,ID.JR,2887.0505497999998,3812.3487396655746,-0.46436704092009706,0.0014768274920644586,-1.9140530072575161
IDN,Indonesia,IDN.10_1,Jawa Tengah,,,Propinisi,Province,33,ID.JT,2680.92699098,6496.972394517163,-1.9472704892323032,0.02673707285906246,-8.64347253760678
IDN,Indonesia,IDN.11_1,Jawa Timur,,,Propinisi,Province,35,ID.JI,2109.20416196,2670.28958880359,-0.2807811693775819,0.0007045549594222322,-1.5841500675251328
IDN,Indonesia,IDN.12_1,Kalimantan Barat,,,Propinisi,Province,61,ID.KB,3525.585107070001,845.1879319220902,1.3753589710867402,0.01785392416001752,4.642285254470598
IDN,Indonesia,IDN.13_1,Kalimantan Selatan,,,Propinisi,Province,63,ID.KS,2593.2679493600003,8361.947725089589,-2.950911776057542,0.06531573242702982,-13.541157651584399
IDN,Indonesia,IDN.14_1,Kalimantan Tengah,,,Propinisi,Province,62,ID.KT,3076.1799581200003,2688.806635536106,0.2056101804158951,0.0003262952948129838,0.7953894701415596
IDN,Indonesia,IDN.15_1,Kalimantan Timur,,,Propinisi,Province,64,ID.KM,2735.1679252799995,703.8289725805448,1.0529606475858138,0.015702706385911203,4.581156275802869
IDN,Indonesia,IDN.16_1,Kepulauan Riau,,,Propinisi,Province,21,ID.KR,2479.3910700400006,5142.194689108104,-1.3654916346246975,0.025668376728372966,-6.553766627775967
IDN,Indonesia,IDN.17_1,Lampung,,,Propinisi,Province,18,ID.LA,2436.6980006400004,6068.421913900301,-1.8676744842828668,0.03494943953004337,-9.12108367845692
IDN,Indonesia,IDN.19_1,Maluku,,,Propinisi,Province,81,ID.MA,2309.0645935000002,3272.3573203819965,-0.4813107847172766,0.001140680100117697,-2.4804842420860544
IDN,Indonesia,IDN.18_1,Maluku Utara,,,Propinisi,Province,82,ID.MU,2028.5793216499994,-2099.7174980062673,2.116138754942316,0.024485567913760442,12.41363890238764
IDN,Indonesia,IDN.20_1,Nusa Tenggara Barat,,,Propinisi,Province,52,ID.NB,1423.6451072459997,1194.8758933475856,0.11185751335635945,0.0002115196503572614,0.9349973544429626
IDN,Indonesia,IDN.21_1,Nusa Tenggara Timur,,,Propinisi,Province,53,ID.NT,1567.0859103140006,-1608.560350789745,1.6279037373365617,0.04140960032594121,12.361833098495195
IDN,Indonesia,IDN.23_1,Papua,,,Propinisi,Province,94,ID.PA,3275.784639170001,-375.96091858111413,1.8912107426648628,0.03322687778891298,6.870234254292782
IDN,Indonesia,IDN.22_1,Papua Barat,,,Propinisi,Province,91,ID.IB,3182.4480983800017,4951.73193869392,-0.9022384139794906,0.0037680826568977643,-3.3737037634082174
IDN,Indonesia,IDN.24_1,Riau,,,Propinisi,Province,14,ID.RI,2499.8486925899997,843.0559744318468,0.8615923862056688,0.011381817903239222,4.101427988917506
IDN,Indonesia,IDN.25_1,Sulawesi Barat,,,Propinisi,Province,76,ID.SR,2372.30693356,4155.88623877026,-0.914390240343256,0.007759867141604482,-4.586777413222756
IDN,Indonesia,IDN.26_1,Sulawesi Selatan,,,Propinisi,Province,73,ID.SE,2808.3264500799983,3255.5616123694626,-0.23446573323600622,0.0003945328548052851,-0.9935248893265217
IDN,Indonesia,IDN.27_1,Sulawesi Tengah,,,Propinisi,Province,72,ID.ST,2033.60875183,-985.6687125964968,1.5522127483406924,0.03610379411248987,9.083031182193867
IDN,Indonesia,IDN.28_1,Sulawesi Tenggara,,,Propinisi,Province,74,ID.SG,1980.6581051430005,-1563.9327636687228,1.8274536864983622,0.023694536205536743,10.979531910561834
IDN,Indonesia,IDN.29_1,Sulawesi Utara,,,Propinisi,Province,71,ID.SW,2343.5156032899995,-2012.9176928215375,2.2350579166856583,0.028748591297813042,11.349269094355611
IDN,Indonesia,IDN.30_1,Sumatera Barat,,,Propinisi,Province,13,ID.SB,3233.922680270002,1278.2540651313236,1.0024416856644338,0.006424136149570048,3.6887264287997135
IDN,Indonesia,IDN.31_1,Sumatera Selatan,,,Propinisi,Province,16,ID.SL,2753.5262951400005,4863.234897843042,-1.0752084886697049,0.011282979662116444,-4.646761876853237
IDN,Indonesia,IDN.32_1,Sumatera Utara,,,Propinisi,Province,12,ID.SU,2702.5578859799994,897.4816523345662,0.9355628405212941,0.010757310949993881,4.119503918846234
IDN,Indonesia,IDN.33_1,Yogyakarta,,,Propinisi,Province,34,ID.YO,2080.005280210001,4773.471235472154,-1.3730307438826375,0.014339828693276102,-7.855300180081161
IND,India,IND.1_1,Andaman and Nicobar,Andaman & Nicobar Islands|Andaman et Nicobar|Iihas de Andama e Nicobar|Inseln Andamanen und Nikobare,,Union Territor,Union Territory,,IN.AN,872.8845156529999,30.46433761888568,0.43163397989175345,0.011066700537945562,5.884448937519898
IND,India,IND.2_1,Andhra Pradesh,,,State,State,,IN.AP,2793.69454989,3811.1706671394386,-0.5280514837060248,0.0037378003832041484,-2.2492840730741723
IND,India,IND.3_1,Arunachal Pradesh,Agence de la Frontière du Nord-Est(French-obsolete)|North East Frontier Agency,,State,State,,IN.AR,2480.5104552600005,5386.037792499215,-1.501163611251958,0.044385240004587656,-7.201681789333906
IND,India,IND.4_1,Assam,,,State,State,,IN.AS,1230.4856113279998,3150.8749535622565,-0.9911688557876372,0.0309145908320273,-9.585572781418584
IND,India,IND.5_1,Bihar,,,State,State,,IN.BR,1403.3394542120004,2707.774486376983,-0.6666515554693064,0.015768789495259727,-5.6530538539867035
IND,India,IND.6_1,Chandigarh,,,Union Territor,Union Territory,,IN.CH,3097.5569811099995,-4139.715598266201,3.697111670153824,0.07825069527594986,14.203331574893197
IND,India,IND.7_1,Chhattisgarh,,,State,State,,IN.CT,687.982639341,-1674.1677771352101,1.2167511971136598,0.036607932782505626,21.046082295800254
IND,India,IND.8_1,Dadra and Nagar Haveli,DAdra et Nagar Haveli|Dadra e Nagar Haveli,,Union Territor,Union Territory,,IN.DN,558.3317554510002,-151.7490371337136,0.36299774994302825,0.007669185225086528,7.736750027468455
IND,India,IND.9_1,Daman and Diu,,,Union Territor,Union Territory,,IN.DD,649.4868699440002,-235.08357733641935,0.44947719806651476,0.014480908521842029,8.235391513692502
IND,India,IND.10_1,Goa,Gôa,,State,State,,IN.GA,1351.6373265510003,2339.443484018744,-0.510735612860704,0.00895099974532898,-4.496586231863766
IND,India,IND.11_1,Gujarat,Goudjerate|Gujerat|Gujerate,,State,State,,IN.GJ,1167.5428216090002,851.4123920898305,0.15679363351659306,0.0013402597194388521,1.5980949086527914
IND,India,IND.12_1,Haryana,,,State,State,,IN.HR,2903.9521725200007,7445.102866444524,-2.3279958261786073,0.04736735074405862,-9.539809434080693
IND,India,IND.13_1,Himachal Pradesh,,,Union Territor,Union Territory,,IN.HP,1073.1612648880002,982.3684891982771,0.044518114993590464,7.374649803626454e-05,0.49364954341602624
IND,India,IND.14_1,Jammu and Kashmir,,,State,State,,IN.JK,1183.2747586330001,-951.4911543869393,1.092298307547358,0.046409757741648905,10.985064766217224
IND,India,IND.15_1,Jharkhand,Vananchal,,State,State,,IN.JH,2199.818739719999,3292.8303450874537,-0.571027835621707,0.007431255555490512,-3.088995980079356
IND,India,IND.16_1,Karnataka,Maisur|Mysore,,State,State,,IN.KA,3841.964790399999,5075.036884060248,-0.6564646623913969,0.0014258925130919975,-2.033316260986426
IND,India,IND.17_1,Kerala,,,State,State,,IN.KL,2802.57940619,54.5357386849455,1.3986483031619423,0.022563701158121563,5.93878438229655
IND,India,IND.18_1,Lakshadweep,Íles Laquedives|Laccadive|Minicoy and Amindivi Islands|Laccadives|Lackadiverna|Lakkadiven|Lakkadi,,Union Territor,Union Territory,,IN.LD,2438.8898521799993,3478.924577748897,-0.5429844645563314,0.005185884467950874,-2.6493673432790437
IND,India,IND.19_1,Madhya Pradesh,,,State,State,,IN.MP,1471.0252153899999,1519.56749925908,-0.023218166180031263,2.1788505657482915e-05,-0.1878255890189619
IND,India,IND.20_1,Maharashtra,,,State,State,,IN.MH,626.821992247,-267.2213132251105,0.4555190811073922,0.011274169456874428,8.647873131806042
IND,India,IND.21_1,Manipur,,,State,State,,IN.MN,441.48935879199985,-35.94407146349562,0.24500259013958145,0.0046352881662927725,6.60385299124417
IND,India,IND.22_1,Meghalaya,,,State,State,,IN.ML,1807.4853244000008,4790.686541125624,-1.532842765610312,0.04133896162790085,-10.091826840595678
IND,India,IND.23_1,Mizoram,,,State,State,,IN.MZ,964.0515316489998,1569.4921457204248,-0.30826758933129206,0.00537739693081607,-3.8051745084286557
IND,India,IND.24_1,Nagaland,,,State,State,,IN.NL,924.3650655259999,640.2184595645776,0.14020392237573,0.0007773746523759284,1.8049434563191624
IND,India,IND.25_1,NCT of Delhi,,,Union Territor,Union Territory,,IN.DL,2328.35506716,1453.6882523559325,0.4414492685158806,0.0017671438638209302,2.2562049789710987
IND,India,IND.26_1,Odisha,,,State,State,,IN.OR,985.812632467,1179.7846593183024,-0.10414380649836216,0.0004921222406002457,-1.2571469024789512
IND,India,IND.27_1,Puducherry,Pondicherry|Puduchcheri|Pondichéry,,Union Territor,Union Territory,,IN.PY,1566.65063982,2867.3290337090157,-0.6698206533114941,0.01136558433170154,-5.087838712607037
IND,India,IND.28_1,Punjab,,,State,State,,IN.PB,1795.432704949999,1410.810179078479,0.19263639286426415,0.0011473433335419392,1.276780281858898
IND,India,IND.29_1,Rajasthan,Greater Rajasthan|Rajputana,,State,State,,IN.RJ,2861.75669514,3398.9432312877066,-0.26899927659165285,0.0006675691433001285,-1.1185756625910743
IND,India,IND.30_1,Sikkim,,,State,State,,IN.SK,1003.4991057159998,1313.040258166031,-0.16712541723828536,0.0006288688560612821,-1.9818577354053406
IND,India,IND.31_1,Tamil Nadu,Madras|Tamilnad,,State,State,,IN.TN,2281.569782619999,-5624.366556472725,4.061269982872811,0.10190532803685926,21.182395193141364
IND,India,IND.32_1,Telangana,,,State,State,,IN.TG,1573.403076803,-5718.077362260806,3.748026789072783,0.09577138786944084,28.3471663730263
IND,India,IND.33_1,Tripura,,,State,State,,IN.TR,1403.8932289599998,900.4047546999013,0.2512045852371454,0.001272545522865709,2.1293176024052207
IND,India,IND.34_1,Uttar Pradesh,United Provinces,,State,State,,IN.UP,1522.1509421209996,1193.3110116821952,0.1650354093462475,0.0003045773866516832,1.2902277408072111
IND,India,IND.35_1,Uttarakhand,Uttarakhand,,State,State,,IN.UT,544.4632290109998,-1273.5757019401367,0.930138243349238,0.027393678192452864,20.3294630492527
IND,India,IND.36_1,West Bengal,Bangla|Bengala Occidentale|Bengala Ocidental|Bengale occidental,,State,State,,IN.WB,1945.0672499700001,3730.7885861177883,-0.914956587373593,0.015124223541956416,-5.597741358255704
IRL,Ireland,IRL.1_1,Carlow,Ceatharlach,,Administrative County,County,,IE.CW,1383.39650557,-173.65096559606945,0.7967756652115086,0.029630498747150846,6.853877668362507
IRL,Ireland,IRL.2_1,Cavan,An Cabhán,,Administrative County,County,,IE.CN,1285.2191725630003,1067.9441419971936,0.11155151201609467,0.0008943113819195325,1.032868962220882
IRL,Ireland,IRL.3_1,Clare,An Clár,,Administrative County,County,,IE.CE,1133.137201417,916.0540094553621,0.1113935819178183,0.0008766558858049889,1.1698350589534803
IRL,Ireland,IRL.4_1,Cork,Corcaigh,,Traditional County,County,,IE.CK,1132.6991340310003,1054.9914300738785,0.038206867090157866,7.583258820653693e-05,0.40139672108236574
IRL,Ireland,IRL.5_1,Donegal,Dún na nGall|Tyrconnel,,Administrative County,County,,IE.DL,991.5650036760003,-238.3612427044577,0.6289907263901152,0.025429356632738487,7.548662585199644
IRL,Ireland,IRL.6_1,Dublin,Baile Átha Cliath,,Administrative County,County,,IE.DN,1086.5257268199998,807.0199339794472,0.14317170506836643,0.0019477734810847691,1.5680653004876457
IRL,Ireland,IRL.7_1,Galway,Gaillimh,,Traditional County,County,,IE.GY,1238.3636436840002,1002.6681723614874,0.12236879052556565,0.0009546256844709111,1.1758974148516061
IRL,Ireland,IRL.8_1,Kerry,Ciarraí,,Administrative County,County,,IE.KY,1401.9489760100003,-881.5352435060536,1.1695525165289848,0.07336881473352919,9.927376234693753
IRL,Ireland,IRL.9_1,Kildare,Cill Dara,,Administrative County,County,,IE.KE,885.6316302660002,186.66487256894982,0.35583609601481286,0.01121158724640725,4.781276320612501
IRL,Ireland,IRL.10_1,Kilkenny,Cill Chainnigh,,Administrative County,County,,IE.KK,1710.2549377200005,-156.42931290571232,0.9550666036390831,0.03125299040305329,6.645379196189634
IRL,Ireland,IRL.11_1,Laoighis,Laois|Leix|Queens,,Administrative County,County,,IE.LS,911.4628791410001,68.92081013053735,0.4293263387822246,0.0168772372326077,5.605256723481035
IRL,Ireland,IRL.12_1,Leitrim,Liatroim,,Administrative County,County,,IE.LM,961.2618628210001,150.91461124231603,0.41378911811209224,0.012790374641069913,5.122527685726808
IRL,Ireland,IRL.13_1,Limerick,Luimneach,,Traditional County,County,,IE.LK,916.2331388809996,495.7463208790918,0.21391027455276998,0.004644010722865799,2.7782582392586614
IRL,Ireland,IRL.14_1,Longford,An Longfort,,Administrative County,County,,IE.LD,1231.983125941,-24.304990355178006,0.6453267018494518,0.02892216947484716,6.233354654222954
IRL,Ireland,IRL.15_1,Louth,Lú,,Administrative County,County,,IE.LH,982.6196584509999,298.53714701797446,0.35157968231804587,0.012291257242677212,4.257800242038796
IRL,Ireland,IRL.16_1,Mayo,Maigh Eo,,Administrative County,County,,IE.MO,970.1072044980001,1179.7997615058255,-0.10661150194131894,0.0011787510310619087,-1.3077697673198867
IRL,Ireland,IRL.17_1,Meath,An Mhí,,Administrative County,County,,IE.MH,1429.35863851,508.6817834674546,0.47137723650477165,0.012964758095108886,3.924409845981099
IRL,Ireland,IRL.18_1,Monaghan,Muineachán,,Administrative County,County,,IE.MN,905.4358872779999,529.4904150282293,0.1911972787722548,0.003995676693687278,2.5128754551908465
IRL,Ireland,IRL.19_1,Offaly,Uíbh Fhailí|Kings,,Administrative County,County,,IE.OY,985.0486386180002,1099.2210533215352,-0.05741245214784227,0.0003596693321511468,-0.6935781176428484
IRL,Ireland,IRL.20_1,Roscommon,Ros Comáin,,Administrative County,County,,IE.RN,934.8898303179996,651.2372597284286,0.14485992405426595,0.0022745833101728286,1.843889023436493
IRL,Ireland,IRL.21_1,Sligo,Sligeach,,Administrative County,County,,IE.SO,1056.47567959,254.65850928105704,0.4125043459400369,0.014699388898288257,4.646393486872751
IRL,Ireland,IRL.22_1,Tipperary,Tiobraid Árann,,Administrative County,County,,IE.TY,1226.7563255330006,150.2556379036464,0.5519348559670987,0.02085292950951534,5.353976702060046
IRL,Ireland,IRL.23_1,Waterford,Port Láirge,,Traditional County,County,,IE.WD,1077.7284538780002,1109.6252531487685,-0.0174654753318618,2.1576973229908702e-05,-0.19284928007726423
IRL,Ireland,IRL.24_1,Westmeath,An Iarmhí,,Administrative County,County,,IE.WH,935.8651838490001,388.82518657984633,0.2803123339096994,0.008733444708262428,3.564313355270233
IRL,Ireland,IRL.25_1,Wexford,Loch Garman,,Administrative County,County,,IE.WX,998.6795095570003,-427.7778954640223,0.7305805466571713,0.03171191804679507,8.70540390788315
IRL,Ireland,IRL.26_1,Wicklow,Cill Mhantáin,,Administrative County,County,,IE.WW,1133.5580543210003,-440.4257367840046,0.8048962960967098,0.035891925472638864,8.449735668181736
MEX,Mexico,MEX.1_1,Aguascalientes,,,Estado,State,,MX.AG,551.3228293619998,517.6225454507193,0.021295176137302408,3.120821995894474e-05,0.4596446628686718
MEX,Mexico,MEX.3_1,Baja California,,,Estado,State,,MX.BN,169.48323994520013,525.6873616013274,-0.1826252696454209,0.01382490382282986,-12.822747013115832
MEX,Mexico,MEX.2_1,Baja California Sur,,,Estado,State,,MX.BS,157.0928235798,-274.0240717932019,0.2219488084020795,0.0215323127680479,16.812931105303317
MEX,Mexico,MEX.4_1,Campeche,,,Estado,State,,MX.CM,1275.3649378970001,2169.534187696496,-0.4571037743490955,0.010146613541422655,-4.265081117663232
MEX,Mexico,MEX.5_1,Chiapas,,,Estado,State,,MX.CP,1963.4373011500002,172.06015321549535,0.9195396134168926,0.025438852824362534,5.573145316762549
MEX,Mexico,MEX.6_1,Chihuahua,,,Estado,State,,MX.CH,450.78444668699973,-289.83030573378437,0.3800072814029341,0.026968243078443144,10.03159421743494
MEX,Mexico,MEX.7_1,Coahuila,,,Estado,State,,MX.CA,335.5605333859998,-693.2235611035615,0.530247873457485,0.03466795519519972,18.804206890700257
MEX,Mexico,MEX.8_1,Colima,,,Estado,State,,MX.CL,909.0227925280001,-103.83592933727357,0.5201015849551345,0.013948020389447646,6.808639906326065
MEX,Mexico,MEX.9_1,Distrito Federal,,,Distrito Federal,Federal District,,MX.DF,613.9783692700001,-623.8211800459773,0.6348972474312781,0.045425143514899013,12.30544530976748
MEX,Mexico,MEX.10_1,Durango,,,Estado,State,,MX.DU,597.239439647,-13.902752970873166,0.3175823059236576,0.008841229557331798,6.327829660287085
MEX,Mexico,MEX.11_1,Guanajuato,,,Estado,State,,MX.GJ,1207.3489182009998,1565.9772477803738,-0.18263883479276474,0.0022924272109873245,-1.8001441847252906
MEX,Mexico,MEX.12_1,Guerrero,,,Estado,State,,MX.GR,908.1073292099999,3451.6472488305226,-1.3155398064720125,0.05215793067170116,-17.239067666853668
MEX,Mexico,MEX.13_1,Hidalgo,,,Estado,State,,MX.HI,897.6699822759998,512.3533534269901,0.19894479472083768,0.005511570737658844,2.6373200663070278
MEX,Mexico,MEX.14_1,Jalisco,,,Estado,State,,MX.JA,929.4202460460004,-580.2592279069933,0.7769836953375587,0.058266519074068324,9.948251088624687
MEX,Mexico,MEX.15_1,México,,,Estado,State,,MX.MX,919.0390500099998,8.876186317390761,0.4685479958438969,0.019854298170650653,6.06690341447592
MEX,Mexico,MEX.16_1,Michoacán,,,Estado,State,,MX.MC,921.6198312999998,-1736.9740336259079,1.3660390554415325,0.11820339768917454,17.638362595588216
MEX,Mexico,MEX.17_1,Morelos,,,Estado,State,,MX.MR,1142.510510774,752.0026202079616,0.19632864510183734,0.002289864200158531,2.04489223922248
MEX,Mexico,MEX.18_1,Nayarit,,,Estado,State,,MX.NA,517.8582655429999,-912.9756880123915,0.7385947803681813,0.03610412240762417,16.972361882001373
MEX,Mexico,MEX.19_1,Nuevo León,,,Estado,State,,MX.NL,1391.9219231499994,-1467.052707501924,1.4678736146275466,0.09579680703867055,12.549336082398503
MEX,Mexico,MEX.20_1,Oaxaca,,,Estado,State,,MX.OA,1054.3937026099995,1077.380947917177,-0.014877745280586802,1.2102863945595566e-05,-0.16791182307019964
MEX,Mexico,MEX.21_1,Puebla,,,Estado,State,,MX.PU,621.4008206429999,-438.45003621939907,0.5449000299052842,0.020736399553738738,10.43498840114692
MEX,Mexico,MEX.22_1,Querétaro,,,Estado,State,,MX.QE,1266.4060833230003,2428.973992402478,-0.5955403228635522,0.010134459772396465,-5.596095861668986
MEX,Mexico,MEX.23_1,Quintana Roo,,,Estado,State,,MX.QR,597.9581815850001,-325.4682226377016,0.475511875395243,0.019142560199891356,9.463189051455464
MEX,Mexico,MEX.24_1,San Luis Potosí,,,Estado,State,,MX.SL,753.706238649,207.39274594488006,0.2777792398411906,0.006304740475064352,4.38575771912851
MEX,Mexico,MEX.25_1,Sinaloa,,,Estado,State,,MX.SI,388.51009036300013,253.33553632286026,0.06897537368109945,0.0014511936640714262,2.1127043213682595
MEX,Mexico,MEX.26_1,Sonora,,,Estado,State,,MX.SO,2066.34024768,5948.714718872241,-2.0020756401723405,0.07352494542097165,-11.529901788826995
MEX,Mexico,MEX.27_1,Tabasco,,,Estado,State,,MX.TB,711.877011602,-262.5576365357649,0.502594308122775,0.012397595310964293,8.401552753054538
MEX,Mexico,MEX.28_1,Tamaulipas,,,Estado,State,,MX.TM,700.633679319,2091.213695707336,-0.7206520149921666,0.03945015890481718,-12.240003915801228
MEX,Mexico,MEX.29_1,Tlaxcala,,,Estado,State,,MX.TL,1726.3346972199997,236.7895440408763,0.7670547515097568,0.01419416701177001,5.287474994081558
MEX,Mexico,MEX.30_1,Veracruz,,,Estado,State,,MX.VE,1053.1385523119998,-454.6617447244839,0.7769548845627405,0.032480081398404415,8.779246667970702
MEX,Mexico,MEX.31_1,Yucatán,,,Estado,State,,MX.YU,466.3162133379999,316.0451997632388,0.07928222969591228,0.0007331852434361297,2.023216234811697
MEX,Mexico,MEX.32_1,Zacatecas,,,Estado,State,,MX.ZA,909.1274069409998,-1807.6935920527421,1.3938334215845323,0.11827185276133534,18.244547013125484
NGA,Nigeria,NGA.1_1,Abia,,,State,State,,NG.AB,2302.48031188,6875.886570442387,-2.339212862633528,0.06841283710436497,-12.089846293890814
NGA,Nigeria,NGA.2_1,Adamawa,,,State,State,,NG.AD,1040.6381662190001,2249.9690458487394,-0.6228010330672269,0.027498150865805204,-7.121910894761764
NGA,Nigeria,NGA.3_1,Akwa Ibom,,,State,State,,NG.AK,2483.1069034999996,8142.449517796182,-2.893965709984333,0.06463882241283758,-13.868992873513458
NGA,Nigeria,NGA.4_1,Anambra,,,State,State,,NG.AN,1914.2344473399999,2615.7587760374586,-0.3615276376584531,0.002846876487921479,-2.2474670718175895
NGA,Nigeria,NGA.5_1,Bauchi,,,State,State,,NG.BA,970.338677212,2015.663595743712,-0.5342240808381997,0.02300144901084511,-6.551595552431679
NGA,Nigeria,NGA.6_1,Bayelsa,,,State,State,,NG.BY,2556.4906067399993,3685.0854954506485,-0.5758786017305231,0.003878041806836152,-2.6806104205999866
NGA,Nigeria,NGA.7_1,Benue,,,State,State,,NG.BE,1553.67277523,4895.405170050122,-1.717140540717135,0.09058037263835594,-13.152043828217904
NGA,Nigeria,NGA.8_1,Borno,,,State,State,,NG.BO,555.839891084,726.3926349712152,-0.08508517217490394,0.0008547922524194673,-1.8215920899573277
NGA,Nigeria,NGA.9_1,Cross River,,,State,State,,NG.CR,2448.960738629999,7233.29960054394,-2.4506113373166216,0.08162525211863814,-11.908020595863778
NGA,Nigeria,NGA.10_1,Delta,,,State,State,,NG.DE,2416.76456697,1631.2596452730381,0.4041083266699903,0.0028140874510851344,1.9898045316851
NGA,Nigeria,NGA.11_1,Ebonyi,,,State,State,,NG.EB,2031.2890442299997,5744.385204965245,-1.9009082963894026,0.05509604116876088,-11.136184085317486
NGA,Nigeria,NGA.12_1,Edo,,,State,State,,NG.ED,1851.89226949,-630.9520243456775,1.275497601929925,0.03620284081076297,8.196168704320014
NGA,Nigeria,NGA.13_1,Ekiti,,,State,State,,NG.EK,1408.79339623,1367.7528947426285,0.020128985764136405,1.292139240083312e-05,0.17002843087867278
NGA,Nigeria,NGA.14_1,Enugu,,,State,State,,NG.EN,1766.0883393100003,3764.08040977425,-1.0243642817618577,0.022909927876283542,-6.902222658764985
NGA,Nigeria,NGA.15_1,Federal Capital Territory,Abuja,,State,State,,NG.FC,1445.6289861199998,6171.189578825893,-2.4223564291411477,0.19523736861305163,-19.94013801850183
NGA,Nigeria,NGA.16_1,Gombe,,,State,State,,NG.GO,879.040324477,2195.758828733015,-0.6756862310981342,0.04005093702993234,-9.147095902399844
NGA,Nigeria,NGA.17_1,Imo,,,State,State,,NG.IM,2305.341046580001,4898.842665558468,-1.3268018523643355,0.02590149229284988,-6.848853043482942
NGA,Nigeria,NGA.18_1,Jigawa,,,State,State,,NG.JI,610.125941535,423.1206424843473,0.10033018487893447,0.0008599597569258766,1.9568569680147425
NGA,Nigeria,NGA.19_1,Kaduna,,,State,State,,NG.KD,1249.2056080650002,3913.876012707805,-1.3667548620645207,0.11181787628005613,-13.019780533775435
NGA,Nigeria,NGA.20_1,Kano,,,State,State,,NG.KN,882.2740225120001,-714.2362446511466,0.8280372868658312,0.024039147370433334,11.168461795631492
NGA,Nigeria,NGA.21_1,Katsina,,,State,State,,NG.KT,761.4610100830001,1759.1176508416324,-0.5072661493013817,0.02470420062925094,-7.927480326311731
NGA,Nigeria,NGA.22_1,Kebbi,,,State,State,,NG.KE,838.2211948850003,1160.9138856347952,-0.1634071678899016,0.0026527910878288985,-2.319847445705081
NGA,Nigeria,NGA.23_1,Kogi,,,State,State,,NG.KO,1284.762406318,3821.0415329046004,-1.3004890214948015,0.053619853604016554,-12.04566640468589
NGA,Nigeria,NGA.24_1,Kwara,,,State,State,,NG.KW,1160.7775677899997,2921.926137260859,-0.9024175547365043,0.045725244886324345,-9.25135805459258
NGA,Nigeria,NGA.25_1,Lagos,,,State,State,,NG.LA,1606.0234332099997,1059.9073784727257,0.28757812090870183,0.0010487511217937007,2.130840414933146
NGA,Nigeria,NGA.26_1,Nassarawa,,,State,State,,NG.NA,1335.54790938,5681.512767811397,-2.231238368038742,0.1918174217218208,-19.880781807361082
NGA,Nigeria,NGA.27_1,Niger,,,State,State,,NG.NI,1167.192606506,3451.5786800598626,-1.1693068919448795,0.09900146227733997,-11.921555993914305
NGA,Nigeria,NGA.28_1,Ogun,,,State,State,,NG.OG,1380.6693587309999,1298.5519250361622,0.0484574065588949,4.680780621302283e-05,0.41765476607726937
NGA,Nigeria,NGA.29_1,Ondo,,,State,State,,NG.ON,1601.3240412899997,-1009.8690953056546,1.3412726734795613,0.03967682813940454,9.967467172695883
NGA,Nigeria,NGA.30_1,Osun,,,State,State,,NG.OS,1366.080668359,-1109.0027966936486,1.2731553435578984,0.04385112665498592,11.090522645736973
NGA,Nigeria,NGA.31_1,Oyo,,,State,State,,NG.OY,1146.5201859379997,693.9254316026778,0.2344573904856857,0.002514618352496556,2.4334878539421867
NGA,Nigeria,NGA.32_1,Plateau,,,State,State,,NG.PL,1195.2058218260001,3850.7458901017385,-1.3643958191931354,0.11372328100390339,-13.584530757717491
NGA,Nigeria,NGA.33_1,Rivers,,,State,State,,NG.RI,2380.275331120001,6165.359256769122,-1.9370966526990459,0.0418541816951844,-9.68436292463366
NGA,Nigeria,NGA.34_1,Sokoto,,,State,State,,NG.SO,614.6760672529999,1562.0166990111381,-0.48516388395955,0.023281856198657525,-9.392671240512607
NGA,Nigeria,NGA.35_1,Taraba,,,State,State,,NG.TA,1332.3912372400007,3392.199584457628,-1.0584577893391258,0.06469133565699436,-9.453415289061056
NGA,Nigeria,NGA.36_1,Yobe,,,State,State,,NG.YO,527.0758612300001,1175.0064754077055,-0.33054498829796325,0.011276795210475088,-7.4628448200349435
NGA,Nigeria,NGA.37_1,Zamfara,,,State,State,,NG.ZA,894.2387869829998,1979.3483523900586,-0.555356387037459,0.023357399580712923,-7.3903537868699045
NLD,Netherlands,NLD.1_1,Drenthe,,,Provincie,Province,,NL.DR,778.3432887259999,-1781.2771972273317,1.3125170604379717,0.14118372066768803,20.066920657563738
NLD,Netherlands,NLD.2_1,Flevoland,,,Provincie,Province,,NL.FL,771.9130502540003,-2328.3374339355933,1.589715303946731,0.1817982113886738,24.507439161368243
NLD,Netherlands,NLD.3_1,Friesland,Frise|Frisia|Frísia,,Provincie,Province,,NL.FR,779.75616047,-1977.0245028912123,1.4142059379988607,0.16489585093761605,21.582452970993764
NLD,Netherlands,NLD.4_1,Gelderland,Geldern|Gheldria|Guelders|Gueldre,,Provincie,Province,,NL.GE,785.3661947999998,-1436.2635449814845,1.139413933911836,0.09792338361291142,17.26459058631085
NLD,Netherlands,NLD.5_1,Groningen,Groninga|Groningue,,Provincie,Province,,NL.GR,771.32620452,-1407.855907932232,1.1178985944089161,0.12088036488545495,17.246909537767642
NLD,Netherlands,NLD.6_1,IJsselmeer,,,Water body,Water body,,,742.353697897,-493.15156220481435,0.6336310038156959,0.037148587984424886,10.157164929288156
NLD,Netherlands,NLD.7_1,Limburg,Limbourg|Limburgo,,Provincie,Province,,NL.LI,753.9037434930002,-1270.2360833432135,1.0387733141062527,0.0969622777101149,16.396526140845697
NLD,Netherlands,NLD.8_1,Noord-Brabant,Brabante del Norte|Brabante do Norte|Brabante settentrionale|Brabant-septentrional|Nord-Brabant|Nort,,Provincie,Province,,NL.NB,778.5794902379997,-2681.4623485957422,1.7747163861850168,0.2220040913764466,27.125200779622272
NLD,Netherlands,NLD.9_1,Noord-Holland,Holanda do Norte|Hollande-septentrionale|North Holland,,Provincie,Province,,NL.NH,771.8758499239999,-1718.5453797749751,1.2759762362747473,0.12506521356428235,19.671709139707563
NLD,Netherlands,NLD.10_1,Overijssel,,,Provincie,Province,,NL.OV,784.8714217700002,-2172.7638217430426,1.5177188387957556,0.15817857152779058,23.01122665536683
NLD,Netherlands,NLD.11_1,Utrecht,,,Provincie,Province,,NL.UT,754.349737073,-1778.7793726530697,1.3015879975017806,0.13677950347123757,20.53277996804325
NLD,Netherlands,NLD.12_1,Zeeland,Zelanda|Zélande|Zelândia,,Provincie,Province,,NL.ZE,793.054685437,-2271.285865386968,1.57289973695485,0.17989897413545053,23.60178587110766
NLD,Netherlands,NLD.13_1,Zeeuwse meren,,,Water body,Water body,,,761.0499121020001,-2317.6655547397245,1.578765134083464,0.1890072272591008,24.68603543189851
NLD,Netherlands,NLD.14_1,Zuid-Holland,Hollande-méridionale|South Holland,,Provincie,Province,,NL.ZH,755.4451076599997,-2070.6614367556335,1.4515247448483124,0.1656686355436543,22.86485713991674
SAU,Saudi Arabia,SAU.1_1,`Asir,Asir|Aseer|Assyear,,Emirate|Mintaqah,Region,,SA.AS,155.78788524680004,588.5954885046032,-0.22448951602378567,0.036088228515900656,-17.147836858116165
SAU,Saudi Arabia,SAU.2_1,Al Bahah,Baha,,Emirate|Mintaqah,Region,,SA.BA,150.91829216729997,235.98263346436383,-0.045652036026064546,0.0013973791156565163,-3.59969107063536
SAU,Saudi Arabia,SAU.3_1,Al Hudud ash Shamaliyah,Northern Frontier,,Emirate|Mintaqah,Region,,SA.HS,89.94586078609998,393.0533907349395,-0.15660918209521438,0.04998252531076619,-20.719677933429207
SAU,Saudi Arabia,SAU.4_1,Al Jawf,JawfAl Joaf|Al-Jouf|Jowf,,Emirate|Mintaqah,Region,,SA.JF,59.0000100663,341.4710413735878,-0.14501600985678678,0.08774946130485872,-29.248986828248924
SAU,Saudi Arabia,SAU.5_1,Al Madinah,Madinah|Al Madinah al Munawwarah|Monwarah|Medina|Médine,,Emirate|Mintaqah,Region,,SA.MD,58.70079603250001,21.72810225113666,0.01829455907805153,0.0010979108451273367,3.708727440566215
SAU,Saudi Arabia,SAU.6_1,Al Quassim,Al Gassim|Gasim|Qaseem|Al Qasseem,,Emirate|Mintaqah,Region,,SA.QS,164.16669690100002,1384.0766107577097,-0.6285343089653895,0.14826210911755555,-45.56075268541615
SAU,Saudi Arabia,SAU.7_1,Ar Riyad,Riyad|Riad|Riyadh,,Emirate|Mintaqah,Region,,SA.RI,94.70076311119999,235.80007773951286,-0.07391725232096565,0.0076764781966991436,-9.288365518096459
SAU,Saudi Arabia,SAU.8_1,Ash Sharqiyah,Eastern Province,,Emirate|Mintaqah,Region,,SA.SH,82.7072480606,22.126683596194297,0.03022868297115795,0.002014609029195147,4.349332565063827
SAU,Saudi Arabia,SAU.9_1,Ha'il,Hail,,Emirate|Mintaqah,Region,,SA.HA,113.6673017883,792.3643085346489,-0.3502577700883777,0.10632601342371162,-36.66901033521957
SAU,Saudi Arabia,SAU.10_1,Jizan,Jazan|Qizan,,Emirate|Mintaqah,Region,,SA.JZ,158.24194364850007,300.1531027615099,-0.07423702922731812,0.003265760930252548,-5.582721163785828
SAU,Saudi Arabia,SAU.11_1,Makkah,La Meca|La Mecca|La Mecque|Makka|Makkah al-Mukarramah|Mecca|Meca|Mecka|Mekka,,Emirate|Mintaqah,Region,,SA.MK,131.2021920008,102.91938737220777,0.012797459070645155,0.00017411299786551648,1.1607257517446719
SAU,Saudi Arabia,SAU.12_1,Najran,,,Emirate|Mintaqah,Region,,SA.NJ,73.3735402728,63.99945200304781,0.00346155518409067,1.910605189925363e-05,0.5614081934376728
SAU,Saudi Arabia,SAU.13_1,Tabuk,Tabouk,,Emirate|Mintaqah,Region,,SA.TB,48.10769866580003,276.3036536608019,-0.11744972572845751,0.07829102159267265,-29.05255863262154
SWE,Sweden,SWE.1_1,Blekinge,Blekinge län,,Laen|län,County,,SE.BL,603.0393122809999,-584.3242680181739,0.6084202768957414,0.06453073811756715,12.006184584671963
SWE,Sweden,SWE.2_1,Dalarna,Dalecarlia|Kopparberg,,Laen|län,County,,SE.KO,639.7147962419999,-1152.8325399191435,0.9175071334731524,0.10886570483478808,17.067504069735755
SWE,Sweden,SWE.3_1,Gävleborg,Gävleborgs län,,Laen|län,County,,SE.GV,606.4565357079997,-260.570782868723,0.4418399417504632,0.027374341554427528,8.669863373955152
SWE,Sweden,SWE.4_1,Gotland,Gotlands län|Gothland|Gottland,,Laen|län,County,,SE.GT,522.7538144879999,-596.1508391975216,0.5735803992793049,0.06939313886927434,13.057019503738914
SWE,Sweden,SWE.5_1,Halland,Hallands län,,Laen|län,County,,SE.HA,881.7626343319996,-2058.3237667805734,1.507282443586384,0.14750355626870926,20.341824863407055
SWE,Sweden,SWE.6_1,Jämtland,Jämtlands län,,Laen|län,County,,SE.JA,622.4539384579999,-1087.468392105028,0.8754137331113803,0.1527347479779303,16.73605512053217
SWE,Sweden,SWE.7_1,Jönköping,Jönköpings län,,Laen|län,County,,SE.JO,662.9850726390001,-2118.6268729667718,1.4261748558246692,0.2478656386622048,25.598586581684096
SWE,Sweden,SWE.8_1,Kalmar,Kalmar län,,Laen|län,County,,SE.KA,562.2097233769999,-95.08230645389551,0.33757757124341264,0.02169204676007641,7.1453283903857745
SWE,Sweden,SWE.9_1,Kronoberg,Kronobergs län,,Laen|län,County,,SE.KR,686.71495139,-1077.7138161970943,0.9036922626627261,0.1140967607551121,15.659973477960657
SWE,Sweden,SWE.10_1,Norrbotten,Norrbottens län,,Laen|län,County,,SE.NB,523.6517924550001,-1699.6016701627832,1.1399902984816979,0.24896333704914841,25.906307869838884
SWE,Sweden,SWE.11_1,Orebro,Örebro|Örebro län,,Laen|län,County,,SE.OR,686.1951050819998,-342.0562003968097,0.5261065742180601,0.03596868756699101,9.123743650789768
SWE,Sweden,SWE.12_1,Östergötland,Östergötlands län,,Laen|län,County,,SE.OG,564.4647070620001,-624.0373917083894,0.6103394564307079,0.06687839465362322,12.867127812700716
SWE,Sweden,SWE.13_1,Skåne,,,Laen|län,County,,SE.SN,688.5743697759999,-846.6305386007693,0.7872174833720268,0.09909258671708399,13.604758561046332
SWE,Sweden,SWE.14_1,Södermanland,Södermanlands län|Sörmland,,Laen|län,County,,SE.SD,575.9811183750002,266.6308329701609,0.15765421270901578,0.004341882990601786,3.2571990146660292
SWE,Sweden,SWE.15_1,Stockholm,Stockholms län|Estocolmo|Stoccolmo,,Laen|län,County,,SE.ST,565.4524201379999,340.35302449182456,0.11539247175687221,0.0025328875719299315,2.428445550859353
SWE,Sweden,SWE.16_1,Uppsala,Uppsala län,,Laen|län,County,,SE.UP,569.3235411240004,190.71486526902066,0.19381438606751217,0.006573905946764769,4.051108074066194
SWE,Sweden,SWE.17_1,Värmland,Värmlands län,,Laen|län,County,,SE.VR,696.1632375010001,-1092.4775577839328,0.915978967956131,0.08171011140758933,15.657462404659508
SWE,Sweden,SWE.18_1,Västerbotten,Västerbottens län,,Laen|län,County,,SE.VB,599.2114679200001,-1390.8511939246403,1.018921835925794,0.1879496385734699,20.23520993282419
SWE,Sweden,SWE.19_1,Västernorrland,Västernorrlands län,,Laen|län,County,,SE.VN,591.2462661569998,-1143.2015348639086,0.8871296548255238,0.10093013507597637,17.85523815827441
SWE,Sweden,SWE.20_1,Västmanland,Västmanlands län,,Laen|län,County,,SE.VM,602.5826823710001,233.92912306922062,0.187653058954565,0.005569545660288888,3.7058340156288434
SWE,Sweden,SWE.21_1,Västra Götaland,,,Laen|län,County,,SE.VG,734.1661878509999,-1501.1633975097707,1.1456329720217917,0.12911237727269764,18.56940920551651
TWN,Taiwan,TWN.1_1,Fujian,Fukien,福建,Shěng,Province,,TW.FK,1064.8161413509997,-2240.4343141810996,1.6920610561123772,0.045012122486974615,18.90986226240905
TWN,Taiwan,TWN.2_1,Kaohsiung,Gaoxiong,高雄,Zhíxiáshì,Special Municipality,,TW.KH,2265.56546804,952.067353874945,0.6732639635949302,0.003971761147086195,3.536353850639736
TWN,Taiwan,TWN.3_1,New Taipei,,新北,Zhíxiáshì,Special Municipality,,TW.NT,2188.3697186549985,2376.0213604426012,-0.09093366659307832,5.2388579898421384e-05,-0.49448254709113404
TWN,Taiwan,TWN.4_1,Taichung,,台中,Zhíxiáshì,Special Municipality,,TW.TG,2738.9398292600004,-4414.7624248622715,3.657043194609031,0.06340517281593328,15.88892663903656
TWN,Taiwan,TWN.5_1,Tainan,,台南,Zhíxiáshì,Special Municipality,,TW.TN,1866.7474207299992,502.6448492090858,0.7026919641361635,0.00407285381144229,4.479467484653247
TWN,Taiwan,TWN.6_1,Taipei,Taibei|Taipé|Taipeh,台北,Zhíxiáshì,Special Municipality,,TW.TP,1829.4947115459986,2285.1233131332565,-0.22530525652399916,0.0002817714809451033,-1.4655044016880063
TWN,Taiwan,TWN.7_1,Taiwan,,台灣,Shěng,Province,,TW.TA,3033.0223087100007,-4817.934381601341,4.014205997194132,0.06577777311293864,15.749653812116934
USA,United States,USA.1_1,Alabama,AL|Ala.,,State,State,,US.AL,1397.198440686,-177.0541185127047,0.8053269956152969,0.020618773888738673,6.859005112485493
USA,United States,USA.2_1,Alaska,AK|Alaska,,State,State,,US.AK,546.7871617840002,705.0139784735225,-0.08084266128258087,0.005149199447677333,-1.7594189046500446
USA,United States,USA.3_1,Arizona,AZ|Ariz.,,State,State,,US.AZ,305.9316055659999,794.6413639764849,-0.25187795209870395,0.015515102703927974,-9.797443531305714
USA,United States,USA.4_1,Arkansas,AR|Ark.,,State,State,,US.AR,1256.0916571340003,-162.9698046380588,0.727207895215782,0.015573132139335089,6.889444654710111
USA,United States,USA.5_1,California,CA|Calif.,,State,State,,US.CA,536.4264201230001,585.9313701611738,-0.027236691832360146,4.691017347391302e-05,-0.6042145215941588
USA,United States,USA.6_1,Colorado,CO|Colo.,,State,State,,US.CO,399.9839247640001,482.2131904132316,-0.04304813629255088,0.0006992844021518341,-1.2807335249375544
USA,United States,USA.7_1,Connecticut,CT|Conn.,,State,State,,US.CT,1202.2763519230004,221.18573595019188,0.5027511365624557,0.010567204485604331,4.976175831391871
USA,United States,USA.8_1,Delaware,DE|Del.,,State,State,,US.DE,1103.483133446,23.79625108027176,0.5538098493939617,0.013552845169792493,5.9723044313396825
USA,United States,USA.9_1,District of Columbia,DC|D.C.,,Federal District,Federal District,,US.DC,1363.95723032,981.9817135692915,0.19441509421734832,0.0016756280251083444,1.6961966033521902
USA,United States,USA.10_1,Florida,FL|Fla.,,State,State,,US.FL,1270.6223966369998,1053.978707445022,0.10937025717347922,0.000455527646453846,1.0243059336976459
USA,United States,USA.11_1,Georgia,GA|Ga.,,State,State,,US.GA,1527.995709833,2654.108670296483,-0.5858681040991317,0.004014523985666818,-4.562729066524436
USA,United States,USA.12_1,Hawaii,HI|Hawaii,,State,State,,US.HI,455.79441614000024,143.43304431439975,0.15795591917675536,0.006779098919086679,4.123954510285256
USA,United States,USA.13_1,Idaho,ID|Idaho,,State,State,,US.ID,954.7639488470003,-626.4467632715003,0.8110016769220911,0.04640352566662975,10.108173823516909
USA,United States,USA.14_1,Illinois,IL|Ill.,,State,State,,US.IL,1027.0025202050003,-752.3313049358355,0.9146531621457058,0.059314489093882816,10.598194663983167
USA,United States,USA.15_1,Indiana,IN|Ind.,,State,State,,US.IN,824.1427680679999,-595.4597018691074,0.7295071366087453,0.03529202085274985,10.533532856200214
USA,United States,USA.16_1,Iowa,IA|Iowa,,State,State,,US.IA,692.7342860509999,-504.78769248352137,0.6128581012533829,0.02743310062265536,10.527862633290157
USA,United States,USA.17_1,Kansas,KS|Kans.,,State,State,,US.KS,1197.8419430039994,-738.929775081099,0.9974355186333855,0.0432400185819477,9.909055815803619
USA,United States,USA.18_1,Kentucky,Commonwealth of Kentucky|KY,,State,State,,US.KY,1445.7960521709995,-267.8468662010116,0.8755015680415897,0.019922002394347715,7.206043095809123
USA,United States,USA.19_1,Louisiana,LA,,State,State,,US.LA,1060.5044387920004,-665.0949445360777,0.8868139570673694,0.0486383220405342,9.95100605248056
USA,United States,USA.20_1,Maine,ME|Maine,,State,State,,US.ME,1088.9129818289998,-113.62527616714124,0.6176254233321463,0.019872146706945815,6.749614211878987
USA,United States,USA.21_1,Maryland,MD,,State,State,,US.MD,1139.9440336510002,-981.2347965459337,1.0878986911771826,0.05713358660730783,11.356692997940597
USA,United States,USA.22_1,Massachusetts,Commonwealth of Massachusetts|MA|Mass.,,State,State,,US.MA,790.0433923229998,-826.9856497639504,0.8290461968779375,0.14853302833140036,12.487478331840792
USA,United States,USA.23_1,Michigan,MI|Mich.,,State,State,,US.MI,665.7758776950004,-619.1288472488393,0.6582653217497508,0.06381396037033649,11.765757203373154
USA,United States,USA.24_1,Minnesota,MN|Minn.,,State,State,,US.MN,1404.4444089300002,-1276.262083814699,1.3740562740136735,0.05052363142513716,11.642518249063489
USA,United States,USA.25_1,Mississippi,MS|Miss.,,State,State,,US.MS,1056.4039564659995,155.9472845475276,0.4614344107427723,0.009666076058433837,5.197888037269691
USA,United States,USA.26_1,Missouri,MO,,State,State,,US.MO,383.6328540649998,199.6720536342684,0.0942509826192851,0.003538060462526804,2.9235939552232924
USA,United States,USA.27_1,Montana,MT|Mont.,,State,State,,US.MT,577.7951229450002,-25.56007006105972,0.3098433864292836,0.012093742715561406,6.381390482694417
USA,United States,USA.28_1,Nebraska,NE|Nebr.,,State,State,,US.NE,216.43964896399996,89.52159576712715,0.06406553964891043,0.0022429016020248937,3.5223672070769227
USA,United States,USA.29_1,Nevada,NV|Nev.,,State,State,,US.NV,1085.2594369530002,-587.1901302854301,0.8586661348746621,0.045805666637831144,9.415377242603974
USA,United States,USA.30_1,New Hampshire,NH|N.H.,,State,State,,US.NH,1144.2004717429998,322.5203334025216,0.4227512330672266,0.008865584307139462,4.39672924259199
USA,United States,USA.31_1,New Jersey,NJ|N.J.,,State,State,,US.NJ,347.29097546500014,382.3984836119071,-0.019290166953425402,8.124384000318674e-05,-0.6609817212739424
USA,United States,USA.32_1,New Mexico,NM|N.M.,,State,State,,US.NM,1004.3572659669999,-763.7443858063953,0.9088010171079619,0.08872060609468757,10.767813874649747
USA,United States,USA.33_1,New York,NY|N.Y.,,State,State,,US.NY,1247.4278777710006,532.0344415205543,0.36701036833499434,0.0070819130936981,3.5011430007404343
USA,United States,USA.34_1,North Carolina,NC|N.C.,,State,State,,US.NC,439.67835314300015,-271.50432697459064,0.36507569574419607,0.02939645852538253,9.880861198420128
USA,United States,USA.35_1,North Dakota,ND|N.D.,,State,State,,US.ND,965.0817602720001,-300.599487785871,0.6526922247664151,0.03897339682579315,8.048061619702839
USA,United States,USA.36_1,Ohio,OH|Ohio,,State,State,,US.OH,862.0129725569999,-612.3027899533978,0.7533530277047433,0.028167704370589353,10.399960690955435
USA,United States,USA.37_1,Oklahoma,OK|Okla.,,State,State,,US.OK,721.6225727240003,336.97101980299146,0.19424228792764547,0.003769985568340517,3.20317478098493
USA,United States,USA.38_1,Oregon,OR|Ore.,,State,State,,US.OR,1062.25505514,-38.37122646141597,0.56748631561957,0.02407575107355886,6.357312326447681
USA,United States,USA.39_1,Pennsylvania,Commonwealth of Pennsylvania|PA,,State,State,,US.PA,1151.551454173,-950.060170824655,1.077435226932061,0.05202704229023525,11.134091450302948
USA,United States,USA.40_1,Rhode Island,State of Rhode Island and Providence Plantations|RI|R.I.,,State,State,,US.RI,1214.9500640360009,750.3489196011958,0.23505186148198268,0.0023671132125345773,2.302248655672083
USA,United States,USA.41_1,South Carolina,SC|S.C.,,State,State,,US.SC,484.2359983550001,-166.3787810606898,0.33396521249323474,0.01791042816596744,8.207126364355842
USA,United States,USA.42_1,South Dakota,SD|S.D.,,State,State,,US.SD,1309.9892061280002,-804.9606418177898,1.0846526952307365,0.04618444702949498,9.853033149331592
USA,United States,USA.43_1,Tennessee,TN|Tenn.,,State,State,,US.TN,689.7527624100002,-192.69938001479886,0.4516265358054411,0.013955435395515914,7.791713305078646
USA,United States,USA.44_1,Texas,TX|Tex.,,State,State,,US.TX,285.1004895689998,257.91765918175474,0.013374141506907865,7.466320921667435e-05,0.5582322365450926
USA,United States,USA.45_1,Utah,UT,,State,State,,US.UT,1025.8064817910008,-1643.9172146081328,1.3698288783599204,0.14733122008468014,15.890876049079436
USA,United States,USA.46_1,Vermont,VT,,State,State,,US.VT,1087.0842765770003,-18.600617735507967,0.5684816881612307,0.01829184023555508,6.223006104384099
USA,United States,USA.47_1,Virginia,VA,,State,State,,US.VA,932.8010519950002,86.84830746511852,0.4313470695577555,0.012841866832235649,5.502813399233605
USA,United States,USA.48_1,Washington,WA|Wash.,,State,State,,US.WA,1121.399377617,-220.01361713771553,0.6926958935863837,0.03045809476155803,7.350709567179097
USA,United States,USA.49_1,West Virginia,WV|W.Va.,,State,State,,US.WV,792.65141087,-591.6413010954709,0.7107919929062811,0.06056120483246763,10.67105236878457
USA,United States,USA.50_1,Wisconsin,WI|Wis.,,State,State,,US.WI,329.45253976400005,376.17767502654897,-0.02482844223614874,0.00029557414026648576,-0.8968164665593976
USA,United States,USA.51_1,Wyoming,WY|Wyo.,,State,State,,US.WY,1069.7394917809997,41.35534629485801,0.5286156751110954,0.011398353701793762,5.880428442768803
ZAF,South Africa,ZAF.1_1,Eastern Cape,Oos-Kaap,,Provinsie,Province,EC,ZA.EC,582.078406409,629.1049565163654,-0.02472166771328875,8.005477367856173e-05,-0.505409310067111
ZAF,South Africa,ZAF.2_1,Free State,Orange Free State|Vrystaat,,Provinsie,Province,FS,ZA.FS,557.623365097,715.2041418665862,-0.08277629513815704,0.0006247186929247972,-1.766493252973212
ZAF,South Africa,ZAF.3_1,Gauteng,Pretoria/Witwatersrand/Vaal,,Provinsie,Province,GT,ZA.GT,686.8379755990001,1252.321443194217,-0.291471824943028,0.0061300481887017755,-5.0499751616050315
ZAF,South Africa,ZAF.4_1,KwaZulu-Natal,Natal and Zululand,,Provinsie,Province,KZN,ZA.NL,871.8058671180002,2406.8586853128763,-0.7913530613459625,0.03466691897147012,-10.801833051603374
ZAF,South Africa,ZAF.5_1,Limpopo,Noordelike Provinsie|Northern Transvaal|Northern Province,,Provinsie,Province,LIM,ZA.NP,564.7122881949999,1555.671752808774,-0.5109194392721836,0.018226155606886785,-10.766440636120052
ZAF,South Africa,ZAF.6_1,Mpumalanga,Eastern Transvaal,,Provinsie,Province,MP,ZA.MP,776.5024663230001,2318.9551890810567,-0.7942305802784503,0.03190470214714847,-12.171685622672706
ZAF,South Africa,ZAF.7_1,North West,North-West|Noordwes,,Provinsie,Province,NW,ZA.NW,512.5546737180002,722.8114236002422,-0.10963632097208371,0.0011813855763043168,-2.5454303442477375
ZAF,South Africa,ZAF.8_1,Northern Cape,Noord-Kaap,,Provinsie,Province,NC,ZA.NC,220.54610745529996,-257.37267709885066,0.24456791381106682,0.014808583620034566,13.196143917169625
ZAF,South Africa,ZAF.9_1,Western Cape,Wes-Kaap,,Provinsie,Province,WC,ZA.WC,353.912297123,500.5324184233019,-0.07537450562241865,0.0019821815050509173,-2.5344036480174927
