CC_1,ENGTYPE_1,GID_0,GID_1,HASC_1,NAME_0,NAME_1,NL_NAME_1,TYPE_1,VARNAME_1,Change_2009_2020-1950_1970,LinReg_1950_2020_Intercept,LinReg_1950_2020_Slope,LinReg_1950_2020_R_Squared,LinReg_1950_2020_P_Value,LinReg_1970_2020_Intercept,LinReg_1970_2020_Slope,LinReg_1970_2020_R_Squared,LinReg_1970_2020_P_Value
,State,USA,USA.1_1,US.AL,United States,Alabama,,State,AL|Ala.,0.7943062584847063,-6.240299637897106,0.012060400282498163,0.16467460850653526,9.929426236071535e-107,-31.634561369335575,0.024765719311917372,0.347206409124206,4.293181774566821e-77
,State,USA,USA.2_1,US.AK,United States,Alaska,,State,AK|Alaska,2.193339324681158,-85.43579063478373,0.04070169149442888,0.4249556043785844,2.7852486813727513e-41,-114.08652016769503,0.05502412567429105,0.4181610974721174,4.947199232185625e-29
,State,USA,USA.3_1,US.AZ,United States,Arizona,,State,AZ|Ariz.,1.231384729573314,-31.24420343247516,0.023793308542065062,0.528461559188095,1.5466094146324768e-103,-56.77470873176759,0.03655918059875922,0.659635120496141,2.5267124162458438e-74
,State,USA,USA.4_1,US.AR,United States,Arkansas,,State,AR|Ark.,0.40655326484032983,3.096206702469612,0.006722403229523945,0.04667968157888913,2.99351366620094e-101,-21.633036552710955,0.019091498298395525,0.18847898421201525,1.9574247685912462e-73
,State,USA,USA.5_1,US.CA,United States,California,,State,CA|Calif.,1.1720743811338394,-28.1424132729704,0.02086524915612118,0.4969902063284316,2.523968423122328e-100,-41.0971044103359,0.027341505239056804,0.46584595960217556,4.817397695487228e-72
,State,USA,USA.6_1,US.CO,United States,Colorado,,State,CO|Colo.,1.4036328941927838,-46.64973133774427,0.027159237488488086,0.4663778138033188,2.5454492140939573e-70,-79.03598149192871,0.04335230617574219,0.5851880000012857,1.841260249178367e-50
,State,USA,USA.7_1,US.CT,United States,Connecticut,,State,CT|Conn.,1.196529169078845,-28.852144829216712,0.019540433997569374,0.3156043583833197,3.133482400796484e-84,-52.59646510785308,0.03141845826981619,0.41025345716020456,2.177821662524903e-60
,State,USA,USA.8_1,US.DE,United States,Delaware,,State,DE|Del.,1.474238962705444,-35.81574724071653,0.024656468607336095,0.4373117486236746,1.05665421411052e-91,-56.5257935944622,0.03501918415446855,0.4867968935985013,1.554156600432995e-66
,State,USA,USA.10_1,US.FL,United States,Florida,,State,FL|Fla.,1.1881223820421205,-16.201356725658517,0.019123317908560263,0.40285455093830547,3.9738217612047987e-116,-33.89940262330464,0.027978612232220635,0.4381887672213113,1.5175121435826828e-82
,State,USA,USA.11_1,US.GA,United States,Georgia,,State,GA|Ga.,0.8640175731693986,-8.335623628247777,0.013291921281202481,0.2089145077698623,1.2859639684980202e-108,-29.234830641357785,0.023750825608282067,0.3391613733937555,2.854591977771537e-78
,State,USA,USA.12_1,US.HI,United States,Hawaii,,State,HI|Hawaii,0.6911753901455775,-11.301560598570482,0.016930353112622108,0.4740474623032248,2.862020801836468e-125,-8.1114291524209,0.015330855181815713,0.2563154810553634,9.139740118279018e-90
,State,USA,USA.13_1,US.ID,United States,Idaho,,State,ID|Idaho,1.085092067926154,-37.344253466767974,0.02145166788761522,0.3126868151550616,7.141059917139321e-61,-60.00691178336503,0.032777100598459716,0.3614517070530676,7.031740100060402e-44
,State,USA,USA.14_1,US.IL,United States,Illinois,,State,IL|Ill.,0.6649822738933207,-13.477995432261991,0.012553185694850944,0.11107029828885406,5.08462653595486e-85,-31.458568493959596,0.021547079603251834,0.1581911903063079,1.4725273952607027e-60
,State,USA,USA.15_1,US.IN,United States,Indiana,,State,IN|Ind.,0.7554088959272764,-16.266911380170793,0.013880815332378572,0.1434325325219422,1.0996149301195218e-85,-34.533109861701746,0.0230197763551784,0.1945157373284805,3.0913891657911553e-61
,State,USA,USA.16_1,US.IA,United States,Iowa,,State,IA|Iowa,0.5882675406045053,-14.910389649782218,0.012160284999765444,0.08722328056685591,1.9536786432626206e-75,-21.97255716500232,0.015693010805512598,0.06928546063569585,1.6836744016581479e-53
,State,USA,USA.17_1,US.KS,United States,Kansas,,State,KS|Kans.,0.6503270305513205,-11.94274189652664,0.012558377799007791,0.12339310289694261,1.0304744245576617e-90,-29.330589803001743,0.02125378188115591,0.19004178667633165,7.334681239796663e-66
,State,USA,USA.18_1,US.KY,United States,Kentucky,,State,Commonwealth of Kentucky|KY,0.914805361825179,-17.37174225170164,0.015599879043142804,0.20391577866533328,6.548935538761434e-94,-40.046987851460045,0.026946059781678112,0.3263878294438278,3.4868596814078083e-68
,State,USA,USA.19_1,US.LA,United States,Louisiana,,State,LA,0.8694853359814019,-9.015359218928705,0.014417494086127804,0.24011742148083592,2.6125190079944468e-111,-32.109523335362056,0.02597115364537605,0.392184342673225,3.921701365984238e-80
,State,USA,USA.20_1,US.ME,United States,Maine,,State,ME|Maine,1.2144643317124242,-33.27638541683571,0.01930067799090455,0.27785571198837933,5.023044188804649e-61,-57.85772816648529,0.03159579221954978,0.3590111885978202,9.560391923694366e-44
,State,USA,USA.21_1,US.MD,United States,Maryland,,State,MD,1.2859908463071434,-29.542238615392108,0.02133032726431148,0.36811863038621284,1.906680023055983e-92,-50.567806316224285,0.031850312706609075,0.437658700074977,9.733195656981666e-67
,State,USA,USA.22_1,US.MA,United States,Massachusetts,,State,Commonwealth of Massachusetts|MA|Mass.,1.3004532953424217,-32.38168492034181,0.02089084428063015,0.33782094083001124,2.2318995482883356e-80,-57.03824219734034,0.03322548659897078,0.4333280851492042,8.607476354623833e-58
,State,USA,USA.23_1,US.MI,United States,Michigan,,State,MI|Mich.,0.9836336739719069,-31.558260878192424,0.01933764287456382,0.21885999144339463,1.549871844132152e-66,-50.08473681701926,0.028602368148162968,0.2202117415007222,5.923211052717318e-47
,State,USA,USA.24_1,US.MN,United States,Minnesota,,State,MN|Minn.,0.9783770307342259,-34.37695155520697,0.01991465009131982,0.1623362153527783,2.181811758004362e-52,-41.47584578706874,0.02346375804938652,0.10843722764426,1.1782538503054972e-37
,State,USA,USA.25_1,US.MS,United States,Mississippi,,State,MS|Miss.,0.7107832871054995,-4.483746502384456,0.011312523347641334,0.14571777603895197,4.882196353495889e-107,-29.499272332481873,0.02382824085192149,0.32918214662105905,1.219735593076126e-77
,State,USA,USA.26_1,US.MO,United States,Missouri,,State,MO,0.6114151361117202,-9.377456096970477,0.011322882756541133,0.09784336600997556,2.320604932951672e-90,-26.922325071280383,0.020098205106480225,0.15632140870697897,5.732814719844763e-65
,State,USA,USA.27_1,US.MT,United States,Montana,,State,MT|Mont.,0.9505827893378545,-36.79929125807041,0.021390274196201688,0.2196826973352557,9.674714358308549e-58,-42.3334153033983,0.024154855903151175,0.15464187506753557,6.9585847246293005e-43
,State,USA,USA.28_1,US.NE,United States,Nebraska,,State,NE|Nebr.,0.7512713902493662,-21.91131383584959,0.015866192491461432,0.1673362676140262,6.577405220411476e-79,-32.485035011671314,0.02115416607202446,0.14983371608758522,1.5487104393223644e-56
,State,USA,USA.29_1,US.NV,United States,Nevada,,State,NV|Nev.,1.0736933906991784,-26.97082359406719,0.01834325340637891,0.35410867243877786,1.1244418832162859e-86,-52.65529861198401,0.031182303523458754,0.47898079299324126,3.077626616631868e-61
,State,USA,USA.30_1,US.NH,United States,New Hampshire,,State,NH|N.H.,1.5238205584523605,-42.81913695030155,0.024279253772565346,0.3857820581539627,3.0914081192964347e-61,-70.43990314427934,0.03809552996534671,0.47264773274632166,2.471873382629694e-44
,State,USA,USA.31_1,US.NJ,United States,New Jersey,,State,NJ|N.J.,1.4608458563105486,-36.92617900483735,0.024491818023368597,0.4301337052672204,9.583922836737384e-88,-56.00299509938698,0.034037844185095235,0.4553110105648569,1.1300074906051089e-63
,State,USA,USA.32_1,US.NM,United States,New Mexico,,State,NM|N.M.,1.402390198037006,-38.064040017891855,0.02530335179925171,0.49878384571655177,8.930349945360935e-91,-75.13067605101207,0.04383820072768123,0.7146947613973539,2.2391579075644618e-64
,State,USA,USA.33_1,US.NY,United States,New York,,State,NY|N.Y.,1.0830890761857317,-28.17757671520787,0.017969583798713964,0.24988621196953853,6.6353688143436516e-74,-51.13423304598946,0.029453915977185406,0.3270680978798435,8.267722978900733e-53
,State,USA,USA.34_1,US.NC,United States,North Carolina,,State,NC|N.C.,1.0054778152176134,-17.670987450631394,0.016599707184192375,0.2797146989625541,1.867901607085972e-101,-35.445090715201616,0.02549850275877191,0.3740618844091801,4.999927384048146e-74
,State,USA,USA.35_1,US.ND,United States,North Dakota,,State,ND|N.D.,0.8856402532385044,-34.79477689164615,0.020063886726267466,0.13805223450152526,5.2899103198127265e-49,-32.38871046446717,0.018860834212058506,0.06489366248106887,2.0972916950929957e-36
,State,USA,USA.36_1,US.OH,United States,Ohio,,State,OH|Ohio,0.9167309977114382,-20.590869703957583,0.015811950264017258,0.19137692319322663,5.026892180307234e-85,-42.78971362587636,0.026917554423571924,0.27304599869416524,9.046882484061793e-61
,State,USA,USA.37_1,US.OK,United States,Oklahoma,,State,OK|Okla.,0.40929724223346575,3.0524975600382884,0.0065339301179131466,0.043923539123303934,2.29392368169668e-100,-20.156211073564016,0.0181405932193534,0.18045772971602247,1.803079888599539e-73
,State,USA,USA.38_1,US.OR,United States,Oregon,,State,OR|Ore.,0.869884157843873,-25.18769304271067,0.01644845590738855,0.27845696235673734,2.1074903507650017e-78,-41.363879324386765,0.02453143762925802,0.305128180005945,5.981618131667206e-56
,State,USA,USA.39_1,US.PA,United States,Pennsylvania,,State,Commonwealth of Pennsylvania|PA,1.2295389906160352,-31.798234003504962,0.020953059856675126,0.33123893745492694,2.3445166192350003e-82,-54.87315648348692,0.03249737238028354,0.4062556741644947,3.2861065812604326e-59
,State,USA,USA.40_1,US.RI,United States,Rhode Island,,State,State of Rhode Island and Providence Plantations|RI|R.I.,1.2076506708093167,-27.89904882657875,0.01915795515010835,0.31253581256810026,2.5227685718013432e-85,-49.46760170004731,0.029949236427186714,0.39418613341673925,1.917480775145089e-61
,State,USA,USA.41_1,US.SC,United States,South Carolina,,State,SC|S.C.,0.9401085906227742,-12.094838228847927,0.014874430231869188,0.23957388459737594,1.9517073470103834e-106,-31.896858654956564,0.024786547922648457,0.3604247878065693,2.7558878769576566e-77
,State,USA,USA.42_1,US.SD,United States,South Dakota,,State,SD|S.D.,0.6820920570824631,-23.358471239699924,0.015620091133226042,0.11332625486035841,4.0529291870056206e-66,-24.04822711418863,0.01596501984392812,0.05784877242523856,3.138343143610493e-47
,State,USA,USA.43_1,US.TN,United States,Tennessee,,State,TN|Tenn.,0.8448764229396009,-13.173304690020045,0.0139517973435691,0.1843602532994577,8.062983406768718e-98,-38.21819800242234,0.026482258169479037,0.34297867082706557,1.0285372073864509e-70
,State,USA,USA.44_1,US.TX,United States,Texas,,State,TX|Tex.,0.7792356050979485,-6.6324854646830715,0.012777838543892679,0.1883544210332927,3.897932955492255e-109,-40.04897236527296,0.02948837306458274,0.4891084753929291,4.9031494585944605e-79
,State,USA,USA.45_1,US.UT,United States,Utah,,State,UT,1.472432135770461,-44.157513172923075,0.026865341807722504,0.42806774706830364,1.1024916260666535e-76,-75.13159634883338,0.042351220240643965,0.512072764352132,1.4804873357043282e-54
,State,USA,USA.46_1,US.VT,United States,Vermont,,State,VT,1.329587931039768,-36.75261490224189,0.021562871247174018,0.3115559231645745,4.006541503123881e-65,-66.2176581307119,0.03630024378148729,0.4219120940595923,1.6648826855725602e-46
,State,USA,USA.47_1,US.VA,United States,Virginia,,State,VA,0.990876981025858,-19.27983945774868,0.016442288396663587,0.2683753384114559,1.3994588957949749e-96,-37.5050791161269,0.025565394094926,0.3632179699747313,2.0223515808492673e-70
,State,USA,USA.48_1,US.WA,United States,Washington,,State,WA|Wash.,0.8213790531023353,-26.176381430789945,0.017241652529941726,0.26485565984295434,1.8549886669929876e-78,-40.219674327967525,0.02425532417784991,0.30363386548630045,7.570092441386406e-58
,State,USA,USA.49_1,US.WV,United States,West Virginia,,State,WV|W.Va.,0.9422303387954845,-19.667906151600278,0.01562658419025519,0.22220289575249264,1.4219518653850511e-89,-39.62202975119733,0.02561375491295937,0.3273809002483442,2.793030514964008e-65
,State,USA,USA.50_1,US.WI,United States,Wisconsin,,State,WI|Wis.,1.0590009004591403,-36.912394891260504,0.021911047790301466,0.22693674861359991,3.970602047916583e-62,-47.543711513264874,0.02722758655448153,0.1686210454457624,2.09114493554411e-44
,State,USA,USA.51_1,US.WY,United States,Wyoming,,State,WY|Wyo.,0.9539390360900928,-33.43990217731608,0.019183976434891923,0.2506639726675276,4.456130432876078e-57,-55.61291001971404,0.030269092114193697,0.2952168764859697,9.76442340361423e-41
,Federal District,USA,USA.9_1,US.DC,United States,District of Columbia,,Federal District,DC|D.C.,1.160133789233468,-23.858815190685505,0.01900641062501696,0.32145669626395146,2.126721098413113e-96,-44.473878016407134,0.02932065141813408,0.4006655363753876,2.2879922372333459e-69
,Kingdom,GBR,GBR.1_1,,United Kingdom,England,,Home Nation|Constituent Country,,0.8531370542509205,-25.798254972250895,0.017867043980682704,0.37271131593931195,2.9697085481066032e-89,-36.998233522188784,0.023468850646619382,0.36411893077478097,4.959124679281044e-65
,Kingdom,GBR,GBR.3_1,,United Kingdom,Scotland,,Home Nation|Constituent Country,Alba,0.47402243828115687,-19.853535643694684,0.013818708710732137,0.2730412591925948,3.974440783615183e-84,-14.175910331448879,0.010985278639497584,0.10639501170116905,4.356500976845446e-62
,Province,GBR,GBR.2_1,,United Kingdom,Northern Ireland,,Home Nation|Constituent Country,Ulster,0.760498250724158,-25.332643175576592,0.01719900352693821,0.4334249288437182,3.1374791773727748e-90,-28.30216660409722,0.018686144256565958,0.3196666905733384,1.3695479556656076e-66
,Principality,GBR,GBR.4_1,,United Kingdom,Wales,,Home Nation|Constituent Country,Cymru,0.9199462079771497,-29.13269681105244,0.01948220551600845,0.4348796743677621,8.482318671132863e-89,-36.98443733600244,0.023410227074436428,0.3775252702179459,2.6773416926281467e-65
,Region,FRA,FRA.1_1,FR.AR,France,Auvergne-Rhône-Alpes,,Région,,4.428845056708646,-164.4849468570947,0.08717593429387084,0.8783060344016251,1.7669070233223996e-49,-167.88058334990006,0.08888528381167894,0.787552634405913,3.435911703287544e-43
,Region,FRA,FRA.2_1,FR.BF,France,Bourgogne-Franche-Comté,,Région,,1.6295968991684084,-51.31468374246148,0.03122200246138752,0.5872320243651307,2.2589981386788492e-82,-78.94758088638478,0.04503512413649401,0.655005495924669,1.083028080558894e-59
,Region,FRA,FRA.3_1,FR.BT,France,Bretagne,,Région,,1.415438979998001,-44.61114481714508,0.028298264883474016,0.5826498846250119,2.9374025901067965e-88,-59.874980115881,0.03593234271200372,0.5583937165856387,7.707086293836007e-65
,Region,FRA,FRA.4_1,FR.CN,France,Centre-Val de Loire,,Région,,1.6762055247115608,-53.34306017451651,0.03243557594460304,0.5963241426343993,1.4807214359137466e-82,-72.96424424073923,0.04224840346397992,0.5956206467349137,7.196442202949258e-61
,Region,FRA,FRA.5_1,FR.CE,France,Corse,,Région,Corsica,1.4144325513704032,-38.01177912056784,0.025942157397024098,0.6008961098206893,3.405169875749075e-97,-67.23069492456179,0.04054821796364847,0.7277635793696005,5.244056939589716e-69
,Region,FRA,FRA.6_1,FR.AO,France,Grand Est,,Région,,1.2994019370656869,-40.73232542232648,0.025722386256669175,0.49372791166219876,1.5030169681363623e-84,-59.756924869903536,0.03523479711806606,0.5213633672756322,9.660951346251784e-62
,Region,FRA,FRA.7_1,FR.NC,France,Hauts-de-France,,Région,,1.2195361050805857,-36.93640064713336,0.023907340449462335,0.44413692128095505,1.219463529829338e-85,-61.726794743507085,0.036302805200938496,0.530604913466269,1.2756842851211533e-61
,Region,FRA,FRA.8_1,FR.IF,France,Île-de-France,,Région,,1.4375149532940021,-44.06471460241484,0.02777618457683018,0.5146027673767912,4.4652694429347904e-85,-67.36409414928245,0.03942689754380979,0.5651587500362196,9.293584784892554e-62
,Region,FRA,FRA.9_1,FR.ND,France,Normandie,,Région,,1.4285527265204312,-44.79428113432158,0.02794791224865931,0.5265563129213788,4.161894665471505e-84,-69.32072703263579,0.040212389701263375,0.5862090290875348,6.096500939279761e-61
,Region,FRA,FRA.10_1,FR.AC,France,Nouvelle-Aquitaine,,Région,,3.1365090080476694,-109.82334243991993,0.06114816604330205,0.8138310050787024,8.508253118730872e-69,-116.95106012284546,0.0647206794887412,0.7076388965897846,8.418232830983667e-55
,Region,FRA,FRA.11_1,FR.LP,France,Occitanie,,Région,,4.125523657475535,-149.33564089331028,0.08072690987940198,0.8561930101193167,6.131859105023813e-59,-155.02101672251462,0.08358073625471721,0.748321645047834,8.48131843199935e-49
,Region,FRA,FRA.12_1,FR.PL,France,Pays de la Loire,,Région,,1.707201152072125,-53.6521019013778,0.03300753093862017,0.624088152876513,2.9998544265765086e-85,-67.95174330383858,0.04016055295514895,0.5768757764082051,2.4223795802862988e-63
,Region,FRA,FRA.13_1,FR.PR,France,Provence-Alpes-Côte d'Azur,,Région,,2.5992502752916167,-88.00112156730148,0.04978505042700786,0.8700253074960589,1.348740642272002e-74,-83.42464804624089,0.04750252756730955,0.7749715484516952,1.509938243595551e-61
09,,DEU,DEU.2_1,DE.BY,Germany,Bayern,,Freistaat,Bavaria,1.7488805905931386,-55.31767461798418,0.03225747210235863,0.5463842957419294,2.2096750583859407e-73,-81.67178504880836,0.0454363348112376,0.6102481521220867,4.049888148325849e-54
08,State,DEU,DEU.1_1,DE.BW,Germany,Baden-Württemberg,,Land,,1.1090664466693596,-41.51153782818423,0.025647734424716476,0.4219957585368551,9.850079634592703e-79,-50.561952873301685,0.030175970322569617,0.33853385201134,6.007622045766098e-58
11,State,DEU,DEU.3_1,DE.BE,Germany,Berlin,,Land,,1.7088730615282817,-50.82663719877418,0.03054156006835011,0.42357077278091826,1.6662785774111052e-74,-76.22008968734931,0.04323923781266939,0.45777056603798394,2.4513991996579856e-54
12,State,DEU,DEU.4_1,DE.BR,Germany,Brandenburg,,Land,,1.7119021725262105,-50.72020707378117,0.03042062185652996,0.42326646012210833,3.528134095286612e-74,-75.526167166141,0.042824440505030516,0.4532497623938695,3.91941383442962e-54
04,State,DEU,DEU.5_1,DE.HB,Germany,Bremen,,Freie Hansestadt,,1.588354419526599,-50.398147764148355,0.030276297064614252,0.4952751369046108,3.4160406162885095e-77,-67.59005944069331,0.03887398587740384,0.46277358599659213,1.038399336072676e-56
02,State,DEU,DEU.6_1,DE.HH,Germany,Hamburg,,Freie und Hansestadt,,1.4101218524708887,-44.10297417785967,0.026887777037283764,0.40669519374522467,4.102834509419661e-76,-63.80774653382985,0.036740869137407414,0.4111457551540796,1.843950414071925e-55
06,State,DEU,DEU.7_1,DE.HE,Germany,Hessen,,Land,Hesse,0.6512318416338179,-17.218265410860532,0.013307142897357571,0.1566820823886671,4.7760044000005883e-82,-41.38127011571178,0.02538777731782553,0.286360048916698,5.740625260818178e-59
13,State,DEU,DEU.8_1,DE.MV,Germany,Mecklenburg-Vorpommern,,Land,Mecklenburg-West Pomerania,1.6199245542138563,-50.5693674919937,0.02996805756486743,0.43350040308869753,1.7217535805455428e-72,-73.70953019714928,0.0415389554811269,0.4546298095808282,4.390211782583785e-53
03,State,DEU,DEU.9_1,DE.NI,Germany,Niedersachsen,,Land,Lower Saxony,1.815241048490014,-58.05262200131915,0.03395325088262965,0.5560397760661515,2.697792844528259e-74,-72.78638632627104,0.041322840227983264,0.5037034053705572,1.2755505597501266e-55
05,State,DEU,DEU.10_1,DE.NW,Germany,Nordrhein-Westfalen,,Land,North Rhine-Westphalia,1.2301488279818535,-36.798400896242974,0.023426142687882116,0.3905765137165411,2.4324291901876986e-81,-56.8274229478517,0.0334409896006871,0.42389017590074474,6.584025118794476e-59
07,State,DEU,DEU.11_1,DE.RP,Germany,Rheinland-Pfalz,,Land,Rhineland-Palatinate,1.0803412081460309,-35.12370274085388,0.02244478411419049,0.37642837804477447,3.7679386230836646e-81,-51.24133208360413,0.030505782094211138,0.3938942961176791,1.7571695520371877e-59
10,State,DEU,DEU.12_1,DE.SL,Germany,Saarland,,Land,,1.43731837269255,-47.01126257979675,0.028531271346449723,0.49161750878815846,9.760577273955558e-79,-65.20120172209958,0.037628338701777966,0.49636149358018733,4.330643266128505e-58
14,State,DEU,DEU.14_1,DE.SN,Germany,Sachsen,,Freistaat,Saxony,1.9233558454559994,-57.863113199702546,0.033303496963164786,0.44617805678203837,3.9594376424202696e-67,-92.6732839643296,0.050709416676536515,0.5351512085555795,8.066982179282535e-49
15,State,DEU,DEU.13_1,DE.ST,Germany,Sachsen-Anhalt,,Land,Saxony-Anhalt,1.7258423475843383,-50.74915408266012,0.030259741046542166,0.43566433831504725,1.142627416588602e-73,-71.57841025357598,0.040675995668614004,0.4423558413302152,3.2016054517261354e-54
01,State,DEU,DEU.15_1,DE.SH,Germany,Schleswig-Holstein,,Land,,1.5422024483106362,-49.939300100135185,0.029712034331396353,0.45886930359397005,3.5152509392316087e-74,-69.2689095556488,0.03937855984259075,0.44451196718449326,2.4148535110818195e-54
16,State,DEU,DEU.16_1,DE.TH,Germany,Thüringen,,Freistaat,Thuringia,1.1828768181235354,-33.253331389966135,0.020954303912815043,0.27079700284032515,8.78012811022588e-74,-69.51584705105374,0.03908379784146892,0.4571224833309596,1.019046996798955e-52
48,Province,CAN,CAN.1_1,CA.AB,Canada,Alberta,,Province,,1.379351519445868,-55.12094990211958,0.028225128303851467,0.29443831054153724,5.600011610032197e-10,-47.94498197605348,0.024639231164893288,0.14476658415338584,4.441538114639308e-12
59,Province,CAN,CAN.2_1,CA.BC,Canada,British Columbia,,Province,Colombie britannique|New Caledonia,1.2005802336585467,-49.12021325249444,0.025217977863272796,0.3940553700208287,1.7085855850207394e-14,-58.4784702354318,0.02989420163788366,0.3483701843068856,4.1111114929146695e-15
46,Province,CAN,CAN.3_1,CA.MB,Canada,Manitoba,,Province,,1.3254581582037575,-51.070504670404944,0.024845348074276716,0.21589407485750067,9.854735871895955e-21,-53.352532621307496,0.025990268251920138,0.11906894626584763,7.978901737135184e-13
13,Province,CAN,CAN.4_1,CA.NB,Canada,New Brunswick,,Province,Nouveau-Brunswick|Acadia,0.791932809641497,-20.407686568883168,0.01251709949182917,0.12564433990696455,6.463022004472711e-58,-47.27940042699357,0.02595584860394416,0.25249346243736914,4.593671758762367e-41
10,Province,CAN,CAN.5_1,CA.NF,Canada,Newfoundland and Labrador,,Province,Newfoundland|Terre-Neuve|Terre-Neuve-et-Labrador,0.7555940321720771,-27.88600405193878,0.013546193069959937,0.08847629759739295,4.388048935553023e-13,-66.44726082279438,0.03282310673116742,0.22651182362058286,1.9321285990465536e-08
12,Province,CAN,CAN.7_1,CA.NS,Canada,Nova Scotia,,Province,Acadia|Nouvelle-Écosse,1.0321880479099494,-24.599271548060997,0.015553627778755557,0.19534428972356976,7.732333386947035e-69,-55.759257125107304,0.031137548729802147,0.3820584505132155,2.5182191654026886e-49
35,Province,CAN,CAN.9_1,CA.ON,Canada,Ontario,,Province,Upper Canada,1.1478013486902012,-41.979229874727615,0.02173958298158102,0.2069019990152573,2.40728771453914e-15,-63.09586861829041,0.03229921070076244,0.21247747533580041,2.0122283980427478e-12
11,Province,CAN,CAN.10_1,CA.PE,Canada,Prince Edward Island,,Province,Île de Saint-Jean|Île du Prince-Édouard,0.8318495003794615,-18.596625366783677,0.012255998547595053,0.12464271789729597,3.2397637400200506e-66,-46.98896675160766,0.02645460741005112,0.2784181726930808,3.2272630680626645e-47
24,Province,CAN,CAN.11_1,CA.QC,Canada,Québec,,Province,Lower Canada,0.8904027026786507,-35.670749736901115,0.016781293981955363,0.12528593655294473,8.520570982364224e-31,-70.63248847666236,0.034260999424625696,0.23227376144417078,1.8156666758955506e-20
47,Province,CAN,CAN.12_1,CA.SK,Canada,Saskatchewan,,Province,,1.235642255293916,-49.401181498833125,0.025019936921909323,0.21624170430291656,0.045027286737394305,-43.55536051792448,0.022098525885170098,0.09461874921587032,0.0007948779100978889
61,Territory,CAN,CAN.6_1,CA.NT,Canada,Northwest Territories,,Territoire,Territoires du Nord-Ouest,2.0066578365212804,-81.9612957092416,0.03710842792832263,0.4483199995056354,5.927384566359974e-61,-92.31666615432437,0.042290563487866105,0.33537867861061765,1.291885181853398e-44
62,Territory,CAN,CAN.8_1,CA.NU,Canada,Nunavut,,Territoire,,2.017433516716279,-85.96944000885739,0.03614420949243884,0.3826078020311705,9.677166250381492e-75,-134.11900181267643,0.06021279638830267,0.4715459262516133,2.497631196005727e-52
60,Territory,CAN,CAN.13_1,CA.YT,Canada,Yukon,,Territoire,Yukon Territory|Territoire du Yukon|Yukon|Yuk¢n,1.9057107010146535,-77.03854367332218,0.03573384815792494,0.4107567536530762,3.894089074466834e-52,-108.18391163578463,0.051303902757279495,0.44152245200496254,4.861426160322333e-37
,County,SWE,SWE.1_1,SE.BL,Sweden,Blekinge,,Laen|län,Blekinge län,1.365585967778185,-41.23116377569287,0.02466820292557943,0.29342810253369456,1.2931792462165957e-67,-73.80875190095975,0.04095511608622589,0.38384989366424493,4.248264858055993e-48
,County,SWE,SWE.2_1,SE.KO,Sweden,Dalarna,,Laen|län,Dalecarlia|Kopparberg,1.0505883457548029,-35.39726608675898,0.01935853898725105,0.1757754147471029,6.271446511533083e-39,-70.6052881172973,0.03696291605836315,0.28699562505932796,1.75431516353161e-27
,County,SWE,SWE.3_1,SE.GV,Sweden,Gävleborg,,Laen|län,Gävleborgs län,1.2067373281010347,-40.259086804654416,0.022307368536793826,0.23157869881159276,4.753294387985429e-47,-69.88312267871488,0.03712110053355046,0.3027416456788349,8.34196278117668e-34
,County,SWE,SWE.4_1,SE.GT,Sweden,Gotland,,Laen|län,Gotlands län|Gothland|Gottland,1.4936448759068544,-46.47874473010963,0.027243694512153686,0.3428407915947498,1.6347057695627446e-66,-74.1858882275862,0.04109734226710963,0.38587877416337324,8.09365365482727e-48
,County,SWE,SWE.5_1,SE.HA,Sweden,Halland,,Laen|län,Hallands län,1.4879604126540205,-45.66822407820384,0.02691408066952908,0.34909169643072224,7.848569686215028e-68,-76.97115566922433,0.04256445906280932,0.41837434825911435,2.2602252341182325e-48
,County,SWE,SWE.6_1,SE.JA,Sweden,Jämtland,,Laen|län,Jämtlands län,0.8197412440713421,-28.5181102830498,0.015072429906363856,0.11168008521516282,5.830843026598302e-20,-63.61083050133634,0.03261843945099225,0.2416963445664687,1.7036305942104944e-14
,County,SWE,SWE.7_1,SE.JO,Sweden,Jönköping,,Laen|län,Jönköpings län,0.885318936246489,-24.301686809162256,0.01526122745262571,0.13544698326609705,3.5526020398751036e-62,-59.0903694618215,0.032652171846507046,0.276013903422468,1.7448008666925046e-43
,County,SWE,SWE.8_1,SE.KA,Sweden,Kalmar,,Laen|län,Kalmar län,1.237530595386894,-36.83380701785463,0.022123112737575744,0.24964779361120826,1.2762981485161514e-65,-66.54474428214479,0.036977309618927395,0.3268393717600864,1.4992944265171868e-46
,County,SWE,SWE.9_1,SE.KR,Sweden,Kronoberg,,Laen|län,Kronobergs län,1.0399630447283466,-29.19138678719445,0.018197896267238164,0.18680254348830427,2.440938004657131e-66,-62.44606669428599,0.03482238594875303,0.3107290675073756,1.1174093243697081e-46
,County,SWE,SWE.10_1,SE.NB,Sweden,Norrbotten,,Laen|län,Norrbottens län,0.09380631041055737,1.2923200995612576,-0.0010621740305918872,0.0005463860063323889,3.0515825761794324e-10,-40.62214091356987,0.01989256298959825,0.09931772253942373,4.283309455240684e-09
,County,SWE,SWE.11_1,SE.OR,Sweden,Orebro,,Laen|län,Örebro|Örebro län,1.5096563279421051,-48.1298069713187,0.027140083498585,0.3136786574307484,1.5474172996719285e-56,-73.55572315325131,0.039855657453463145,0.32947170215041877,8.654647419125218e-41
,County,SWE,SWE.12_1,SE.OG,Sweden,Östergötland,,Laen|län,Östergötlands län,1.2568412941512568,-37.984049224229956,0.02243821915628291,0.246972272412751,1.253225391168518e-62,-67.59426467422354,0.0372429671744612,0.31535750365567417,2.373022617730978e-44
,County,SWE,SWE.13_1,SE.SN,Sweden,Skåne,,Laen|län,,1.4364741941447514,-43.63922529709051,0.026126627255495333,0.3372434359626044,4.977354804528979e-70,-75.86207477723245,0.04223618453457444,0.42410433654482593,6.087607318313914e-50
,County,SWE,SWE.14_1,SE.SD,Sweden,Södermanland,,Laen|län,Södermanlands län|Sörmland,1.5105369896729917,-47.500910787768376,0.027400525707781488,0.32585678930148476,1.908579864977494e-62,-74.55574760483637,0.04092951085134616,0.3545798934041038,7.42732000193567e-45
,County,SWE,SWE.15_1,SE.ST,Sweden,Stockholm,,Laen|län,Stockholms län|Estocolmo|Stoccolmo,1.5787675751063777,-48.33816343173092,0.02779838103662123,0.3216505009864419,1.4153172404641445e-61,-80.24397191988193,0.04375187516370314,0.3840782665017278,4.04656079508607e-44
,County,SWE,SWE.16_1,SE.UP,Sweden,Uppsala,,Laen|län,Uppsala län,1.5027425965536896,-46.23030324371451,0.026451209578974514,0.29965504481886074,2.6126888286737577e-59,-76.70292552370624,0.041688584840482934,0.35924441110236904,1.4682139695853876e-42
,County,SWE,SWE.17_1,SE.VR,Sweden,Värmland,,Laen|län,Värmlands län,1.264531797301375,-41.83748725234669,0.02368375374497764,0.2572221247413876,2.134036574920329e-54,-68.47034949755512,0.037003768035671986,0.2985399684666664,5.364616047475232e-39
,County,SWE,SWE.18_1,SE.VB,Sweden,Västerbotten,,Laen|län,Västerbottens län,0.5716687596588633,-18.787714344663158,0.00993151534615034,0.04921276268754515,2.3336113859565563e-12,-52.167378675813865,0.026621939040433036,0.16789197014344226,5.641049001600832e-09
,County,SWE,SWE.19_1,SE.VN,Sweden,Västernorrland,,Laen|län,Västernorrlands län,0.8414784392178394,-27.348467454036133,0.01517183847197034,0.11024977366701283,1.2923960742632683e-36,-61.33212959622775,0.03216356558185167,0.22886131782376307,5.754730541935046e-26
,County,SWE,SWE.20_1,SE.VM,Sweden,Västmanland,,Laen|län,Västmanlands län,1.4243071210756,-44.563051392691094,0.02542267365958558,0.2857218083609725,6.958433637583951e-58,-73.36272414156838,0.03982389968340079,0.33525624246435126,1.8208642407009746e-41
,County,SWE,SWE.21_1,SE.VG,Sweden,Västra Götaland,,Laen|län,,1.559932223342897,-50.6852945773308,0.02895593978344925,0.36388883888031975,4.402261454500584e-62,-80.83993582930471,0.04403425877473238,0.4088512121242406,1.3844841410348028e-44
,State,BRA,BRA.1_1,BR.AC,Brazil,Acre,,Estado,,2.11061836775184,-54.55849032790256,0.040034487911359724,0.908354274225465,5.14689994226421e-114,-59.414094511801665,0.042456036446069344,0.8706005632627628,7.186046837258275e-87
,State,BRA,BRA.2_1,BR.AL,Brazil,Alagoas,,Estado,,0.6529301440828519,-7.151530607056479,0.01630843588437594,0.46354261982672784,2.399275521973992e-130,5.974728401911694,0.009748277400778792,0.12231506178610119,1.4658587084109824e-92
,State,BRA,BRA.3_1,BR.AP,Brazil,Amapá,,Estado,,1.5124497823686518,-29.74765591686426,0.028060438829429313,0.8207630080900153,5.359912111248712e-128,-42.188544870590505,0.034278987571751775,0.7868614584803739,4.2141849463745095e-92
,State,BRA,BRA.4_1,BR.AM,Brazil,Amazonas,,Estado,Amazone,1.84694743308809,-42.26521193541788,0.03453430376824663,0.870146053203212,2.552820247545482e-121,-62.679079447653436,0.04473413380875307,0.8974484760671368,2.2008851322251446e-87
,State,BRA,BRA.5_1,BR.BA,Brazil,Bahia,,Estado,Ba¡a,1.8992840354903286,-43.236625118324085,0.03392795734659816,0.7408545649175224,1.061791296835866e-113,-19.00489373738507,0.021822427587447124,0.4109007482148239,1.4666627105508056e-90
,State,BRA,BRA.6_1,BR.CE,Brazil,Ceará,,Estado,,0.4842467525418428,4.008093315591712,0.011435362956336261,0.2762483746849471,6.618057388236973e-131,-11.185902098568498,0.01902804562347777,0.33907529915534096,5.551219030962854e-93
,State,BRA,BRA.8_1,BR.ES,Brazil,Espírito Santo,,Estado,Espiritu Santo,2.5064722405428554,-72.40158419871342,0.04831836271392385,0.8350372492279466,4.301523224177502e-102,-56.36405514594655,0.04030690259070677,0.6397596069162177,1.6772687594317895e-81
,State,BRA,BRA.9_1,BR.GO,Brazil,Goiás,,Estado,Goiáz|Goyáz,1.6774207397999135,-31.37847443240368,0.028096180902691763,0.6709822856551777,6.526133799622391e-119,-40.580048311082564,0.03269599221892565,0.5623309756733221,1.7149336752601271e-85
,State,BRA,BRA.10_1,BR.MA,Brazil,Maranhão,,Estado,São Luíz de Maranhão,1.6912741406253957,-37.23836102812602,0.03213084840908731,0.7718850941347876,5.243626595409244e-121,-60.83185731495394,0.043924194828399175,0.7937944260003019,8.380604567277305e-86
,State,BRA,BRA.12_1,BR.MT,Brazil,Mato Grosso,,Estado,Matto Grosso,2.223476685796264,-50.811041829866014,0.038324065177369714,0.781772872341679,3.624920355634588e-112,-82.68598646213228,0.05425379480466954,0.8418799132238792,9.250625603881082e-80
,State,BRA,BRA.11_1,BR.MS,Brazil,Mato Grosso do Sul,,Estado,,1.7444257971085335,-45.28446136113341,0.03501190668146508,0.7478351682707436,7.027869101287816e-113,-56.946599894418455,0.0408398509669919,0.6775336671957644,1.2962810026251105e-82
,State,BRA,BRA.13_1,BR.MG,Brazil,Minas Gerais,,Estado,Minas|Minas Geraes,2.2337271068497984,-60.14322276738192,0.0412873603368833,0.8581334208877859,6.671035139553549e-106,-55.93508523603954,0.03918838976560747,0.744935216119687,1.0484750279160401e-82
,State,BRA,BRA.14_1,BR.PA,Brazil,Pará,,Estado,,2.0576985756195825,-49.790884772636375,0.03836382664437926,0.8532735469961626,2.5294732507005684e-116,-75.58573516393571,0.05125448709606872,0.8869913407852607,2.1707868551227864e-83
,State,BRA,BRA.15_1,BR.PB,Brazil,Paraíba,,Estado,Parahyba,0.46961974230802994,-4.06734384653527,0.014425182547169775,0.37624661489333133,2.936472811972402e-128,-2.102197261083841,0.013443566448223303,0.17534301829837295,1.0971915281838745e-89
,State,BRA,BRA.16_1,BR.PR,Brazil,Paraná,,Estado,,0.9767509227812106,-17.452921235636744,0.018474589302845894,0.49364929341859054,9.936049047767613e-118,-26.17610359942255,0.022835618644266933,0.4308481103504368,2.779697585492795e-84
,State,BRA,BRA.17_1,BR.PE,Brazil,Pernambuco,,Estado,Pernambouc,0.6230867186453182,-5.776725106570904,0.015433146120974657,0.4641507735559699,8.707191138142185e-132,0.3224337335180749,0.01238523923668813,0.19160186279142144,6.230562863872506e-93
,State,BRA,BRA.18_1,BR.PI,Brazil,Piauí,,Estado,Piauhy,1.1399287959162798,-15.798443636169328,0.021474685549694283,0.6243651658079766,2.628942458833216e-131,-23.465778430945168,0.02530843469222677,0.5080763223644129,7.112269695241689e-93
,State,BRA,BRA.19_1,BR.RJ,Brazil,Rio de Janeiro,,Estado,,1.2683113266664705,-21.605900889641223,0.021981700777416964,0.49838140853765367,1.3405219133135056e-116,-5.521789150492346,0.013945587161649056,0.17234763930676134,2.352465018676244e-86
,State,BRA,BRA.20_1,BR.RN,Brazil,Rio Grande do Norte,,Estado,,0.6041881016322463,-8.562121725856915,0.017384803049064004,0.4458389064582541,4.487937221785217e-128,-8.812172566858731,0.01751062813136058,0.24840298744388634,1.0062604679019777e-89
,State,BRA,BRA.21_1,BR.RS,Brazil,Rio Grande do Sul,,Estado,,0.7406180932190729,-7.73788113231085,0.01333124681210212,0.3433294887232874,9.466812440054227e-120,-13.896847210315482,0.016410918662951544,0.28928545276400197,9.242422477013043e-86
,State,BRA,BRA.22_1,BR.RO,Brazil,Rondônia,,Estado,Guaporé,0.9440743690040136,-6.6853065949564865,0.01600982230842234,0.49060305909804713,2.133105006833833e-132,-18.594926633078153,0.02195504604655062,0.5634161713845929,8.817281954539934e-97
,State,BRA,BRA.23_1,BR.RR,Brazil,Roraima,,Estado,Rio Branco,3.6225584475732724,-115.35012987184764,0.07167281321964668,0.8970396442239358,3.7915554973037757e-94,-92.67085105784312,0.060344873993542505,0.7522553590486784,2.7638076157611546e-77
,State,BRA,BRA.24_1,BR.SC,Brazil,Santa Catarina,,Estado,Santa Catharina,-0.06468110913099068,23.231129886954058,-0.0024801779745482937,0.017341428468837017,2.614034870239257e-114,13.306148493129855,0.0024786941670678995,0.008861450822895467,9.631215370568713e-85
,State,BRA,BRA.25_1,BR.SP,Brazil,São Paulo,,Estado,,1.8497894995914201,-49.31578265786129,0.03572768988841086,0.7919128042517729,4.1146942198334534e-109,-42.23609186760945,0.03219385934232588,0.6229877771890011,1.3017426619419091e-84
,State,BRA,BRA.26_1,BR.SE,Brazil,Sergipe,,Estado,,1.0808837694593159,-19.807727940595242,0.022915886578906013,0.6353342964518558,1.6629828717489874e-127,-3.843413663758927,0.014938295795985686,0.2666669156429845,3.104981421403802e-94
,State,BRA,BRA.27_1,BR.TO,Brazil,Tocantins,,Estado,,2.19846146864122,-53.52459988020085,0.03990034079416544,0.8122626434557849,3.0416011680593934e-112,-83.12915123395788,0.05469469969913843,0.8566747949451097,2.726246802189493e-80
,Federal District,BRA,BRA.7_1,BR.DF,Brazil,Distrito Federal,,Distrito Federal,,2.3228750041886954,-59.72108720917453,0.04089799447519344,0.8184289108159792,1.7952751439265482e-104,-73.18357304573709,0.04763120787810672,0.7669882464020987,1.5159642810047672e-77
,State,MEX,MEX.1_1,MX.AG,Mexico,Aguascalientes,,Estado,,0.8698220375105699,-8.342680969109638,0.012220245764098473,0.2951375510848494,5.2063205510400624e-114,-19.021400500518045,0.017564012745876188,0.30001905594612976,8.418585970083106e-81
,State,MEX,MEX.3_1,MX.BN,Mexico,Baja California,,Estado,,2.4096070542151686,-70.52101113447544,0.04454407197001248,0.7683591189171062,3.0019228275224398e-93,-85.00298047236947,0.05179001067118899,0.7027809463561884,1.0451721719062207e-69
,State,MEX,MEX.2_1,MX.BS,Mexico,Baja California Sur,,Estado,,1.8771272175557314,-50.41450056010579,0.03632831021287484,0.7350601446676537,8.927448481473834e-107,-79.25355131178843,0.05075173826360684,0.7984493450492832,1.0266848511736936e-76
,State,MEX,MEX.4_1,MX.CM,Mexico,Campeche,,Estado,,1.0742941570974622,-11.82695529923403,0.01843573868560989,0.5029339057025082,1.4354633383162808e-127,-2.759651709414481,0.01390431685599539,0.19996933980836806,6.31297523908531e-91
,State,MEX,MEX.5_1,MX.CP,Mexico,Chiapas,,Estado,,2.0161702727734685,-57.51625833923548,0.04070227029453114,0.6164971820103946,3.8836553376712434e-101,-71.90759923473546,0.0478986335282339,0.4912118792358059,7.359438458146603e-73
,State,MEX,MEX.6_1,MX.CH,Mexico,Chihuahua,,Estado,,2.078897606111731,-56.24042611534475,0.03703814096893157,0.7260573753716717,2.2181943967242692e-97,-79.83999704365283,0.04884379348138345,0.7521632207220962,3.896397859440689e-71
,State,MEX,MEX.7_1,MX.CA,Mexico,Coahuila,,Estado,,1.8300363136350235,-47.346411070042066,0.03454464589752426,0.6241431017601311,5.330546388117023e-104,-75.24530960774815,0.04849957410792107,0.6897760647651258,4.545876862834478e-75
,State,MEX,MEX.8_1,MX.CL,Mexico,Colima,,Estado,,0.4089919893561138,19.70803538044784,0.0045097384984596105,0.05289005804373437,1.1660808199905737e-128,-5.138612725809342,0.016932111323724252,0.3093997036839672,7.21607031432615e-96
,State,MEX,MEX.10_1,MX.DU,Mexico,Durango,,Estado,,1.8582074378505595,-48.174860144451706,0.03317084312223642,0.6768256395671621,1.25536800592252e-100,-83.47812383340707,0.05082686850653433,0.8293142064849139,5.178109340395412e-72
,State,MEX,MEX.11_1,MX.GJ,Mexico,Guanajuato,,Estado,,0.8447099476047164,-6.363453279838296,0.01168380500695185,0.28452840778044364,1.4208530461905284e-116,-24.077762472803546,0.020542190284707326,0.39969533507629484,2.145869127147332e-82
,State,MEX,MEX.12_1,MX.GR,Mexico,Guerrero,,Estado,,-0.357369108398256,48.50297234689213,-0.011023487628135951,0.21054728341206486,6.309290972933204e-114,34.86052994298157,-0.0042117468577320865,0.018667742246019414,4.270726577594335e-87
,State,MEX,MEX.13_1,MX.HI,Mexico,Hidalgo,,Estado,,0.930782241128405,-6.127174557019469,0.011685095964095442,0.16249849376671766,2.4237327755672e-106,-39.259227122913515,0.028246535278439018,0.3796933738838357,3.0886336166232896e-74
,State,MEX,MEX.14_1,MX.JA,Mexico,Jalisco,,Estado,,1.0737347053962587,-12.569296824190946,0.01704234641183425,0.49701270672678366,1.5365341662236499e-124,-30.774051788902767,0.026147380559852298,0.5748107282236669,5.162946654352553e-88
,State,MEX,MEX.15_1,MX.MX,Mexico,México,,Estado,,0.07021951649801927,24.09882717804882,-0.004418854293265032,0.026914569248208453,2.391429700568635e-100,-3.969243467019478,0.009605786733819585,0.060191561171377694,2.1865216503747358e-73
,State,MEX,MEX.16_1,MX.MC,Mexico,Michoacán,,Estado,,0.1294098992628001,25.752489865946874,-0.001561611184303626,0.007224758548095123,3.1322291142169545e-120,6.621714797668952,0.0080012372497728,0.08700094137600822,4.0704082094952705e-90
,State,MEX,MEX.17_1,MX.MR,Mexico,Morelos,,Estado,,-0.6888302705258305,59.001935617602285,-0.019554525530915034,0.27993231637584337,8.070016380619311e-97,28.78857713940656,-0.004462161504810691,0.009666718041154931,1.996429108841928e-74
,State,MEX,MEX.18_1,MX.NA,Mexico,Nayarit,,Estado,,1.878407374226093,-40.85004729209368,0.0334610879721669,0.793255417763656,1.3901473975055165e-118,-58.277520961137974,0.04218176443257424,0.8281339141656259,9.444293164711005e-87
,State,MEX,MEX.19_1,MX.NL,Mexico,Nuevo León,,Estado,,0.8285639805666385,-5.644446009736743,0.013213314526505924,0.2237302629750687,2.6020115136206958e-114,-33.92340480070341,0.027356207462365983,0.4857592719342295,3.44905724202042e-83
,State,MEX,MEX.20_1,MX.OA,Mexico,Oaxaca,,Estado,,0.19559354836004417,18.44357610909976,0.0019035515691895593,0.011166602179792373,7.169649738834884e-123,12.49048210373185,0.004876400040800723,0.03582946476282345,8.019551948070423e-90
,State,MEX,MEX.21_1,MX.PU,Mexico,Puebla,,Estado,,-0.3219236066480313,42.5615584075765,-0.01243245509312648,0.14817714774922996,4.38488054401339e-98,13.634463664863354,0.002019941986689286,0.0021595237116588395,1.6849731869523437e-73
,State,MEX,MEX.22_1,MX.QE,Mexico,Querétaro,,Estado,,0.9667346813417872,-9.502178264098692,0.01340046069797397,0.27816571217872343,3.931887764130136e-112,-35.95425946547513,0.026625301712568317,0.47001592517129775,9.413582441000633e-79
,State,MEX,MEX.23_1,MX.QR,Mexico,Quintana Roo,,Estado,,0.9717430104181091,-6.880679961428207,0.01684613282376211,0.6091243127548132,1.497766392279948e-139,-12.058556647777625,0.019436620643183963,0.5043616154054302,2.309532363234671e-99
,State,MEX,MEX.24_1,MX.SL,Mexico,San Luis Potosí,,Estado,,0.6188029114189639,5.406340676809776,0.006453931602890488,0.07992285187352599,4.064656255355252e-114,-17.668084196260388,0.017993273042969167,0.2878207034239175,1.013824975626365e-82
,State,MEX,MEX.25_1,MX.SI,Mexico,Sinaloa,,Estado,,0.20647804452828566,27.86134945922306,-0.0010384050064004002,0.0016923562755957189,1.5692578172835582e-116,-15.144608833965194,0.020460649361227854,0.34150013666458123,2.451834351654177e-90
,State,MEX,MEX.26_1,MX.SO,Mexico,Sonora,,Estado,,0.5685708871113455,2.1057778470741937,0.009644548423524357,0.21586936659664502,2.674861800976736e-124,-18.330062950176355,0.019865342960203966,0.47851713915817273,6.379415438190084e-92
,State,MEX,MEX.27_1,MX.TB,Mexico,Tabasco,,Estado,,2.009828423318961,-50.05083264040779,0.03784982561403376,0.5663528033769618,1.4677112796861826e-104,-47.703036960757856,0.03667840929365404,0.3379794640195485,6.040471286020716e-76
,State,MEX,MEX.28_1,MX.TM,Mexico,Tamaulipas,,Estado,,0.7747261683120676,2.0923048145757512,0.010976159199769473,0.17239131869273772,1.0665686410134058e-119,-28.081705078945426,0.026065268215058363,0.46968758993135873,1.312570700943399e-87
,State,MEX,MEX.29_1,MX.TL,Mexico,Tlaxcala,,Estado,,-0.07226641712292903,29.511221016194916,-0.008106371410553991,0.06286215274545726,3.9072002662814366e-91,-3.1301054323202564,0.008203346356762434,0.03170723341859372,1.4580689233801114e-66
,State,MEX,MEX.30_1,MX.VE,Mexico,Veracruz,,Estado,,0.9908874187537542,-3.5504583494857087,0.014892192462855013,0.3499970932827029,2.2891040087160504e-127,-18.652874751706356,0.02244242723255175,0.3632457075856744,1.839519533287055e-89
,State,MEX,MEX.31_1,MX.YU,Mexico,Yucatán,,Estado,,1.2689093444479838,-18.02341614368941,0.02232368982641428,0.6991140238359036,8.765287670975404e-133,-25.769382581061002,0.026198031414852573,0.6023817804716434,1.2306643839012043e-94
,State,MEX,MEX.32_1,MX.ZA,Mexico,Zacatecas,,Estado,,0.45931583725351466,6.49517369153126,0.00449126970965714,0.04576655822116471,7.073912721107393e-111,-13.60887963568488,0.014545994235394544,0.22493620102519596,1.9324193867399456e-80
,Federal District,MEX,MEX.9_1,MX.DF,Mexico,Distrito Federal,,Distrito Federal,,-0.17206054666590376,31.646680104676214,-0.0097423319430079,0.09309218397063013,8.633820874196315e-89,-0.6778076759662035,0.0064080018971425,0.02118656850478806,1.648418411986404e-65
,Region,BEL,BEL.1_1,,Belgium,Bruxelles,,Gewest,Brussel,1.201151529947916,-37.139049019867926,0.023913692932333606,0.449123140115985,3.112276174236812e-85,-57.32081542324338,0.034005295421203355,0.48646521983442714,1.1720773309304725e-61
,Region,BEL,BEL.2_1,,Belgium,Vlaanderen,,Gewest,Flandres,1.330839833899054,-42.40783243783343,0.026653319373845137,0.5043818363939474,2.5922949520021844e-84,-61.19056765988548,0.03604610662248673,0.5139128782234881,1.9572551790296656e-61
,Region,BEL,BEL.3_1,,Belgium,Wallonie,,Région,,0.8537060079277197,-24.483913128958143,0.01707421285657524,0.2921122427487731,1.8077245264674654e-85,-45.519945473037076,0.02759162316019076,0.3888673296172367,2.092480211448769e-61
,County,IRL,IRL.4_1,IE.CK,Ireland,Cork,,Traditional County,Corcaigh,0.7364750834344633,-21.802256646893728,0.0158804369905196,0.3997388642256188,1.1344094484317885e-94,-28.149108627313247,0.019054401141805455,0.33583859688021844,5.972341592875909e-69
,County,IRL,IRL.7_1,IE.GY,Ireland,Galway,,Traditional County,Gaillimh,0.7918220875639577,-25.168330400518073,0.017505616887100527,0.45110264643238773,3.174299733481081e-93,-29.359846397943073,0.019602569358260154,0.34412827775452426,2.538669795480908e-68
,County,IRL,IRL.13_1,IE.LK,Ireland,Limerick,,Traditional County,Luimneach,0.7726035434020009,-23.803355850432403,0.016757956066459193,0.427351321149558,3.104055189380559e-93,-29.40795571130018,0.019561043753765613,0.3457476351247658,4.0789648368662795e-68
,County,IRL,IRL.23_1,IE.WD,Ireland,Waterford,,Traditional County,Port Láirge,0.7898589191348879,-24.35070644186446,0.01703674902546317,0.4294790289494107,8.51826140478339e-93,-29.827156756056816,0.019776104665502055,0.3469865039765957,6.25013638591149e-68
,County,IRL,IRL.1_1,IE.CW,Ireland,Carlow,,Administrative County,Ceatharlach,0.8292456013021816,-26.533111634756978,0.01804842267359804,0.4527659153939724,3.066515880109442e-91,-31.137938857509305,0.020352536304590843,0.3552831677448788,3.6032631655027334e-67
,County,IRL,IRL.2_1,IE.CN,Ireland,Cavan,,Administrative County,An Cabhán,0.8014878358138162,-26.158816914489663,0.0177804144367689,0.45409288480489385,3.1865733205859036e-91,-29.852465626970936,0.019629133985910666,0.3437956920997245,3.329301866587235e-67
,County,IRL,IRL.3_1,IE.CE,Ireland,Clare,,Administrative County,An Clár,0.7897693815685418,-24.622508135723884,0.017241510373183846,0.4429031238243709,1.8454689608087229e-93,-29.66139425097103,0.019761884241502076,0.34972424965161475,2.2314032832356526e-68
,County,IRL,IRL.5_1,IE.DL,Ireland,Donegal,,Administrative County,Dún na nGall|Tyrconnel,0.721519374663659,-23.97494890403914,0.016547504212872263,0.4204558109637929,3.4230156146360245e-91,-27.354877927177135,0.01823933413079041,0.3099556589474014,6.607476727555686e-67
,County,IRL,IRL.6_1,IE.DN,Ireland,Dublin,,Administrative County,Baile Átha Cliath,0.8234531112845058,-26.551557846285448,0.01799832859393796,0.4496592485464329,8.974855494227078e-91,-30.940288933763405,0.020194694730455477,0.35144081818165407,6.357614000316861e-67
,County,IRL,IRL.8_1,IE.KY,Ireland,Kerry,,Administrative County,Ciarraí,0.7294742298774946,-21.56670575385848,0.015846492310264672,0.4011785961916504,2.172629549881759e-95,-27.97796967029124,0.01905266937132735,0.337826076732594,2.0193209313993118e-69
,County,IRL,IRL.9_1,IE.KE,Ireland,Kildare,,Administrative County,Cill Dara,0.833105408494621,-26.618283582084587,0.01819888899514871,0.4598700901537871,5.052968877260795e-92,-30.863004303755055,0.020323091349854196,0.3569437606350109,8.66239752534138e-68
,County,IRL,IRL.10_1,IE.KK,Ireland,Kilkenny,,Administrative County,Cill Chainnigh,0.8021676435009901,-25.137941602386427,0.01745933979731418,0.4401263957755738,1.2682617825324014e-92,-29.983650618622857,0.019883621858081287,0.34751120854258255,5.794554369137301e-68
,County,IRL,IRL.11_1,IE.LS,Ireland,Laoighis,,Administrative County,Laois|Leix|Queens,0.8006144757059683,-25.35393176894987,0.017530576493241953,0.4448808974642956,1.9924664153385254e-92,-29.788762055327606,0.019749532688834653,0.3458553595566264,6.942315275533485e-68
,County,IRL,IRL.12_1,IE.LM,Ireland,Leitrim,,Administrative County,Liatroim,0.76220415197694,-25.032209938203415,0.01715144258057257,0.4387946455521117,2.493528970408784e-91,-28.603869264089937,0.018938911913232416,0.3270358865686336,4.4142650544405505e-67
,County,IRL,IRL.14_1,IE.LD,Ireland,Longford,,Administrative County,An Longfort,0.770729164911101,-24.659012499301568,0.017194464546263277,0.43858025946419,6.636980237277907e-93,-28.494005240167212,0.01911359177694576,0.33140608600036736,3.623510812777065e-68
,County,IRL,IRL.15_1,IE.LH,Ireland,Louth,,Administrative County,Lú,0.8107181257512774,-26.286724479925592,0.017881162448955715,0.450614525761026,3.762982427209891e-91,-29.93212601265583,0.019706064444213068,0.3433413662244842,2.7952789324371955e-67
,County,IRL,IRL.16_1,IE.MO,Ireland,Mayo,,Administrative County,Maigh Eo,0.8053740303254067,-26.4162161976479,0.01799815046021292,0.4653200707595546,6.41852335907581e-92,-29.884334595813968,0.019733515218490538,0.3440649917103683,1.5825455839363004e-67
,County,IRL,IRL.17_1,IE.MH,Ireland,Meath,,Administrative County,An Mhí,0.8311109501562086,-26.785558342729523,0.0182286533088335,0.4617476688976221,1.1654247546733273e-91,-30.595852870298188,0.020135865075583907,0.35380784636148654,1.2353146199411575e-67
,County,IRL,IRL.18_1,IE.MN,Ireland,Monaghan,,Administrative County,Muineachán,0.8163024160753114,-27.02021226083805,0.018085683180518706,0.46053517625498386,5.75262361779998e-90,-30.464872111498035,0.01981018100572501,0.3476544529192006,1.6977152777773175e-66
,County,IRL,IRL.19_1,IE.OY,Ireland,Offaly,,Administrative County,Uíbh Fhailí|Kings,0.786713531860304,-24.913857551098918,0.017342624563478275,0.4418355348535441,6.757529397110745e-93,-29.08046071221119,0.01942746047465316,0.33924186091492003,3.511491336551918e-68
,County,IRL,IRL.20_1,IE.RN,Ireland,Roscommon,,Administrative County,Ros Comáin,0.7658786223607947,-24.511334002331374,0.01711860083854434,0.43821543952995257,5.003956371992122e-93,-28.34848753033851,0.019038601960941988,0.32973105839227046,3.4825155442698235e-68
,County,IRL,IRL.21_1,IE.SO,Ireland,Sligo,,Administrative County,Sligeach,0.7682239276506184,-25.237297819025216,0.017349298795548838,0.44544318542496,6.360883864483365e-92,-28.57995661532361,0.019022131317946254,0.3275107014018649,1.7921737123056507e-67
,County,IRL,IRL.22_1,IE.TY,Ireland,Tipperary,,Administrative County,Tiobraid Árann,0.7838342187291509,-24.48289357391427,0.01702801454817257,0.4329406760960812,1.9721870340081504e-92,-29.628336303314363,0.019601863485458507,0.344664297685198,1.0911095369168764e-67
,County,IRL,IRL.24_1,IE.WH,Ireland,Westmeath,,Administrative County,An Iarmhí,0.7949823140677541,-25.38490651368968,0.017569960871275103,0.44805432920434496,1.17658247333169e-92,-29.32156988269325,0.019539998883835036,0.3416665184379326,4.259233115617207e-68
,County,IRL,IRL.25_1,IE.WX,Ireland,Wexford,,Administrative County,Loch Garman,0.8297618342954607,-25.90297624039235,0.018005421270912984,0.44670660560566644,5.565343345797308e-93,-30.93132648007139,0.020521284200298834,0.3556059857191777,2.7344215193367764e-68
,County,IRL,IRL.26_1,IE.WW,Ireland,Wicklow,,Administrative County,Cill Mhantáin,0.8364771873720258,-26.82101418495651,0.01820928623086147,0.45366694377609196,4.3015551936055465e-91,-31.49961456985926,0.020550476896068568,0.35765888947241564,4.128960676438518e-67
,Province,NLD,NLD.1_1,NL.DR,Netherlands,Drenthe,,Provincie,,1.3203828122551649,-40.18892653319301,0.025164755257054874,0.48418156618667607,4.647827095484599e-83,-55.90410172301549,0.03302321618451817,0.4557307192344887,2.693528470440471e-60
,Province,NLD,NLD.2_1,NL.FL,Netherlands,Flevoland,,Provincie,,1.3730388034888783,-42.89225059057874,0.026693484395499924,0.5083882750224586,4.185383578810802e-83,-59.41932092610137,0.034958335078071695,0.48608521267692084,1.4394590846569146e-60
,Province,NLD,NLD.3_1,NL.FR,Netherlands,Friesland,,Provincie,Frise|Frisia|Frísia,1.3195352428385885,-40.56026616814454,0.02533410247781578,0.4949744991327133,4.030785587050388e-83,-56.04169290421407,0.033076025501095854,0.4647210588027999,1.993196077188335e-60
,Province,NLD,NLD.4_1,NL.GE,Netherlands,Gelderland,,Provincie,Geldern|Gheldria|Guelders|Gueldre,1.507561647166833,-47.87302796501699,0.02932619519652842,0.5451134228161328,4.604840636972611e-82,-64.34140701561348,0.03756204521042113,0.5149597243236472,3.1493570654326933e-60
,Province,NLD,NLD.5_1,NL.GR,Netherlands,Groningen,,Provincie,Groninga|Groningue,1.4085290595649589,-43.558940558126885,0.026693795606032,0.5229542485106332,2.3058864788198857e-81,-58.825775839076314,0.03432871782781566,0.48470496014847664,2.023008746204725e-59
,Province,NLD,NLD.7_1,NL.LI,Netherlands,Limburg,,Provincie,Limbourg|Limburgo,1.4240011620982642,-45.626879669981705,0.02817343781759413,0.5167424124749385,2.817239741118073e-82,-63.84921524465493,0.037286148791187766,0.5142086955402855,2.973889648428281e-60
,Province,NLD,NLD.8_1,NL.NB,Netherlands,Noord-Brabant,,Provincie,Brabante del Norte|Brabante do Norte|Brabante settentrionale|Brabant-septentrional|Nord-Brabant|Nort,1.631038627558052,-53.19594595415782,0.032111671000518704,0.58666932367216,4.655447895019098e-81,-71.07984300108967,0.04105585560737072,0.5637760763692923,8.416061004296606e-60
,Province,NLD,NLD.9_1,NL.NH,Netherlands,Noord-Holland,,Provincie,Holanda do Norte|Hollande-septentrionale|North Holland,1.397410724844251,-45.0001121158598,0.027813715047812874,0.5380305236596368,3.666229676370524e-83,-59.60669366371219,0.03511927123522868,0.498823686559173,4.3944266229145906e-61
,Province,NLD,NLD.10_1,NL.OV,Netherlands,Overijssel,,Provincie,,1.3287484453197589,-40.57202963035839,0.025549866128031014,0.48213089743236304,9.561354771748694e-84,-56.53351619886536,0.033531423446765574,0.4571085362769276,7.457894228487846e-61
,Province,NLD,NLD.11_1,NL.UT,Netherlands,Utrecht,,Provincie,,1.5186528644237054,-48.81407818235708,0.029789109039033562,0.559305945229932,6.045782553062819e-82,-65.6808164760269,0.038224483326591355,0.5326838684068311,3.3047226856706513e-60
,Province,NLD,NLD.12_1,NL.ZE,Netherlands,Zeeland,,Provincie,Zelanda|Zélande|Zelândia,1.506336398508358,-49.20957421980993,0.030214874997892535,0.5682618071802108,3.471614329612563e-83,-67.02837997044078,0.039126478335957456,0.5531249368249916,4.114920561432738e-61
,Province,NLD,NLD.14_1,NL.ZH,Netherlands,Zuid-Holland,,Provincie,Hollande-méridionale|South Holland,1.5928906678100034,-52.187081876417935,0.031590296145712043,0.5873994917410956,1.5254338674518858e-81,-69.57203424992949,0.04028517127176071,0.5620646671603746,3.8615365118392056e-60
,Water body,NLD,NLD.6_1,,Netherlands,IJsselmeer,,Water body,,1.3420183017743383,-42.25111176068373,0.026352229869620228,0.5087244651316707,2.0067139363979446e-83,-57.44953825177261,0.03395309402971387,0.47652185079033205,6.470613144421809e-61
,Water body,NLD,NLD.13_1,,Netherlands,Zeeuwse meren,,Water body,,1.586079000839458,-52.10489142965696,0.03164652181377298,0.58861253856967,3.9523554177411427e-82,-69.8715882357131,0.040532274750655815,0.5675705016426396,1.5594792458061426e-60
,State,NGA,NGA.1_1,NG.AB,Nigeria,Abia,,State,,1.1135764817250475,-11.53865942922273,0.019223368948032987,0.5898246320675733,1.7617945769345337e-133,-37.979173680902534,0.03243791081497524,0.7455380694894386,3.4936777322643244e-93
,State,NGA,NGA.2_1,NG.AD,Nigeria,Adamawa,,State,,1.0326303772857166,1.8464595498628391,0.012359200904660859,0.17341151749644768,3.088367627383437e-119,-41.87086076189924,0.034209877630935796,0.5108948648979161,1.6204867463848329e-84
,State,NGA,NGA.3_1,NG.AK,Nigeria,Akwa Ibom,,State,,1.327838516202263,-19.13397026872846,0.0232179951521366,0.7172795560455252,4.0866647970404944e-133,-41.065893131073196,0.03417983421598146,0.7838059034090469,3.899916939419917e-93
,State,NGA,NGA.4_1,NG.AN,Nigeria,Anambra,,State,,0.9286554591003267,-4.946123259685713,0.01582191347403892,0.44151049700327505,1.0484750003975138e-131,-36.782281817008396,0.03173277773109611,0.7153375754144102,9.953555869785407e-93
,State,NGA,NGA.5_1,NG.BA,Nigeria,Bauchi,,State,,1.5945746163242909,-22.047679177175517,0.023288652682937002,0.44693998813431834,2.749717622671491e-115,-46.50527381582501,0.03551751608935281,0.4775971671946154,1.616378607860812e-80
,State,NGA,NGA.6_1,NG.BY,Nigeria,Bayelsa,,State,,1.2387116514519398,-17.945191355415762,0.022597264297098123,0.6686370967409949,1.140563587459268e-131,-46.09419927969313,0.03666701179786142,0.8156470337435837,8.003262725523516e-92
,State,NGA,NGA.7_1,NG.BE,Nigeria,Benue,,State,,1.1152853203505657,-7.9811327213694305,0.01725609798184027,0.4133050548588013,7.971966654860539e-127,-39.447383758325316,0.03298174179049076,0.6139398188974129,1.5283554058045862e-88
,State,NGA,NGA.8_1,NG.BO,Nigeria,Borno,,State,,1.211817776730399,-8.130783972467825,0.018442069688859655,0.48263598848832845,2.0818162575263153e-131,-30.41645449092544,0.029580039206998303,0.5685264938190184,2.7496224519672555e-92
,State,NGA,NGA.9_1,NG.CR,Nigeria,Cross River,,State,,1.4218262460932145,-22.501739515163703,0.024452590784371637,0.696326601068953,2.2417161302378666e-128,-46.30985117124154,0.03635176962322554,0.7611355053820212,9.942253235465354e-90
,State,NGA,NGA.10_1,NG.DE,Nigeria,Delta,,State,,1.125414103754931,-13.07639588632956,0.020184437130535974,0.5924558311584627,2.845518570432933e-132,-43.42170372746606,0.0353513060672719,0.7891344190811234,2.9424191828279565e-92
,State,NGA,NGA.11_1,NG.EB,Nigeria,Ebonyi,,State,,1.1569349221041314,-12.357481759077633,0.019582121582412803,0.5762056023955817,7.257886796936996e-132,-38.777019609391196,0.03278595566226925,0.7177374358346802,5.688614445407683e-92
,State,NGA,NGA.12_1,NG.ED,Nigeria,Edo,,State,,1.02768348835777,-9.301908871157956,0.018133092640647434,0.5233208856848528,4.8803637079667926e-132,-41.23644322578298,0.03409402027601098,0.767352235046901,2.2186934119175183e-92
,State,NGA,NGA.13_1,NG.EK,Nigeria,Ekiti,,State,,1.0022257875630558,-9.490160346858652,0.017737126282498957,0.5373947539031132,2.7844799121040393e-132,-39.273315007136475,0.03262305535299712,0.764134784880197,1.675677640556038e-92
,State,NGA,NGA.14_1,NG.EN,Nigeria,Enugu,,State,,0.8762412467010634,-2.208808262289839,0.014399350794636185,0.3872037053585764,2.654076143848426e-131,-33.48761972222936,0.030031240012304634,0.67003199985755,7.275473897178542e-93
,State,NGA,NGA.15_1,NG.FC,Nigeria,Federal Capital Territory,,State,Abuja,0.6748380596966683,5.925999306993692,0.010267631276422313,0.21909245605234462,7.246471787833769e-129,-28.964588901969506,0.027705143039914452,0.6118732745391734,3.3761053478790356e-93
,State,NGA,NGA.16_1,NG.GO,Nigeria,Gombe,,State,,0.8895542367163181,10.202168694042015,0.00822278261688172,0.07382791919974663,1.2362235214479415e-116,-23.48694216300874,0.02506303942299802,0.265740260046501,1.2141744978019836e-82
,State,NGA,NGA.17_1,NG.IM,Nigeria,Imo,,State,,1.047927553143591,-9.560691994756809,0.01820497596778437,0.5425538047972052,8.006696280913166e-133,-38.565202883657676,0.03270097130788548,0.745361566633243,7.121120370340959e-93
,State,NGA,NGA.18_1,NG.JI,Nigeria,Jigawa,,State,,1.8324966951981772,-35.286121600621954,0.030909781003510356,0.7506738421629472,5.0846043363169736e-121,-45.404132287928384,0.03597015545185477,0.6553011367912092,2.29323931461375e-87
,State,NGA,NGA.19_1,NG.KD,Nigeria,Kaduna,,State,,1.2160488633056659,-15.031009772395755,0.019956547618370877,0.5666205138258544,9.830794943497555e-128,-39.59606531361993,0.032236217153807964,0.6708059850431376,4.939870902008971e-89
,State,NGA,NGA.20_1,NG.KN,Nigeria,Kano,,State,,1.8626120428937938,-38.65557459195479,0.032148127724146,0.7895100857883726,1.9622823141701848e-119,-52.30601262725669,0.038975173691055146,0.7368591716868096,2.512263651778791e-86
,State,NGA,NGA.21_1,NG.KT,Nigeria,Katsina,,State,,1.4901512654478388,-25.797877211968842,0.026170878230476622,0.7624380779278015,8.763274169896294e-129,-38.494815855891986,0.032518929163214166,0.7186158384607059,5.8448585866091524e-92
,State,NGA,NGA.22_1,NG.KE,Nigeria,Kebbi,,State,,1.361986480942857,-20.899917890202484,0.024878807853407493,0.7682321635174054,3.457137466120937e-135,-35.157284313334415,0.03200579316555641,0.7551846834235673,5.628386791076964e-96
,State,NGA,NGA.23_1,NG.KO,Nigeria,Kogi,,State,,0.7384657659450582,2.8212704941937723,0.011908940437726777,0.2853099219926205,3.635153662252206e-130,-31.77432566680789,0.02919869358090618,0.6601702184947846,2.0329757729239788e-93
,State,NGA,NGA.24_1,NG.KW,Nigeria,Kwara,,State,,1.0476948526277639,-9.852288455931237,0.01845757109651343,0.608102918764603,2.53167932493842e-136,-34.492154981319416,0.030773456200927526,0.7611720331584007,2.160834759622764e-95
,State,NGA,NGA.25_1,NG.LA,Nigeria,Lagos,,State,,1.3515293243205875,-21.099104775697416,0.024666177053192226,0.767818491031657,1.5023956615340552e-134,-40.74225022173067,0.03448564208341129,0.8156298979579188,8.811803979430368e-95
,State,NGA,NGA.26_1,NG.NA,Nigeria,Nassarawa,,State,,0.6322648121658467,10.80054238007148,0.007724378647601846,0.10440616022094662,1.8035633807771273e-123,-24.370989856280378,0.025301522303671706,0.435130115295989,2.4379096192510588e-89
,State,NGA,NGA.27_1,NG.NI,Nigeria,Niger,,State,,1.0254799547382412,-8.306769055239627,0.017958449960055266,0.5862260172442555,6.916560071972437e-137,-33.058515419914855,0.030329817061444397,0.7435502930880176,6.603144565298012e-96
,State,NGA,NGA.28_1,NG.OG,Nigeria,Ogun,,State,,1.3400695286549151,-20.785393000495702,0.02433601102228139,0.7615342728133849,2.8591456534665787e-134,-40.79484090578962,0.034338697790499334,0.8150405906118559,1.6280165900567222e-94
,State,NGA,NGA.29_1,NG.ON,Nigeria,Ondo,,State,,1.1225039285726766,-13.170183985698952,0.020145972817788387,0.6117420720792682,3.754040222967242e-133,-41.67616852102088,0.0343939242691218,0.7883970341586517,7.131191412992215e-93
,State,NGA,NGA.30_1,NG.OS,Nigeria,Osun,,State,,1.162604804549897,-15.15568694996269,0.02093501665995689,0.6614171907791248,1.164847585352746e-133,-40.30393228018441,0.033505286807208386,0.7919177957011433,2.638466486950027e-93
,State,NGA,NGA.31_1,NG.OY,Nigeria,Oyo,,State,,1.2189221499150271,-16.75260823857035,0.0218188835062516,0.7084830816053553,1.0611251244097928e-134,-38.328799473836234,0.032604412818335066,0.79336916295161,2.2727618964671348e-94
,State,NGA,NGA.32_1,NG.PL,Nigeria,Plateau,,State,,0.8011909300770057,9.701546193989888,0.007093979611532403,0.05011973368051803,1.2530410233986902e-111,-30.038987018776204,0.02695715791344905,0.28377824448739675,3.2420261909766736e-79
,State,NGA,NGA.33_1,NG.RI,Nigeria,Rivers,,State,,1.184410350540297,-14.965623243387157,0.021058051694614346,0.6452553795947844,3.2202878762122058e-133,-41.54999474428277,0.034345158166720936,0.7869841657631279,6.570995674559237e-93
,State,NGA,NGA.34_1,NG.SO,Nigeria,Sokoto,,State,,1.4141804944141576,-22.370617330989173,0.025646856369134968,0.7524884466054729,4.523169589169651e-133,-34.38490950406417,0.03165267464208584,0.7089190585632668,5.7191771095248044e-95
,State,NGA,NGA.35_1,NG.TA,Nigeria,Taraba,,State,,1.6451584760398106,-22.626447309802188,0.023867588557951333,0.4117123902348274,2.230885445638259e-113,-70.72630338939065,0.04790930695913109,0.6555013278330895,2.8187777810319244e-78
,State,NGA,NGA.36_1,NG.YO,Nigeria,Yobe,,State,,1.3602184576963303,-15.003621345324351,0.021505682267532054,0.5597169609809681,4.7295579181853165e-129,-29.483682209912768,0.028742649904944993,0.5188225113271286,1.0576923577448905e-90
,State,NGA,NGA.37_1,NG.ZA,Nigeria,Zamfara,,State,,1.4043418719364347,-23.314964518593428,0.02537343540477587,0.7658774352718518,7.877653761023072e-132,-36.59344674274221,0.03201147464519326,0.7376311520288812,6.289916687290697e-94
,Region,SAU,SAU.1_1,SA.AS,Saudi Arabia,`Asir,,Emirate|Mintaqah,Asir|Aseer|Assyear,0.23039770758795441,21.611038997452276,0.0005832726228547272,0.00023958780667898694,2.0202444310351767e-103,-43.32374076224936,0.033034291817802375,0.42103518436126375,1.3212724607764393e-78
,Region,SAU,SAU.2_1,SA.BA,Saudi Arabia,Al Bahah,,Emirate|Mintaqah,Baha,-0.2581548524796453,46.532974208379905,-0.012072967947034398,0.0801721901572473,1.4419726855171593e-97,-25.6663610148159,0.024016848767448792,0.23460836177004563,7.068504046481649e-78
,Region,SAU,SAU.3_1,SA.HS,Saudi Arabia,Al Hudud ash Shamaliyah,,Emirate|Mintaqah,Northern Frontier,2.186722111970475,-51.77761730840726,0.03727112971453024,0.6212088670566228,8.884703167866602e-103,-84.23022967322332,0.05349259128856403,0.685973337705255,1.220009358268826e-73
,Region,SAU,SAU.4_1,SA.JF,Saudi Arabia,Al Jawf,,Emirate|Mintaqah,JawfAl Joaf|Al-Jouf|Jowf,1.862733219042294,-37.38439943317848,0.028749938193469368,0.4016265797042282,1.5192615698782233e-98,-87.47793819910288,0.05379588770691661,0.6703319651795687,4.4668009361013626e-70
,Region,SAU,SAU.5_1,SA.MD,Saudi Arabia,Al Madinah,,Emirate|Mintaqah,Madinah|Al Madinah al Munawwarah|Monwarah|Medina|Médine,1.266535364084831,-14.1411485932203,0.019337259891377804,0.31276902596336964,6.0487333688602365e-114,-53.4843543647076,0.039008144509606435,0.5885600881908306,2.4940179011719894e-81
,Region,SAU,SAU.6_1,SA.QS,Saudi Arabia,Al Quassim,,Emirate|Mintaqah,Al Gassim|Gasim|Qaseem|Al Qasseem,1.9568696469126792,-41.23465232254954,0.03321413790335445,0.5858473920938598,1.5969518925664678e-109,-72.47670902165052,0.04883177495724784,0.658700870783256,5.892873584074464e-78
,Region,SAU,SAU.7_1,SA.RI,Saudi Arabia,Ar Riyad,,Emirate|Mintaqah,Riyad|Riad|Riyadh,3.1429293744880944,-91.177534604925,0.059377106364543235,0.8427520347046688,2.4409928513327976e-99,-110.661963520177,0.0691249843664443,0.8191507842620599,1.1686429911892307e-74
,Region,SAU,SAU.8_1,SA.SH,Saudi Arabia,Ash Sharqiyah,,Emirate|Mintaqah,Eastern Province,1.9466086361396613,-42.88052234370471,0.03542412865801972,0.7652440188575834,4.493409585069608e-118,-63.09274824236312,0.04552613530413243,0.7801061232450596,1.924379951967487e-85
,Region,SAU,SAU.9_1,SA.HA,Saudi Arabia,Ha'il,,Emirate|Mintaqah,Hail,2.0703158263568966,-48.28127355666207,0.03578638291747482,0.6194732520143973,4.442227435181385e-105,-83.57471165717894,0.05343065188318684,0.732234044591308,3.1452697291437847e-75
,Region,SAU,SAU.10_1,SA.JZ,Saudi Arabia,Jizan,,Emirate|Mintaqah,Jazan|Qizan,-0.7120396522413159,58.109038401592215,-0.014955824151931795,0.0827244456059697,2.1521626842096172e-98,1.3268479433316784,0.013396747734630223,0.053581916919141825,3.6653908685619115e-78
,Region,SAU,SAU.11_1,SA.MK,Saudi Arabia,Makkah,,Emirate|Mintaqah,La Meca|La Mecca|La Mecque|Makka|Makkah al-Mukarramah|Mecca|Meca|Mecka|Mekka,1.19167135939081,-8.352423881530981,0.016497321047291888,0.1915759715965294,1.0061090276221835e-109,-63.944620610871524,0.044294666532607045,0.649425461414571,1.067440787647215e-79
,Region,SAU,SAU.12_1,SA.NJ,Saudi Arabia,Najran,,Emirate|Mintaqah,,1.6148473115659812,-35.382351073315746,0.031598108125014186,0.5292654404150062,1.1050986073571869e-112,-77.24228746548711,0.05251588769534701,0.7122294324752863,7.501298832761521e-80
,Region,SAU,SAU.13_1,SA.TB,Saudi Arabia,Tabuk,,Emirate|Mintaqah,Tabouk,1.3065468678648138,-17.095150233247494,0.019263591749223295,0.2986846749428371,1.445474195443699e-108,-57.34920017228977,0.039390608231253336,0.5997455344961056,6.723223657817008e-78
EC,Province,ZAF,ZAF.1_1,ZA.EC,South Africa,Eastern Cape,,Provinsie,Oos-Kaap,0.4396030533348796,-0.7860028237597145,0.008425594605034704,0.23134187962214792,4.633853682196101e-121,-4.862096566805263,0.01046176686568282,0.18729666745522322,1.869254869551568e-86
FS,Province,ZAF,ZAF.2_1,ZA.FS,South Africa,Free State,,Provinsie,Orange Free State|Vrystaat,0.7756530783636393,-9.989139196138913,0.012511663607914053,0.254104338303868,5.7007374428659015e-108,-30.605376690580286,0.02281571932870444,0.3651130249794201,1.517213086803221e-75
GT,Province,ZAF,ZAF.3_1,ZA.GT,South Africa,Gauteng,,Provinsie,Pretoria/Witwatersrand/Vaal,1.3887359511978854,-30.270099555497595,0.023192684625883173,0.5253436562380365,7.902831536444027e-104,-45.1814113789402,0.030643937972412643,0.4726104050079407,1.3122525363428725e-73
KZN,Province,ZAF,ZAF.4_1,ZA.NL,South Africa,KwaZulu-Natal,,Provinsie,Natal and Zululand,0.8122506976927468,-5.437070720586817,0.012154022414951516,0.26218227926518545,5.01487161100607e-117,-18.169914730246248,0.018520271618045266,0.273689345021337,4.7885088699460394e-82
LIM,Province,ZAF,ZAF.5_1,ZA.NP,South Africa,Limpopo,,Provinsie,Noordelike Provinsie|Northern Transvaal|Northern Province,1.7617268650577884,-45.05909578879054,0.03290809669066251,0.726909513096055,1.1626119394816994e-107,-42.448696661646025,0.031600980214949274,0.5225572769300543,1.3350997396897492e-80
MP,Province,ZAF,ZAF.6_1,ZA.MP,South Africa,Mpumalanga,,Provinsie,Eastern Transvaal,1.6529835326491416,-40.875773763959174,0.02881529571434012,0.673557532508894,9.312804974808134e-103,-52.86035872116058,0.034806182239308675,0.5834115490529654,2.1295449327232964e-74
NW,Province,ZAF,ZAF.7_1,ZA.NW,South Africa,North West,,Provinsie,North-West|Noordwes,1.1557592160524628,-20.090392075322235,0.019460035567845372,0.41384236274928377,1.5792130556163302e-110,-41.21437838858301,0.030016364614136634,0.454032406251767,2.251282784782039e-77
NC,Province,ZAF,ZAF.8_1,ZA.NC,South Africa,Northern Cape,,Provinsie,Noord-Kaap,1.2985014565215067,-24.666546570075496,0.02109250385939704,0.5288553551928052,1.645250116437123e-110,-48.946903219832095,0.033232806773759824,0.634197647661128,6.16361657688854e-78
WC,Province,ZAF,ZAF.9_1,ZA.WC,South Africa,Western Cape,,Provinsie,Wes-Kaap,1.1743243439867754,-22.635665123650135,0.019415010660500446,0.6153863055790826,2.3883292328675683e-114,-29.040379023346713,0.022617365137611874,0.520440449089629,9.653370522181611e-83
19,Autonomous City,ESP,ESP.7_1,ES.ML,Spain,Ceuta y Melilla,,Ciudades Autónomas,,0.9302927652994804,-16.733021367339788,0.017125184579154625,0.3991468960179947,1.052949763796965e-111,-46.140736216549385,0.03182626577524038,0.654099954885073,1.6025769540956592e-79
01,Autonomous Community,ESP,ESP.1_1,ES.AN,Spain,Andalucía,,Comunidad Autónoma,Andalousie|Andaluc¡a|Andalusien|Andaluzia,0.7739365920893722,-11.26855490032586,0.01367078078635182,0.30547374178285047,6.940922618741478e-111,-40.305568839961126,0.028185622589637756,0.604017370076884,3.383776184039865e-79
15,Autonomous Community,ESP,ESP.2_1,ES.AR,Spain,Aragón,,Comunidad Autónoma,Aragão|Aragó|Aragón|Aragona|Aragonien,1.8038048802237636,-54.895527903196395,0.03380033158504646,0.6439684193813154,5.634645642104726e-86,-92.66457987685446,0.05267879654725105,0.7751600087030794,2.879144941681467e-61
06,Autonomous Community,ESP,ESP.3_1,ES.CB,Spain,Cantabria,,Comunidad Autónoma,Cantàbria|Cantábria|Cantabrie|Kantabrien,1.0360291924762048,-28.023944871118307,0.02020314630864747,0.4623983274978084,1.0233684606305914e-96,-49.431720492773216,0.03090248441777932,0.5468507878110433,5.760649658706766e-69
08,Autonomous Community,ESP,ESP.4_1,ES.CM,Spain,Castilla-La Mancha,,Comunidad Autónoma,Castela-La Mancha|Castela-Mancha|Castella-la Manxa|Castilha-La Mancha,1.0569809969059225,-22.429807103721494,0.018198765487879416,0.3633022644367049,9.023694687443439e-100,-55.55949343696719,0.03475730469810559,0.5926261028185329,3.9735982948606115e-70
07,Autonomous Community,ESP,ESP.5_1,ES.CL,Spain,Castilla y León,,Comunidad Autónoma,Castile and Leon|Castela e Leão|Castella i Lleó|Castile-Leon|Castilha-Leão|Castilla y León|Castille et Léon|Kastilien-León,1.2564019809645632,-34.88864524870695,0.022942475461810063,0.4633814384232584,3.2699869413331605e-88,-64.83061176996937,0.03791012115148765,0.5976257958148175,2.3947305187282843e-62
09,Autonomous Community,ESP,ESP.6_1,ES.CT,Spain,Cataluña,,Comunidad Autónoma,Catalogna|Catalogne|Catalonia|Catalunha|Catalunya|Katalonien,2.2313205999169696,-71.37973430698896,0.04322057817513726,0.7583298328750679,1.8451085301091215e-86,-99.36580643289605,0.05721103757911961,0.770244275555888,2.501190277262113e-63
,Autonomous Community,ESP,ESP.8_1,ES.MD,Spain,Comunidad de Madrid,,Comunidad Autónoma,Madrid|Communauté de Madrid| Community of Madrid|Comunidad de Madrid |Comunidade de Madrid|Comunitat de Madrid,2.2541254257647036,-69.63823638375239,0.04171871455162824,0.7089554333839418,2.7343307616145047e-83,-93.99970773168083,0.05389901083563299,0.6892046624543053,3.336521540274438e-61
15,Autonomous Community,ESP,ESP.9_1,ES.NA,Spain,Comunidad Foral de Navarra,,Comunidad Autónoma,Communauté forale de Navarre|Comunidade Foral de Navarra|Comunitat Foral|Navarra,2.4967238549832977,-83.25583022482678,0.04773185673960366,0.7844920730654761,4.3370849269059156e-76,-101.87555729173349,0.05704301197844095,0.7319915241524517,1.0992616525733745e-57
10,Autonomous Community,ESP,ESP.10_1,ES.VC,Spain,Comunidad Valenciana,,Comunidad Autónoma,Valencia|Communauté de Valence|Comunidade Valenciana|Comunidad Valenciana|Comunitat Valenciana,1.13464966780756,-25.9954043282277,0.020883881569740533,0.49073654490025953,2.2843206953955367e-105,-54.265162454880794,0.03501280943370322,0.6568632973436972,1.95044628387409e-74
11,Autonomous Community,ESP,ESP.11_1,ES.EX,Spain,Extremadura,,Comunidad Autónoma,Estremadura|Estrémadure,1.4201278580226617,-35.83586364258555,0.025819134365937035,0.5333755076317335,1.4233045435579329e-99,-67.0214747318407,0.04141230176356732,0.6804409932514952,8.541224549680122e-71
12,Autonomous Community,ESP,ESP.12_1,ES.GA,Spain,Galicia,,Comunidad Autónoma,Galice|Gal¡cia|Galicien|Galiza|Galizia,0.8512255470681911,-19.50794381673517,0.016259730114776026,0.36397019126369046,3.043982360315936e-101,-43.05088813358037,0.02802859349710596,0.5071371805482319,1.552300395545397e-71
04,Autonomous Community,ESP,ESP.13_1,ES.PM,Spain,Islas Baleares,,Comunidad Autónoma,Balearic Islands|Balearen|Balearene|Baleares|Islas Baleares|Baleari|Îles Baléares|Ilhas Baleares|Illes Balears,1.2385658169414704,-27.576622339359005,0.02304674280950235,0.5005355083412188,4.833288482431793e-108,-56.59013616242318,0.03754458244754905,0.627769530341074,4.648310225403646e-76
05,Autonomous Community,ESP,ESP.14_1,ES.CN,Spain,Islas Canarias,,Comunidad Autónoma,Canarias|Canary Islands|Canárias|Ilhas Canárias|Canarie|Îles Canaries|Illes Canàries|Kanariøyene|Kanarische Inseln,4.329289635063677,-132.43211434225574,0.07662689379975669,0.7754873191785068,5.136816474145548e-78,-189.0000111754288,0.10490676788792454,0.787812232300909,8.468618325411842e-57
17,Autonomous Community,ESP,ESP.15_1,ES.LO,Spain,La Rioja,,Comunidad Autónoma,Rioja,1.3708658256761037,-39.85041780739994,0.024629375552427543,0.4990731127664738,8.892539018857631e-82,-71.4183168036252,0.04040769300727634,0.6387872270186294,6.049719228007596e-58
16,Autonomous Community,ESP,ESP.16_1,ES.PV,Spain,País Vasco,,Comunidad Autónoma,Basque Country|Baskenland|Basque Autonomous Community|Basque Provinces|CAV|Comunidad Autonoma Vasca,2.051673473826863,-66.76360307851995,0.039470250960677425,0.7294872883444496,2.3102737518808337e-81,-84.34794085962828,0.048262457868319154,0.6764228845752065,1.2981438131011013e-60
03,Autonomous Community,ESP,ESP.17_1,ES.AS,Spain,Principado de Asturias,,Comunidad Autónoma,Astúrias|Asturie|Asturien|Asturies|Astúries|Asturias,0.5419515496456828,-9.270160338304798,0.010146950151003897,0.17637030325490521,5.801416733762016e-98,-39.807719081927665,0.025409476640448417,0.5033457641780285,9.030801286600885e-70
14,Autonomous Community,ESP,ESP.18_1,ES.MU,Spain,Región de Murcia,,Comunidad Autónoma,Murcia|Região de Múrcia|Regió de Múrcia|Région de Murcie|Region of Murcia,0.9648446747473418,-19.6571281560428,0.017937786053984786,0.4368877059715315,2.684689096084335e-109,-48.59451222663369,0.03240023495158372,0.6630922825694534,2.884715146988706e-77
,State,IND,IND.2_1,IN.AP,India,Andhra Pradesh,,State,,1.5884454385518758,-32.45022939591463,0.03014494877906683,0.8168493839512887,5.1075380076596725e-127,-38.62696131775613,0.03323438849635315,0.7118144657551635,1.613668564484107e-92
,State,IND,IND.3_1,IN.AR,India,Arunachal Pradesh,,State,Agence de la Frontière du Nord-Est(French-obsolete)|North East Frontier Agency,2.0391284818542914,-61.17858531644482,0.03853772005732888,0.6918926473106356,1.0422738052337788e-90,-97.33520161629895,0.056617792732387866,0.779483513638991,4.429024055353967e-65
,State,IND,IND.4_1,IN.AS,India,Assam,,State,,2.048151992512569,-56.97755584258846,0.04042827301354683,0.551481147068247,5.437046010500788e-99,-113.7312446646338,0.06879487334382177,0.6920768139258652,1.1738015986513957e-68
,State,IND,IND.5_1,IN.BR,India,Bihar,,State,,-0.07924000802874431,32.955521298521866,-0.0033037412639423756,0.04553323450147451,7.534582975872949e-125,21.62305198870013,0.0023596091044866406,0.013063002963064396,4.929673878673992e-96
,State,IND,IND.7_1,IN.CT,India,Chhattisgarh,,State,,0.7765650788426086,0.2820267110645567,0.012215167888040094,0.37529801160759024,2.183763033098877e-133,-9.890870141272249,0.01730079270934314,0.37690281330077335,5.777184941577507e-95
,State,IND,IND.10_1,IN.GA,India,Goa,,State,Gôa,0.45462427279340645,11.028374827546333,0.00826162504291188,0.29972573435726835,7.931877294764162e-141,11.497579602114874,0.008019426034238619,0.21125239438246357,2.497958747866914e-104
,State,IND,IND.11_1,IN.GJ,India,Gujarat,,State,Goudjerate|Gujerat|Gujerate,0.7652869545793948,-0.22695374086406872,0.013708133996010133,0.47877171659744466,3.1044881306447408e-139,-7.121177143824713,0.017154497818132386,0.4335817377197999,5.853092409664509e-100
,State,IND,IND.12_1,IN.HR,India,Haryana,,State,,1.407820914890273,-27.774272613264074,0.027032484149584233,0.5865306121922536,4.7796979539555313e-119,-48.606416818612814,0.0374513703484182,0.6338139509760126,1.9126636360063655e-85
,State,IND,IND.14_1,IN.JK,India,Jammu and Kashmir,,State,,1.6557887549837225,-65.77735442767177,0.031195053958201747,0.5192844841668991,3.3324408412882763e-46,-108.17186158917762,0.05239401046767443,0.710091772070639,8.316501096685391e-32
,State,IND,IND.15_1,IN.JH,India,Jharkhand,,State,Vananchal,-0.06321995700920624,33.678735399596945,-0.004489772281224551,0.076943592502425,3.616674438054257e-122,22.819177932444536,0.0009362053174161996,0.0018878576316442297,1.4746985371431746e-93
,State,IND,IND.16_1,IN.KA,India,Karnataka,,State,Maisur|Mysore,1.7146950076314695,-39.23618750526073,0.032319300943526634,0.8688295752965233,7.784700037435537e-122,-37.869854914940674,0.03163233490333873,0.7522508093815279,2.030341217053869e-92
,State,IND,IND.17_1,IN.KL,India,Kerala,,State,,3.777659457488543,-113.17729170030341,0.07010338774247371,0.9309701719650985,1.791713458199266e-94,-130.94722481286834,0.07898255709071933,0.8936462071384198,5.530706019266732e-72
,State,IND,IND.19_1,IN.MP,India,Madhya Pradesh,,State,,0.42512088679375637,10.19906805303,0.007680614140979741,0.20001883107407215,1.138867217151776e-133,-0.9367880217881961,0.013246909215140405,0.2911844612759463,7.838287547791211e-98
,State,IND,IND.20_1,IN.MH,India,Maharashtra,,State,,0.8265205284862809,-5.363561170581814,0.015740247767690847,0.620408989353981,8.267831517033312e-142,-13.125412511408364,0.01962025199155862,0.5742479469287303,3.977639546377554e-101
,State,IND,IND.21_1,IN.MN,India,Manipur,,State,,1.3259520723762144,-35.85948225846886,0.02780569697360773,0.3080944109637124,5.131772993559877e-94,-102.3092065253097,0.06101123511886622,0.5914951306972526,8.099848204441807e-65
,State,IND,IND.22_1,IN.ML,India,Meghalaya,,State,,0.9859395042564252,-14.849745368329486,0.018342685537544295,0.2573241442306614,6.651465094179045e-108,-65.32683201373479,0.043568248892537305,0.5713718730133972,4.425471996471933e-75
,State,IND,IND.23_1,IN.MZ,India,Mizoram,,State,,0.6873648117116069,-4.873490294855106,0.01300764416113211,0.21984956468250882,5.01189375874708e-115,-45.98073457847592,0.03355083545190503,0.5711585839991327,6.925359880068642e-81
,State,IND,IND.24_1,IN.NL,India,Nagaland,,State,,3.1410460060709227,-110.24685885790211,0.06616045675239864,0.6755062368884068,1.1186113893330545e-82,-161.65851056674109,0.09185500826575659,0.6606622909099945,4.00106602801728e-59
,State,IND,IND.26_1,IN.OR,India,Odisha,,State,,1.22592916789689,-17.696631022105507,0.021403465452143288,0.6929696786531341,9.309192549565425e-132,-27.806355611865115,0.026459165252411068,0.6601440209641196,1.4547950771605083e-94
,State,IND,IND.28_1,IN.PB,India,Punjab,,State,,1.5031648702692948,-33.46786920854045,0.02956616414047048,0.6224244200448096,3.4349447654839405e-116,-48.377630794856074,0.03702653667190121,0.6119307853023392,1.614424200344151e-84
,State,IND,IND.29_1,IN.RJ,India,Rajasthan,,State,Greater Rajasthan|Rajputana,0.4374531125089014,10.286640261271584,0.007987924932969369,0.14737089463679498,3.111228697154897e-128,-3.6168827002182944,0.014938791383870673,0.2702313586489081,1.258606314134895e-94
,State,IND,IND.30_1,IN.SK,India,Sikkim,,State,,-0.09894021185986768,18.659860108525905,-0.011700694702306183,0.07700868661002991,2.6384313886709004e-53,-47.4937569950711,0.021373313564481147,0.1844069673342429,1.663043451946437e-42
,State,IND,IND.31_1,IN.TN,India,Tamil Nadu,,State,Madras|Tamilnad,4.070031895218481,-124.17841508821124,0.07563664089534734,0.9410408056177637,6.360687676409272e-92,-144.39796670021798,0.08574508104203608,0.9102029147467728,3.2450061601357884e-70
,State,IND,IND.32_1,IN.TG,India,Telangana,,State,,1.8191270497258145,-41.308705031599885,0.03447087111513532,0.8118925068649482,1.6272904677644528e-120,-50.152436472052095,0.038896397913430775,0.7414834958757033,1.3210762102628058e-88
,State,IND,IND.33_1,IN.TR,India,Tripura,,State,,0.8150704588448932,-4.728473071643425,0.014847506434184502,0.2814768221811461,4.507893486786231e-121,-44.185352433402045,0.03456647065942245,0.6012272285013976,2.772078968997565e-85
,State,IND,IND.34_1,IN.UP,India,Uttar Pradesh,,State,United Provinces,0.6063395823869477,5.095059350174623,0.010933832073680153,0.26719528607279397,1.4848389067908e-131,-13.029422486845096,0.019993219348036866,0.4126642266263929,4.4702665638131094e-95
,State,IND,IND.35_1,IN.UT,India,Uttarakhand,,State,Uttarakhand,3.6585677175554103,-120.49663091176795,0.06635670617542569,0.7962071932273466,7.829007564989488e-65,-177.4855682212047,0.09484909509766737,0.8725827005452806,8.333527296631384e-48
,State,IND,IND.36_1,IN.WB,India,West Bengal,,State,Bangla|Bengala Occidentale|Bengala Ocidental|Bengale occidental,0.3125313695473615,17.561370167461064,0.0038926740518599036,0.06394283579441784,1.9425369582124918e-131,-3.014239531069091,0.014177586557701377,0.3937678680363801,4.5478174564685364e-101
,Union Territory,IND,IND.1_1,IN.AN,India,Andaman and Nicobar,,Union Territor,Andaman & Nicobar Islands|Andaman et Nicobar|Iihas de Andama e Nicobar|Inseln Andamanen und Nikobare,0.8342051515981304,1.1709300473588833,0.013147491940311116,0.3432163916175828,3.094946075813051e-132,-31.76051249080184,0.029607484172016262,0.6969199729741873,4.913360540988427e-95
,Union Territory,IND,IND.6_1,IN.CH,India,Chandigarh,,Union Territor,,3.2248593284970255,-101.87432748140864,0.06288101124651557,0.8088256517583042,6.629077410991271e-91,-136.20012428433284,0.0800509464039522,0.8288113849358066,1.9191204364850486e-67
,Union Territory,IND,IND.8_1,IN.DN,India,Dadra and Nagar Haveli,,Union Territor,DAdra et Nagar Haveli|Dadra e Nagar Haveli,0.15545675922142976,19.144983850946797,0.0035858465700733446,0.07522651787679624,2.6890420609985342e-135,14.601884878989223,0.005855259170976062,0.09847807382361418,3.883660953380247e-100
,Union Territory,IND,IND.9_1,IN.DD,India,Daman and Diu,,Union Territor,,0.46768465909091717,9.83765307186248,0.008991913684700533,0.32604852451148336,5.265695756954997e-141,2.1307005890240625,0.01284330279382839,0.34556211121768343,4.842220175782493e-103
,Union Territory,IND,IND.13_1,IN.HP,India,Himachal Pradesh,,Union Territor,,3.5825780754256447,-132.22358155247716,0.0687638841411402,0.8039181227664242,7.900055672437121e-35,-181.82779546912988,0.09357005166817293,0.8620854015072039,8.030469742253543e-29
,Union Territory,IND,IND.18_1,IN.LD,India,Lakshadweep,,Union Territor,Íles Laquedives|Laccadive|Minicoy and Amindivi Islands|Laccadives|Lackadiverna|Lakkadiven|Lakkadi,,,,,,,,,
,Union Territory,IND,IND.25_1,IN.DL,India,NCT of Delhi,,Union Territor,,1.109373836902865,-11.892113437382694,0.01947900806431772,0.42553723660038845,5.0635205830220234e-124,-38.21923351086873,0.03264210285388064,0.5743504676637573,3.388415606867914e-88
,Union Territory,IND,IND.27_1,IN.PY,India,Puducherry,,Union Territor,Pondicherry|Puduchcheri|Pondichéry,2.8401252125936836,-74.35938061058138,0.05202366380970832,0.9155594348767276,1.3668132282063672e-109,-93.08837324317938,0.06138521778457662,0.8856976669978252,4.683594469014469e-81
11,Province,IDN,IDN.1_1,ID.AC,Indonesia,Aceh,,Propinisi,,0.47996787375676675,8.251632615153902,0.007809379075471133,0.2474385755794034,1.709296298037172e-135,-9.709821778793437,0.016785067192273313,0.4784516817183563,4.213229656751619e-99
51,Province,IDN,IDN.2_1,ID.BA,Indonesia,Bali,,Propinisi,,1.4530529385521262,-29.967967542095927,0.027577252777751905,0.8049140694225029,5.4089445329562126e-126,-46.039183220086244,0.035614043042717446,0.807153302615365,3.823123390094188e-90
19,Province,IDN,IDN.3_1,ID.BB,Indonesia,Bangka Belitung,,Propinisi,,0.9293988500251515,-7.794205493778303,0.01751824893797809,0.686880617075984,2.0305545608038123e-143,-27.133328811187827,0.027186752333490594,0.817909368962799,2.3827680850301058e-101
36,Province,IDN,IDN.4_1,ID.BT,Indonesia,Banten,,Propinisi,,0.2013666034252921,9.5565648537141,0.008717555912368287,0.1286411269002521,2.1066035654533295e-124,9.60691988162382,0.008699961886984407,0.060155321168337106,8.583350246375266e-88
17,Province,IDN,IDN.5_1,ID.BE,Indonesia,Bengkulu,,Propinisi,,0.4369535878022752,3.675403160557945,0.010557584394475723,0.3796877734129964,5.993793444310779e-138,-10.116918699008018,0.01745200820079127,0.4483999000508937,7.408922478509163e-98
75,Province,IDN,IDN.6_1,ID.GO,Indonesia,Gorontalo,,Propinisi,,1.684316224375312,-30.72420524015819,0.027364672343876066,0.5632061753598432,4.661389856897064e-114,-58.15427165411043,0.04107258114051668,0.5798991053352724,3.357949458438234e-79
31,Province,IDN,IDN.7_1,ID.JK,Indonesia,Jakarta Raya,,Propinisi,,0.38885679699125575,5.571037487948523,0.011108996098989783,0.2346785543590817,2.2841096071982886e-129,0.8530225014435331,0.013474872295673061,0.17470908809373076,4.2274546619748846e-92
15,Province,IDN,IDN.8_1,ID.JA,Indonesia,Jambi,,Propinisi,,0.7898992685653106,-6.180869114712721,0.016105988392698806,0.6143919834508302,1.8808164379599924e-140,-23.46750616439464,0.02474753645604041,0.6952084953269903,1.0237482104796647e-98
32,Province,IDN,IDN.9_1,ID.JR,Indonesia,Jawa Barat,,Propinisi,,0.9192964833137296,-12.034383366914462,0.01895945181882891,0.5726994042730407,1.4342628980992468e-131,-24.001934156432103,0.024949026315611515,0.5910394905157856,7.66358320127688e-95
33,Province,IDN,IDN.10_1,ID.JT,Indonesia,Jawa Tengah,,Propinisi,,1.9911500235301105,-38.237106650676324,0.03274063666634129,0.6901983354025165,2.693123741036509e-117,-70.30230617171317,0.04877244023272741,0.758648369519831,2.4296130683490088e-82
35,Province,IDN,IDN.11_1,ID.JI,Indonesia,Jawa Timur,,Propinisi,,1.9804832302926592,-39.91862605464213,0.03351691615734893,0.7603191515061658,6.621970720883152e-119,-66.31184629236536,0.04671240451625926,0.780475454663631,6.981784957254702e-84
61,Province,IDN,IDN.12_1,ID.KB,Indonesia,Kalimantan Barat,,Propinisi,,1.7585949835886971,-38.25776612277039,0.03225565903457467,0.8807464008464986,6.85430916145545e-124,-57.09966301131912,0.04167751261580452,0.9206553758868847,2.027898601261468e-89
63,Province,IDN,IDN.13_1,ID.KS,Indonesia,Kalimantan Selatan,,Propinisi,,1.557872392645816,-30.052295331226244,0.028470845927421103,0.8194005682171651,3.6804141148189986e-128,-47.587475917904754,0.037239764868042556,0.8563432305251857,5.109371904605831e-92
62,Province,IDN,IDN.14_1,ID.KT,Indonesia,Kalimantan Tengah,,Propinisi,,1.8181011267439864,-40.26528257414832,0.033511625170562,0.8882539121536996,2.6433813763177065e-123,-55.94432816127792,0.0413523741585854,0.9000834775721784,9.343938188634496e-90
64,Province,IDN,IDN.15_1,ID.KM,Indonesia,Kalimantan Timur,,Propinisi,,1.2491740417570973,-22.901120292394012,0.024088767814626977,0.8035152156408487,2.5561476311497306e-132,-36.17316190810112,0.030725739738228588,0.8101961351754925,8.772772989593668e-95
21,Province,IDN,IDN.16_1,ID.KR,Indonesia,Kepulauan Riau,,Propinisi,,1.393541238649675,-22.508450692062574,0.024985678645634547,0.8078354231962847,9.568617862496687e-135,-40.6307881241772,0.03404585757692727,0.8418667383484644,4.638422308100707e-95
18,Province,IDN,IDN.17_1,ID.LA,Indonesia,Lampung,,Propinisi,,0.41942435995933636,5.069508947619745,0.010830634085951116,0.33481668104841333,2.306474675745123e-136,-2.8071679208423497,0.014772081291177358,0.3035818129203719,4.753131532303378e-97
81,Province,IDN,IDN.19_1,ID.MA,Indonesia,Maluku,,Propinisi,,1.1545337959421111,-13.329651527855027,0.01958702414881002,0.686247919405271,1.9362500522759115e-136,-6.655688598977498,0.01624872646354575,0.4127103725135066,3.8301038802228116e-99
82,Province,IDN,IDN.18_1,ID.MU,Indonesia,Maluku Utara,,Propinisi,,1.7060796976174828,-33.86629410574099,0.029987004616980745,0.8480257077975137,1.1814048463094208e-125,-35.68509454099812,0.03089948456095631,0.7312707186616454,2.458709644452781e-93
52,Province,IDN,IDN.20_1,ID.NB,Indonesia,Nusa Tenggara Barat,,Propinisi,,1.060727829140749,-23.51698364968039,0.024206313387377987,0.6473980100559175,4.7783548009425145e-124,-22.188707933171255,0.02354685736975073,0.4316078027981789,1.0316909320921824e-89
53,Province,IDN,IDN.21_1,ID.NT,Indonesia,Nusa Tenggara Timur,,Propinisi,,0.5513857288723187,-6.215045216626457,0.015955973576550073,0.3089455775546819,1.1952317273338508e-121,24.29914921459284,0.0007020800093378405,0.0004887774254360711,3.3268866858309573e-87
94,Province,IDN,IDN.23_1,ID.PA,Indonesia,Papua,,Propinisi,,2.460411940030802,-55.2874552338737,0.04010149696825261,0.6511044907568189,1.7809792800443762e-104,-48.500054804345524,0.03671537847494079,0.41879064238942365,3.451428103859495e-78
91,Province,IDN,IDN.22_1,ID.IB,Indonesia,Papua Barat,,Propinisi,,1.0858043343635089,-10.327404757636035,0.017661622272505083,0.7431176471716023,6.460207671499939e-143,-16.9147515983334,0.02095513300674996,0.6616028849567999,2.7585049057304536e-101
14,Province,IDN,IDN.24_1,ID.RI,Indonesia,Riau,,Propinisi,,1.0394598603998517,-13.04997169515228,0.020175980064870952,0.7170511750145776,2.61534810860491e-139,-32.90477283546737,0.030101130706887247,0.8076819691625478,9.138558763833018e-98
76,Province,IDN,IDN.25_1,ID.SR,Indonesia,Sulawesi Barat,,Propinisi,,1.4075584892582214,-24.37172219415285,0.02423643721621154,0.7885491333245414,4.111320936539034e-129,-39.261623052788195,0.03168187574988044,0.8108762822591358,2.0632425267698348e-92
73,Province,IDN,IDN.26_1,ID.SE,Indonesia,Sulawesi Selatan,,Propinisi,,1.1020312554558842,-12.827517601303537,0.018722252219727578,0.7350440072362052,4.4081390079201575e-139,-23.365982622666095,0.023992180159466345,0.727079987176375,4.862092105103032e-99
72,Province,IDN,IDN.27_1,ID.ST,Indonesia,Sulawesi Tengah,,Propinisi,,1.200704827330334,-17.577590607388018,0.02095876886827776,0.7507049183630121,2.603917019732346e-134,-32.83305215799838,0.028582317688395597,0.7655176837978244,1.5232300585703316e-94
74,Province,IDN,IDN.28_1,ID.SG,Indonesia,Sulawesi Tenggara,,Propinisi,,1.0701898263182947,-11.476698510159977,0.018405585623922666,0.7032095440248534,3.0726619939367355e-139,-19.763915584044554,0.02254627513754353,0.6262985860967056,2.81339753289697e-98
71,Province,IDN,IDN.29_1,ID.SW,Indonesia,Sulawesi Utara,,Propinisi,,2.453614645835014,-53.68059602880493,0.039593518501388314,0.5500888595741553,4.476631478254478e-102,-88.91494031710928,0.057205554477051605,0.5301824106842481,3.698624817602002e-71
13,Province,IDN,IDN.30_1,ID.SB,Indonesia,Sumatera Barat,,Propinisi,,0.5016156991106868,2.1239093365877544,0.01118153929759135,0.42932243311207363,3.9593273947803835e-139,-14.260385595352808,0.01937143648563853,0.5803949324600101,6.24124877647869e-100
16,Province,IDN,IDN.31_1,ID.SL,Indonesia,Sumatera Selatan,,Propinisi,,0.7892903154750748,-5.9394688247384835,0.016256544576103288,0.6363925342560053,3.1311037340681087e-142,-22.1944061573092,0.024383374231448422,0.7100101489120918,2.662027120793045e-100
12,Province,IDN,IDN.32_1,ID.SU,Indonesia,Sumatera Utara,,Propinisi,,0.80598200080113,-7.2492765701865025,0.01596415975549036,0.5761670521211208,1.6508152698547957e-136,-25.94411038994246,0.025308107589569254,0.7009996866641384,1.218829714524355e-96
34,Province,IDN,IDN.33_1,ID.YO,Indonesia,Yogyakarta,,Propinisi,,1.8903132723052458,-32.58851172587356,0.029865017350163784,0.5821269470763447,3.1037275206976707e-116,-70.96270546411141,0.049050485463192656,0.7072611198401864,6.452972433394636e-81
,Province,TWN,TWN.1_1,TW.FK,Taiwan,Fujian,福建,Shěng,Fukien,1.6726499285016807,-29.70462480865279,0.02601858090000507,0.4487138414943108,5.0696290347592524e-108,-75.81535159625491,0.049071491224193985,0.6715065774917093,4.921230067611386e-75
,Province,TWN,TWN.7_1,TW.TA,Taiwan,Taiwan,台灣,Shěng,,1.9913407494399884,-42.50397153634131,0.031641573620236826,0.5207582327333,1.3316091131833855e-101,-92.07294935330111,0.05642344904299717,0.7126893555247001,1.481803424821593e-70
,Special Municipality,TWN,TWN.2_1,TW.KH,Taiwan,Kaohsiung,高雄,Zhíxiáshì,Gaoxiong,2.2124668619505385,-48.58550218251844,0.03513099745691567,0.5402464940337544,3.9266500295714363e-100,-99.56981854004863,0.06062092449314294,0.7029868903326594,1.2541959416283125e-69
,Special Municipality,TWN,TWN.3_1,TW.NT,Taiwan,New Taipei,新北,Zhíxiáshì,,1.7021445329532376,-33.07461905812967,0.02780977923718283,0.5286072653100196,1.3221981522713138e-109,-78.39752515970626,0.050468683316575044,0.7519355940984469,2.890334281136714e-76
,Special Municipality,TWN,TWN.4_1,TW.TG,Taiwan,Taichung,台中,Zhíxiáshì,,1.9443231114263746,-42.15498888723067,0.03089734270832243,0.5145229998901737,3.5249871130833804e-100,-91.88040602298776,0.05575724040168422,0.7173641438189124,1.5523428711720315e-69
,Special Municipality,TWN,TWN.5_1,TW.TN,Taiwan,Tainan,台南,Zhíxiáshì,,2.241611492461548,-47.00492617640415,0.03580947171261044,0.5580232198567354,9.379761324427502e-105,-97.33532955749945,0.060972623911163946,0.7146986578241887,6.558222037489647e-73
,Special Municipality,TWN,TWN.6_1,TW.TP,Taiwan,Taipei,台北,Zhíxiáshì,Taibei|Taipé|Taipeh,1.6400442837046931,-31.04919580457947,0.027181009685695083,0.5409826722798632,3.086136548973544e-112,-74.70640210984104,0.04900727127163966,0.7661747355505201,3.320943505005174e-78
