GID_0,NAME_0,GID_1,NAME_1,VARNAME_1,NL_NAME_1,TYPE_1,ENGTYPE_1,CC_1,HASC_1,1950,1951,1952,1953,1954,1955,1956,1957,1958,1959,1960,1961,1962,1963,1964,1965,1966,1967,1968,1969,1970,1971,1972,1973,1974,1975,1976,1977,1978,1979,1980,1981,1982,1983,1984,1985,1986,1987,1988,1989,1990,1991,1992,1993,1994,1995,1996,1997,1998,1999,2000,2001,2002,2003,2004,2005,2006,2007,2008,2009,2010,2011,2012,2013,2014,2015,2016,2017,2018,2019
USA,United States,USA.1_1,Alabama,AL|Ala.,,State,State,,US.AL,17.913686615381508,18.210724913768303,18.012611692379703,18.254890598394955,18.43556101872373,17.986698747292568,18.090288416544613,18.261313619369137,16.792179410885556,17.735128510304005,17.022932355831852,17.178237191224735,17.772019518338737,17.0202402065962,17.355672454834007,17.68341314853768,17.08328507252231,17.25275710668322,16.718208665114204,16.93899028484641,17.29621790372411,17.589679629986133,17.82253227233889,17.77408923613722,17.79246756724825,17.661186130230274,16.511361645429584,17.580352939703545,17.18903831090685,16.913801643175976,17.55257988954204,17.29487229371684,18.049410609709938,16.69948735359389,17.537980260604495,17.587071110652065,18.209390845665595,17.692083270733203,17.19823681758002,17.24051256424343,18.64801295353819,18.177141150450126,17.248593120085914,17.377323160416058,17.743685609866432,17.718624907273533,17.125208840003406,17.362867805285358,18.87961799425959,18.391057146512566,17.942468359531528,17.75983938559509,18.090736936911586,17.628019342667045,18.0318303817358,18.01543618226665,18.365948955829356,18.42330488547303,17.600371981889793,17.665432915320796,17.434955362173245,18.12157377585389,18.818814116257915,17.574711295885944,17.28355775490788,18.77293538802712,19.14070511842387,19.01413370768231,18.708701803745384,19.09681731982111
USA,United States,USA.2_1,Alaska,AK|Alaska,,State,State,,US.AK,-5.0518843892415175,-5.565354486536066,-5.484273359510614,-5.0820479171187545,-5.7900844070999495,-6.651779232448971,-7.459630355269799,-3.8049015288176147,-4.496526724356175,-5.970573313395161,-4.6901459655761455,-6.477244410762059,-4.661772543447959,-4.7747324682164916,-6.6055800374348665,-5.813981549298295,-6.406526065402541,-4.530483731870274,-5.4594590024594725,-4.556582137496361,-5.516883165147536,-7.181337657787161,-6.48051178656682,-5.8376996301721436,-6.302551743118833,-6.622781479446954,-5.09407618769891,-4.408423073097488,-3.4505422103316525,-4.33415458396627,-4.695965948034193,-3.1422778501157254,-5.430644154866504,-4.629930287679005,-5.474362175835481,-4.859188569245497,-4.415679168701156,-3.970996986671698,-4.264217107702161,-4.4302569772225615,-5.170819971155214,-4.422233070656081,-5.390748677571591,-2.8843407728406922,-4.878965941252512,-4.119216038456642,-5.324966012460185,-3.7135687967935973,-3.4984841749403066,-6.069449769196659,-3.7709504021538414,-4.1483193449797255,-2.766424509684228,-3.1193105807834036,-3.132204807987897,-3.254584099663608,-4.5809604831271535,-3.720297516999397,-5.282402600323695,-4.435771120424599,-3.91842121152523,-4.179238951506409,-5.7146696042661125,-3.741897122983559,-2.3590170231571648,-2.5570462262188727,-1.5560918398256358,-3.0091126460322406,-2.324782172309009,-1.5101148399070279
USA,United States,USA.3_1,Arizona,AZ|Ariz.,,State,State,,US.AZ,16.09782458730155,15.09488524490404,15.005737682781415,15.329317274065511,16.14266220137787,14.75982285221068,15.34801619988277,15.508429171131795,16.011792248751235,15.909579809858405,15.471637012402946,15.330803993247622,15.609048529430845,15.577057645454545,14.408576353180052,14.784882217452259,15.471968857306658,15.234970943484711,15.02465671325505,15.607109087828698,15.158429031597146,14.700154707917088,15.418606463857126,14.897274676747761,15.379307137548409,14.449646284165311,15.02111352341015,15.721334964898512,15.62718274501926,15.00599863508108,15.735191903353458,16.38546500416986,15.027119769881281,15.349830307862069,15.552329967577569,15.509744757818282,16.027957135315862,15.395479203395809,16.01387174263115,16.443672535764108,15.682375067876881,15.415031923727321,15.617561808448295,15.755162012330922,16.105295092377364,16.29262119169435,16.79222000707219,16.20284626378425,15.62323344182829,16.129763595896154,16.647418915065003,16.441681308802625,16.412655040999805,16.948347509153493,16.18105761322654,16.490799665873052,16.519110841104094,16.756692212310185,16.268609304062412,16.498761130363906,16.181316630045597,16.07898590177915,17.052441460263434,16.20181388742454,16.927182645994666,16.595438072182105,16.912617929284224,17.16264723156056,17.111541158400474,15.899128822169146
USA,United States,USA.4_1,Arkansas,AR|Ark.,,State,State,,US.AR,16.275120683149893,16.47554811419865,16.935984709768608,17.338564462372776,17.84856114243018,16.745742289225277,17.144136278557074,16.604727450284113,15.547803289240084,16.23463615648676,15.624363523541097,15.770061007413014,16.471939872972914,16.453651428222685,16.613894052216523,16.833651455965924,15.812817567767544,16.15550009987574,15.487321102257956,15.923681640625025,16.073470098322115,16.50343960848723,16.272030500932193,16.49183687152286,16.287637144146572,16.06271168101919,15.48492445512253,16.586651565089387,15.724879501805185,15.177306389086192,16.517560877944515,16.28127214836354,16.148245377974106,15.502908695105376,16.148621252811335,15.925245620265173,16.933181392785297,16.71503055456915,16.0677272912228,15.509106537790027,17.093847563772517,16.753025078051042,16.070867226340578,15.726499384099816,16.381227158055182,16.400063809481562,15.877015269886376,15.867848575476463,17.801882610899053,17.352696644176163,16.670120701645384,16.761970057632002,16.377424205433257,16.263431248520376,16.677806137547368,17.166215330181714,17.299791740648704,17.089442073937644,16.01054895574399,16.066454430782453,16.748033558238664,17.151776076808147,18.050378556685033,15.928484737511866,15.295090369022285,16.922578846324594,17.82710631399446,17.67404433741716,16.729167129054236,16.722764217492326
USA,United States,USA.5_1,California,CA|Calif.,,State,State,,US.CA,13.131031837759116,12.682372310549747,12.558013711973706,12.732949104604813,12.86792135904004,12.256022611514567,12.648614250597134,12.869224566082641,13.80230117324713,13.77119185869086,13.167359525103938,13.017195105737514,12.720096945947475,12.73782502699271,12.434098830703642,12.524442912257015,13.201831347443365,12.96157435040143,13.032343534720988,12.953158773377913,13.190484308642032,12.372519429524763,12.884665322118982,12.834780215477773,13.009544552943524,12.255111431151414,12.97720919764321,13.244874129184476,13.239675140380882,13.22176197259003,13.27266002921173,14.009820734068434,12.42010508692544,13.249244308471702,13.508687074055066,12.811185455322283,13.727247802970973,13.45179750309436,13.68782936805905,13.265479926175871,13.307010875376642,13.30772772796396,14.067193204303143,13.240203402023928,13.121618199902949,13.80445582663368,14.041293524217252,13.983245793423938,12.778506289341669,13.046244971696742,13.612533749720862,13.68607559795529,13.463081362820438,13.99353854157206,13.796999438973382,13.630124339022387,13.594097421335642,13.584324950580466,13.59313292392467,13.592373725240558,13.21297329451689,12.936490808531312,13.967160944975651,13.924689850326677,15.212141631370386,14.690846335241067,14.50670029691949,14.53151646991111,14.313154341823397,13.762424338880455
USA,United States,USA.6_1,Colorado,CO|Colo.,,State,State,,US.CO,7.217931229727635,6.119132477896566,6.522455310821556,7.239318557012666,8.161242444174652,6.508400626409653,7.032046436128188,6.463407543727352,7.157113352276052,6.7389433088757045,6.502738094329861,6.255297597249367,7.01787933167959,7.636488056182878,6.223884064810633,6.52111664726623,6.749181956336632,6.808623363858193,6.15838898250036,6.677529884520051,6.456131235758487,6.219858378455778,6.557827272869318,5.973038780121608,6.558191758110435,6.064181831904851,6.691666516803589,7.612388411022394,6.626547817956862,6.0816028617677445,7.422619006747316,8.115431676592166,6.401692099798315,6.634003212338423,6.172938907714131,6.357688976469518,7.604657359350322,6.910848213377477,6.802462695893799,6.9801562331971825,7.615148480733258,7.2200102624439255,7.186268266042096,6.5375372841244825,8.154910818735791,7.702770941598094,7.80929277510872,7.125662694658573,7.944735531579904,8.20602676300778,8.416026891980877,8.188905879429432,7.878251647949246,8.504403641110386,7.78886482147945,8.384883975982683,8.321171265556728,7.908678785959903,7.274296628861222,7.499739378974563,7.984541715894451,7.6255834034511265,9.177068510509693,7.352395993187334,8.039308257330049,8.72041250864667,8.671890558515301,8.86102663221815,8.62008958089921,7.326546605428082
USA,United States,USA.7_1,Connecticut,CT|Conn.,,State,State,,US.CT,9.588499450683619,10.201502990722688,10.445831298828159,11.05467224121096,10.053999837239607,10.102834574381538,9.488999430338572,10.361002095540394,8.905333964029973,10.305833943684926,9.579502360026064,9.693332417806014,8.974998982747408,9.209000651041682,9.76450042724611,9.400500488281281,9.677168273925815,9.177332560221382,9.589334615071635,9.6934992472331,9.712331644694032,9.834667460123717,9.169667053222682,10.655333455403678,9.805667622884139,10.236833699544297,9.307831319173209,9.738999938964866,8.881000264485698,9.848003641764345,9.62116546630862,9.704999287923195,9.540669250488298,10.335503133138047,10.1503356933594,9.963335673014342,9.789164225260444,9.910667928059922,9.656167093912785,9.475000508626328,11.11899719238283,11.178007507324248,9.353837076822936,9.846333821614607,9.944998677571638,10.163504028320332,9.604000345865908,9.778500874837263,11.460167948404964,11.032500712076844,9.819334920247423,10.794167582194035,11.031333414713567,9.68317311604819,10.135001627604192,10.55166931152346,11.403168741861995,10.5426701863607,10.652669270833357,10.076500447591163,11.33350270589196,11.136338297526061,11.934665425618514,10.524333190917991,9.859333292643251,10.67133585611981,11.663834635416697,11.215667724609409,10.927001444498723,10.635839335123725
USA,United States,USA.8_1,Delaware,DE|Del.,,State,State,,US.DE,12.099721103244372,12.571670362684491,12.824166022406706,13.418611992730058,12.856944444444466,12.580832417806008,12.41666564941409,12.878610229492216,11.43722517225479,13.227777947319899,11.996112230089002,12.29416469997832,11.671667989095075,11.705278015136747,12.444722323947502,12.17722049289281,11.941944376627626,11.616667683919289,12.272228495279975,12.018891906738299,12.281388854980497,12.602779642740908,12.03277655707467,13.10583563910592,12.62611117892798,12.90250125461156,12.106945292154975,12.635001118977888,11.758057318793425,12.227783881293425,12.380831231011308,12.141387769911043,12.37055782741973,12.790278795030403,12.690279473198808,13.06278296576609,12.90944485134552,12.892498270670595,12.362502882215736,12.33972405327693,14.063612874348982,13.85528801812068,12.18861372205948,12.681110636393251,12.75916866726348,12.913613891601585,12.194167073567732,12.627499728732658,14.230002339681016,13.631389872233086,12.692499627007399,13.3858344184028,13.901664564344642,12.510004509819908,13.238892279730928,13.336390855577278,14.122781372070335,13.576947360568596,13.494449869791685,13.084723409016945,13.895835706922767,14.220283338758705,14.730278693305143,13.23166639539933,12.396386718750014,13.526949395073808,14.254164632161485,14.268334113227022,13.911943054199241,14.045560031467039
USA,United States,USA.9_1,District of Columbia,DC|D.C.,,Federal District,Federal District,,US.DC,13.377503967285179,13.685002899169945,14.007499949137392,14.663334147135439,14.061249033610048,13.786251322428408,13.667083994547548,14.016249593098978,12.642079925537132,14.325832621256533,13.043752288818382,13.381663258870466,12.79874954223635,12.805416361490908,13.644169108072939,13.404164886474632,13.035417175292991,12.955836232503279,13.438335673014345,13.196665700276716,13.43124923706057,13.715414937337263,13.196253712972029,14.226252492268904,13.811667378743513,13.882082875569685,13.10916926066083,13.684999084472679,12.87833175659182,13.157918548584007,13.438747660319033,13.182500457763695,13.493337249755882,13.705836232503279,13.677083587646507,14.08375193277997,13.90500157674156,13.909998830159529,13.323753611246767,13.292920684814476,15.004998779296898,14.880845642089866,13.192923482259138,13.701249694824241,13.851249949137392,13.868335978190126,13.166666920979841,13.56541468302411,15.212918853759788,14.441669718424501,13.621667480468773,14.214170074462913,14.682082112630232,13.432923889160179,14.16833394368492,14.209170277913435,14.877085622151716,14.544587707519554,14.283753967285179,13.86874923706057,14.654167429606142,15.025003051757835,15.46500167846682,13.99374923706057,13.232918039957704,14.431667582194033,15.01041183471682,15.197085316975935,14.781664784749372,15.120840962727888
USA,United States,USA.10_1,Florida,FL|Fla.,,State,State,,US.FL,21.71272017760849,21.807125969652876,21.76081760814357,21.993368223178337,21.603600450431802,21.606116471200647,21.459324281320647,22.048176737851335,20.976163506657844,21.81998413853678,21.114449689373306,21.530188640858412,21.41685547258871,21.077436953370704,21.528364495811246,21.62355386026253,20.961037632204476,21.617090803422297,20.738399999846468,20.953836635373694,21.138050429626105,21.642642125543578,21.99341222415184,21.622000630696633,22.006855457233957,22.164952826350007,20.967468108171204,21.168192248074536,21.343977864583362,21.330003548868074,21.43355353013527,21.159905190137962,22.340254336183193,21.062437419771424,21.510016329783337,21.946858234525493,22.303679450652904,21.581242293831707,21.394654030469997,22.02990572947378,22.90435598121502,22.496518683283607,21.66178014983173,21.739245711032723,22.382531738281273,21.924578291215255,21.491761299949047,22.168584178228826,22.836811415954234,22.187767259129966,21.840110001474084,22.096069374324415,22.299135690365215,22.00698736418721,21.96308485307036,21.95100958482277,22.264201268609995,22.465836713299083,21.981512671896525,22.182987371480696,21.14739355891008,22.496874769678673,22.573035176595084,22.474905520265235,21.961148282416982,23.57316319687563,23.063568777408268,23.21754728113333,22.763223602486875,23.317082185565322
USA,United States,USA.11_1,Georgia,GA|Ga.,,State,State,,US.GA,18.094971668652914,18.32938158283129,18.344590069614586,18.3385904344462,18.51330512095308,18.17047982943262,18.26154014458093,18.481935464460317,17.192698048737117,18.152980239781968,17.299985870533757,17.59536719025867,17.83532501048289,17.19559377034508,17.579321927000603,17.889039266985048,17.13936478781837,17.4916240627483,17.075186277917567,17.073813676564722,17.723940721070047,17.9397037915591,18.053954319495972,18.00295556709594,18.153997449282215,18.117047946735983,16.92388486700545,17.67323490293688,17.499872429626834,17.31545509295277,17.725903803076466,17.339773895780937,18.229735267768504,17.058898124048284,17.853206759522887,18.09380234540521,18.764646644376786,17.880283135882905,17.340833648854076,17.79201970504504,19.130296670515005,18.578597134520123,17.549691858668808,17.816327731892244,18.08805116125421,18.002461337504432,17.501044985668837,17.778658221401077,19.170921127405567,18.503233846028674,17.914208984375023,18.18361583645063,18.44645485743294,17.947591249282777,18.289876448636708,18.12763017557437,18.563788091799662,18.73421242924063,17.991048711572017,17.97802326611883,17.62176920572919,18.581485787084574,19.047231098756974,17.99689252605548,17.750113078834,19.192743092337597,19.249533891408486,19.228192319708384,18.805988091937593,19.40739408158989
USA,United States,USA.12_1,Hawaii,HI|Hawaii,,State,State,,US.HI,19.94770965576174,20.20458628336591,19.78604087829592,20.05354779561363,20.125416692098003,19.320206578572613,20.11562817891441,20.207290903727237,20.02104021708173,20.501875813802105,20.44479141235354,20.555626805623394,20.195833460489933,20.512916183471702,20.421458816528343,20.11354281107587,20.49395904541018,20.8812506357829,21.064168548584007,20.496667480468773,20.675624465942406,20.47270800272626,20.20229047139488,20.376252110799175,20.939583079020206,20.251457468668644,20.421250279744488,21.16291707356773,20.916249211629253,20.922918574015323,21.43750152587893,20.55937538146975,20.473753865559917,20.138957595825218,21.014374669392925,20.000003433227562,20.855833943684917,20.324168777465843,20.946249262491886,20.370419438680035,20.522082901001,21.21980183919273,21.310212707519554,20.95395940144859,21.457915242513042,21.510837809244816,21.516042327880882,21.271040852864605,20.913961664835636,20.878123855590843,21.036873118082706,21.474791463216167,21.32020721435549,21.677299118042015,21.77479515075686,21.58896408081057,21.381878153483097,21.610213216145855,21.221671040852886,21.051456069946312,21.265210088094097,21.286876932779972,21.183957036336285,21.321459070841495,20.62270889282229,21.095628992716495,21.090417480468773,21.11104036966962,21.24854176839195,21.057297643025738
USA,United States,USA.13_1,Idaho,ID|Idaho,,State,State,,US.ID,4.645529603958148,4.210828028784884,4.446180730395871,5.718362718158318,5.1882984797160105,3.620294984181754,4.565469148423958,4.580277776718167,6.00664042366877,4.888844982783023,4.669019105699358,5.389661248525002,4.743541283077691,5.300355874167569,3.6366230805715154,4.767334980434863,5.349982727898516,5.477586788601367,4.774048264821398,4.935607767105125,4.782387934790748,4.328637218475355,4.526684220631944,5.027555667029513,5.1203036732144085,4.07816856702171,4.511406172646436,5.077543751398745,4.761683824327278,4.713076024585324,5.169652212990674,5.851302030351458,4.136504877938184,5.133437808354723,3.8053039868672918,3.0206021494335857,5.629019196828229,5.879079304801119,5.628246482213366,4.889201630486407,5.5438628620571775,5.245695341957965,6.153301546308754,3.775251377953443,5.91941003269622,5.691044929292488,5.3786460982428865,5.550503587722801,6.11320619053313,5.6475607183244705,5.626345703336952,5.657343747880745,5.189765972561332,6.617897129058856,5.7529809898800535,5.403745137320645,5.996001285976855,6.157285865147941,4.9341700236002835,5.1073609352112,5.370437320073468,4.799491288926892,6.508255073759315,5.417856258816215,6.4355206913418455,7.251531298955309,6.5028816488054275,5.890156205495221,6.393429136276272,5.30208085907833
USA,United States,USA.14_1,Illinois,IL|Ill.,,State,State,,US.IL,10.373941484077918,10.379209641552492,11.883452351888048,12.445440052173785,12.456944815822396,11.759749429692699,11.888041856553846,11.46912710199914,10.440807314272297,11.42257980265948,10.561692688957118,10.95343941178904,10.867671696092748,10.787195833397945,11.795184899385669,11.477831030144293,10.710357213903379,10.720542253766757,10.991736106267075,10.620634847974046,11.044921140317584,11.59517232904991,10.550436183384514,12.044830556395212,11.252672177269366,11.482486898432365,10.568651140808447,11.217315100614377,10.105673887868434,10.097913178943477,11.090688061588049,11.309814727621756,10.689633275592158,11.321230522034677,11.266653466603136,10.641286448322296,11.840992349291625,12.53697050387269,11.425290215709248,10.478042311895493,12.246931320271182,12.313290905826335,11.332436810851755,10.746838475787465,11.370581926618323,11.156907855644453,10.341679761775614,10.788570739100246,13.143548422515726,12.245078709516596,11.501309179881284,12.12141550861341,12.062248625578718,11.209768337673632,11.707556095829744,12.32079689792858,12.507317873031397,12.307212781149266,10.765056097444424,11.061918422154037,11.865519238022921,12.03718553977041,13.442208620101704,10.848293922061027,10.034325566367514,11.978905644492523,12.99641518567608,12.765939290687546,11.679179713335008,11.533180793883332
USA,United States,USA.15_1,Indiana,IN|Ind.,,State,State,,US.IN,10.2986751719418,10.45288825401895,11.679680027105888,12.12457571437218,12.01786298181259,11.435597698505125,11.44995732755745,11.180876081417793,9.988567737025093,11.353034673185453,10.332819842477155,10.729359253451369,10.5534616714869,10.116623472556114,11.377585347493513,11.137799541766853,10.359358789166862,10.423846018212506,10.633272246010302,10.356837632921028,10.800940384824074,11.151666585808146,10.361453025361433,11.865879182734071,10.992371479262681,11.361943849742948,10.225812367496346,10.850257247533582,9.787350607325905,9.84564400697368,10.616389308831653,10.730256457206556,10.643571602584993,11.241153645311684,11.008034495818336,10.757183133638842,11.576815769815061,12.084508220966077,11.041409836467542,10.349017112275499,12.083482882507866,12.307659012232088,10.971199779021461,10.664956991081587,11.083803121452675,11.067908875555082,10.242372653015687,10.469530441414614,12.92256701868826,11.961666687533414,11.068889480982099,11.979059685601152,11.928547746707258,10.831865450867241,11.511243014865476,11.901050169855134,12.146840569911879,12.05748242761338,10.775943814791185,10.909081118331022,11.66083620511572,11.880409136389082,13.05587588579229,10.812948204105757,9.863055524255495,11.540709040715166,12.592457071940132,12.464465762407377,11.62151704445865,11.546310385679599
USA,United States,USA.16_1,Iowa,IA|Iowa,,State,State,,US.IA,7.7802435459235015,7.506426532451944,9.419910763471583,10.150118549053508,10.238192670773264,9.450269532815028,9.618653478377928,9.233987544133143,8.86717959672979,8.910192636343178,8.41910275190306,8.714525506435322,8.666051346216472,9.345320716271056,9.689820392315227,8.818141096066222,8.611269359099586,8.72210282545826,9.183528919709053,8.377538436498417,8.915500269180711,9.142294233273256,8.093256202110902,9.819233664488204,9.248846631172393,9.122487386067723,9.12576927771938,9.598487091064479,7.900602565667593,7.800041492168741,9.396743344037978,9.93371773744243,8.38763161683697,9.20182009965948,9.280808199369005,8.273759695199843,9.75900002504008,11.096795223920788,9.797127943772553,8.593563842773458,10.217320838341365,9.77024043156552,9.304503142528063,8.051910322140452,9.10265389466899,8.98106783353368,7.817038589868815,8.867769368489604,10.868195362580147,10.24547412578878,9.672730939816228,9.876782030937022,9.971589973645345,9.296954971704745,9.587631382086366,10.210849312024257,10.64872107872599,9.790182847243111,8.156644654885332,8.59674369616389,9.40663131322619,9.547196060571943,11.578076563126027,8.617409613193635,8.029294840494808,10.061874976524962,10.910730176094267,10.45559027256112,9.08602521847458,8.744904151329655
USA,United States,USA.17_1,Kansas,KS|Kans.,,State,State,,US.KS,12.245009474320867,11.625107354828822,13.124478825655876,13.956158516623773,14.50578576290249,13.034952533606349,13.725113747336664,12.492973755345227,12.270918406862222,12.444517361034075,11.959043525927015,11.907632706382069,12.876524428165348,13.700463664892965,13.171809219591566,12.988427907770353,12.347717452771755,12.625729294979228,12.42077046596645,12.310568485838013,12.705482506029563,12.637954185948246,12.289346891461031,12.62783532576131,12.882831481008841,12.534318282387497,12.790776507059755,13.584081557302795,12.004800964124295,11.762579276345017,13.275653370943957,13.666411162867709,12.221754848595845,12.228494551687547,12.667320158987366,11.92565674637305,13.851638181281833,13.462300728306653,13.074867271654563,12.248333520600312,13.590823514533781,13.682300850839354,12.84675528208417,11.701874929485925,13.285416684006227,12.797976343559526,12.359706179300971,12.565454766244633,14.025343889178663,13.866363635207682,13.574516984188216,13.793503611015575,13.325936831850015,13.256284968058287,13.315561433271958,13.765628548824443,14.321840598366492,13.294946346860968,12.570429304874324,12.555568082404884,13.429264149521359,13.446404422413252,15.026837256460505,12.636552573695345,12.605369504292824,13.909709577849446,14.464422480265327,14.120577257329785,13.115397823218174,12.649012010747759
USA,United States,USA.18_1,Kentucky,Commonwealth of Kentucky|KY,,State,State,,US.KY,13.153276004213296,13.396121308297845,14.192159444635593,14.501897141427733,14.396496015606525,13.876440244732507,13.939299404259904,13.922841586488682,12.293182107174056,13.779583116011205,12.571837130459897,12.979147731896623,13.106591507882802,12.564544874249108,13.608750453139814,13.66352233886721,12.602915758075161,12.932064888694091,12.713468690352025,12.718011012221856,13.273788648663162,13.532689377755853,13.154280078772365,14.029814367583327,13.575189151185953,13.77522736751674,12.384810384114601,13.298978308475393,12.514451252330451,12.501139114842289,13.17395825241554,13.01700779307975,13.465022081317343,13.238427965568798,13.491988176288052,13.28138596505832,14.168295970107588,14.158939904877656,13.2105682488644,12.984980346217327,14.528523092558904,14.567113032485528,13.339360173543318,13.339242900501622,13.628162869540153,13.569056678540804,12.91732958013364,13.051723561142452,15.043772229281364,14.478011067708346,13.587007545702411,14.062424307158528,14.256761863014944,13.387715102687048,14.046726770112025,14.264359641797634,14.32593186118388,14.856082361394732,13.508469575824174,13.50035947163903,13.797294928810837,14.335854929143755,15.262442987615435,13.444943595655047,13.06217797019267,14.304321080988126,15.06560599587182,14.946003850301125,14.442197591608249,14.700252613876833
USA,United States,USA.19_1,Louisiana,LA,,State,State,,US.LA,19.90717028511897,19.914812183380146,19.44633726543853,19.98397953245377,20.198264376322452,19.887586318122043,20.00703116522898,20.00187480714588,18.765971914927196,19.216267628139946,18.808924293518103,18.833801947699673,19.597760560777473,19.232760789659306,19.31210039986506,19.728420458899624,18.845295206705757,19.21328183280099,18.463927470313198,19.17258690728084,19.07328101264108,19.718766837649905,19.700503709581184,19.502902497185627,19.755520968967048,19.4595484627618,18.50453079011707,19.437170018090175,18.921996582878975,18.61524639129641,19.432916259765648,19.462013922797336,19.806478542751762,18.472308625115314,19.617899089389397,19.6009575949775,20.10480900870431,19.355173524220803,19.212639268239357,19.089358107248966,20.42222217983672,19.878534041510715,19.33670440249976,19.210868083106178,19.70965220133466,19.85470802519059,19.49392328262331,19.4141841888428,20.81179156833227,20.45388914744061,20.129149532318134,19.744860638512524,19.76963550779557,19.624798446231434,20.09075025982329,20.284847566816563,20.462398942311633,20.18720752927994,19.82413455115427,19.969235886467857,19.635854657491077,20.363076570298958,20.98548649681942,19.63310743967695,18.95244814554853,20.65495140287614,21.058923180898052,20.980851215786426,20.500155915154377,20.38353050020008
USA,United States,USA.20_1,Maine,ME|Maine,,State,State,,US.ME,4.692905549921562,5.169811111841464,5.504701232910169,6.1715198353824645,4.714017388759539,4.762671081021324,4.160234200241244,5.158418860802303,4.3003634200137055,4.829017078367069,5.035107826167732,4.848910300752057,3.917755935538551,4.190277516943804,4.564380378397118,4.094316622742241,5.014615207248293,4.145063833905103,4.386521389953113,4.993034193250892,4.559872025709912,4.537991932926043,3.7642304770967123,5.655216732188194,4.302990800906471,4.99974401751138,4.1356625287960895,4.626837471203946,4.0493591439011,5.398443981724948,4.175491424299731,5.488590233957694,4.521392228868299,5.602414605556409,5.31160288753676,4.550900672847409,4.637649497007729,5.108353991386238,5.02232898157888,4.2020305014064405,5.892008620042091,5.631548720139743,4.32996012369794,4.635234956659853,4.892200919909375,5.0419903225369085,4.9931623279539155,4.520641124757968,6.598358049963295,6.584957442324409,4.960043387127759,5.762329714522418,5.462692352034106,4.614772268442029,4.678700171576627,5.353166198730496,6.50677649343118,4.936520529200915,5.483550008138039,5.0319232386401795,6.901712231758324,6.086008146889213,6.767244153145057,5.579722047463463,5.375384495401003,5.450109067737571,6.517094304011437,6.132905774238798,5.894252379327786,5.129428857004565
USA,United States,USA.21_1,Maryland,MD,,State,State,,US.MD,13.093750890096052,13.446774737040224,13.721770540873232,14.356980578104677,13.763021405537947,13.465625699361189,13.37020867665611,13.744272486368837,12.341771062215193,14.097499148050966,12.815103149414085,13.175105349222841,12.529896672566755,12.529998397827171,13.337813313802107,13.109791056315126,12.772814051310243,12.593855158487978,13.130837376912458,12.876978810628279,13.144583956400576,13.467604255676292,12.93239587148033,13.925002988179548,13.542813237508161,13.728126462300642,12.915002123514833,13.448540941874208,12.6253117879232,12.96969089508059,13.167708651224794,12.923230107625349,13.226148223876976,13.520937538146995,13.489687538146995,13.85469239552818,13.698540941874208,13.632082875569685,13.073959287007673,13.10270779927574,14.798020935058616,14.618760363260927,12.976671155293806,13.45156345367434,13.609895324707054,13.667608515421572,12.955105400085472,13.356874720255556,14.940315818786644,14.271772638956728,13.408956146240257,13.992604827880882,14.54958337148033,13.255215263366722,13.962085978190126,14.00187772115074,14.718336677551292,14.342087999979677,14.163128789265974,13.748124376932802,14.469585355122907,14.868960952758812,15.31125157674156,13.857188796997093,13.07395960489911,14.234378433227562,14.831563250223818,15.0001045227051,14.616252517700218,14.90240313212079
USA,United States,USA.22_1,Massachusetts,Commonwealth of Massachusetts|MA|Mass.,,State,State,,US.MA,8.744524347214494,9.38857385544552,9.644880821591352,10.270955113002254,9.186309887114055,9.129166811988492,8.542857288178974,9.549524289085781,8.141548592703705,9.348450142996668,8.764405096144921,8.834286353701657,8.068332926432314,8.44190622965497,8.837143380301361,8.510237630208351,8.792618597121495,8.261189488002259,8.594410560244631,8.884880865187895,8.76571335565479,9.034525262741843,8.327024260021423,9.853693353562159,8.824762326195142,9.333095078241286,8.523452468145479,8.9483334495908,8.03035670689176,9.161313084193656,8.649167088099915,8.893095179966542,8.696196492513039,9.536787196568099,9.274524579729379,8.995835876464861,8.820832824707054,8.908689662388417,8.826190112885996,8.60702376592729,10.247738138834663,10.206439499627999,8.448692394438263,8.935358029320142,9.123453485398096,9.30107450939362,8.859524027506533,8.944168890090234,10.597741335914273,10.266786920456687,9.027263169061598,9.94869203113376,10.104524230957049,8.822862606956875,9.148812866210955,9.589528111049134,10.507146998814202,9.607146926153291,9.745123436337451,9.174643816266766,10.586312139601958,10.252860732305644,11.065952192034066,9.659642246791316,9.150594874790755,9.827859860374838,10.88035772414436,10.376309058779782,10.161547778901616,9.741197204589861
USA,United States,USA.23_1,Michigan,MI|Mich.,,State,State,,US.MI,5.340354740873323,5.843106219785464,7.120301900011451,7.677991079776869,6.751311698534839,7.2678012820846005,6.3955857675971926,6.4518173542428725,6.103094341738033,6.487526302472958,6.26977859388855,6.682863340986562,6.051010575531232,5.9744504401024585,6.944521028775711,5.963005671940816,6.229210668252743,5.8504344426148505,6.607556509464369,6.285213075461982,6.330655724275213,6.5203898382525365,5.283324583878771,7.455171609432166,6.17648056787804,6.901338926274756,5.894928828029791,6.675593961891579,5.722499722961018,5.655437764377481,6.010930579435765,6.66592186461106,6.119772441674655,7.033847603223023,6.78749153191318,6.246492356104237,6.8582804903071235,8.21687009554386,6.894760927240924,5.816790679498794,7.506799532843,7.585975874231242,6.236767069498721,6.216861546293235,6.570328188957073,6.788061788572506,5.77661369269624,6.343315432934081,8.911040540113538,7.913156587857752,7.119991367421278,8.058200251802504,7.547375601910555,6.62525518971979,6.909169606959604,7.72464847970519,8.280402228172804,7.734914831066831,6.610933977492327,6.532092301389028,8.386067151008794,7.578247892772079,9.140363365876786,6.621090054342953,5.392898935629138,7.23038437755397,8.504556761396714,7.856746170368623,7.185691411444499,6.628118404090846
USA,United States,USA.24_1,Minnesota,MN|Minn.,,State,State,,US.MN,2.856783205668151,3.183011245727561,5.382183303833031,5.78877802530927,5.306833457946804,4.838283487955759,4.609150212605816,4.885175018310572,5.174666875203475,4.891133397420266,4.673949991862003,5.3341752751668565,4.630291315714544,5.491507962544778,5.2127084477742756,3.8450748952230023,4.062032903035505,4.217791887919134,5.067786839803081,4.4681915791829665,4.341875152587913,4.6065915044149035,3.4374665196736864,5.998553517659526,4.869350001017281,4.838908538818383,5.1287666447957605,5.436807963053407,4.243050537109393,3.5255870691935542,5.178808314005555,6.1580498250325775,4.1807697041829615,5.441258405049666,5.384416453043642,3.9997531636556167,5.526950174967472,7.578007939656601,5.585558191935244,4.2121663284302,6.054058329264341,5.679576072692892,5.1389865875244425,4.0053668467203964,5.112808507283553,4.874611790974963,3.3094834136963223,4.867708333333354,7.244503173828146,6.633983154296895,5.608949851989773,6.1996331532796445,5.751283187866235,5.433198064168323,5.343386917114273,6.303194478352883,7.049944915771505,5.936553319295267,4.2692119216919195,4.6620001347859885,6.110544967651388,5.729978357950865,7.53127527872724,4.2859168752034735,3.957549730936705,6.70796155293785,7.2442169952392845,6.222057952880884,5.092516352335626,4.390389722188336
USA,United States,USA.25_1,Mississippi,MS|Miss.,,State,State,,US.MS,18.012127231029776,18.316545591963116,18.142215820745403,18.491670227050804,18.708191523991605,18.177464651554207,18.34576200661087,18.271577507722487,16.912092233211453,17.750922085376516,17.066684219685026,17.205141605891253,17.901525359458134,17.311169898932736,17.62719825041212,18.016063890389542,17.1822522860047,17.376613600710627,16.756245130173728,17.191187930276232,17.367748081937773,17.80812014315993,17.845957827737166,17.9209960612845,17.847694840667966,17.69549659025587,16.72567414628701,17.77313850348725,17.136880168508995,16.808088543398185,17.664786599882977,17.649574723480455,18.011102565467812,16.873723467021993,17.789875934140923,17.6660320850129,18.398067241695784,17.823935986241576,17.408758837111478,17.25716303832145,18.73982218208045,18.289459672210928,17.504063393883698,17.404680411697296,17.871950525594972,17.929187163224483,17.53288946489918,17.52494688642788,19.135517050019416,18.71803127856968,18.271365129186776,17.97313794075177,18.095815195935852,17.713765635388985,18.149330204091203,18.28440019323474,18.577946666961044,18.564081135201985,17.7211561378858,17.88200309158218,17.770357832671934,18.336156166022576,19.06356320212075,17.620922234717852,17.103545936963254,18.771439529310754,19.330974724952227,19.189130807430214,18.653209074845577,18.790041724671735
USA,United States,USA.26_1,Missouri,MO,,State,State,,US.MO,12.152169172731186,12.049192517424302,13.445399412390335,14.244226979991646,14.547191595486874,13.34498849807811,13.755662223084357,13.050228617071582,12.199166974629463,12.910000275912376,12.25910969912736,12.279634756149244,12.789463785249916,13.135148376743567,13.378812809077592,13.370216676198206,12.458858639791154,12.650787555572677,12.435025978959336,12.451393155311365,12.770217087279741,13.239349114404988,12.554771207347876,13.334169772770872,12.921997934280483,12.980650420167146,12.439291855624845,13.15664383004247,11.987773452828486,11.694444170390113,13.27421206818326,13.253196186779869,12.54206965895006,12.702751117863087,13.002876588307592,12.187411993714795,13.712705317806462,13.918333351448817,13.02832218675311,12.186198501935303,14.013858178543748,13.964016493705875,13.030345962036714,12.176358533885397,13.104155407213208,12.865550726624955,12.266438237717182,12.596701001032322,14.46910136322999,14.066883271796542,13.399862970500257,13.77199787157314,13.473059137771136,13.038944847072116,13.265116958966559,13.953541787900898,14.282183148109768,13.90819939042882,12.44426193585681,12.722249063291523,13.43996916470465,13.66577980355043,15.225182513232676,12.493846799249553,12.1070088007679,13.802411982566818,14.700091594539302,14.475696295472607,13.347191720901577,13.181421943560062
USA,United States,USA.27_1,Montana,MT|Mont.,,State,State,,US.MT,3.7716942071041566,3.37945393433066,5.288438876644619,6.681820952586662,5.572129060235241,3.966579705542282,5.294789257678379,5.096808579553202,6.189853657034315,4.823044874030619,5.304876043857694,6.235686699724042,5.500695996406776,6.18175374125389,4.886428619217118,4.54170782068276,5.26557712345335,5.563589622860884,5.020099572820992,4.6245738955208004,4.8858791560917325,4.904995309738912,4.53853017786049,5.750983216561697,6.071913865197729,4.2396611950773275,6.107669902983186,5.582591391483088,4.114427799881615,4.800479668138678,5.84274724045081,6.854537687196848,4.179403300861765,5.734395648271639,5.580925325945638,4.159636657491291,6.295448753161334,7.1688826452681695,6.886730699923471,5.140856609414361,6.330920365441865,6.313269607488081,6.628666276198184,4.4392627282893935,6.279725325587923,5.732594908550131,4.358498062580954,5.893781909313844,6.840735860971336,6.982239135630418,5.940805934025714,6.6234886840149825,5.464400157998355,6.5587566110240845,6.238789795257257,6.269115059541718,7.1017937880296245,6.949403968224179,5.503460226652837,5.31621326823813,5.516761642847328,5.540717787969707,7.2446933257274395,5.975663757324246,5.704070586599296,7.393432494222921,7.289207950354519,6.322665276719557,5.504189518519827,4.880253721244192
USA,United States,USA.28_1,Nebraska,NE|Nebr.,,State,State,,US.NE,8.428992237416375,7.808365773045761,9.51378905422006,10.357329098013969,10.698275147667255,9.242161199288796,9.844602439939536,9.114970735062016,9.069777572986718,9.112975116108757,8.58872091603836,8.902218829014524,9.217064128550456,10.279884208265221,9.465523256996827,9.032335284329221,8.888178081660334,9.143246690617081,9.150516705180346,8.824505520606252,9.302219053756383,9.174980950170735,8.696802437952343,9.386747097044974,9.73997171091481,8.978468801808935,9.587577246141086,10.158343281117544,8.114370171598702,8.373434040158324,9.926356577318794,10.453933910990889,8.569780323117309,9.032548256807567,9.20797503567484,8.360022658710362,10.356356705066787,10.60434133248738,10.00271356863571,9.092683883785298,10.203720997655134,10.313090881820818,9.64425717139431,8.06212168257368,9.847616435206234,9.471737842411978,8.478779625707844,9.487586933697875,10.533491462884976,10.72826452329179,10.222858505840478,10.418459592124316,10.188614323342511,10.083436968899543,10.079305740474757,10.611118068251528,10.812532368741316,10.150080291984636,8.937406542874143,8.873604489112102,9.917948836688874,9.620197077315007,11.682480615423662,9.387296443022521,9.178982271889405,10.601292058663802,11.041928449527248,10.649147199290695,9.446085422722893,9.041905768342744
USA,United States,USA.29_1,Nevada,NV|Nev.,,State,State,,US.NV,9.763808586183677,9.026401563912415,8.772334865433484,9.391263548795862,9.677031705661923,8.402252104788142,9.050364945677055,8.985055163675128,10.057080031886267,9.646308785430682,9.575895169681118,9.3869284343457,9.146687207602946,9.219386951457068,8.432251808860107,8.718023811949868,9.556584184294588,9.252410207701141,9.202662036569999,9.451556699138072,9.289854981813908,8.640220486559508,9.162561749755204,9.053715363809909,9.42398116687115,8.40763788985158,9.038147384601539,9.543588277853573,9.073209601788506,9.346077419312564,9.610295815375906,10.435778291560439,8.391759732669394,9.272878717259621,8.85389099121096,8.524259637669777,9.889352185798439,9.334545536934527,9.462782249765965,9.178216594769628,9.240076082928477,9.170912174613704,9.884321115036665,8.511886882519292,9.746088213960022,9.912489491192128,10.222892984017221,9.696191217091476,9.001084437514814,9.430564199400365,9.812204252721216,9.909931374121655,9.569249651780163,10.352134380918576,9.787971172910767,9.78069193185855,9.961194705174998,10.23880506363127,9.834734569370932,9.645916029244441,9.633005874675845,9.342042205222072,10.908105994190416,9.66384315175462,11.093546982442072,10.91675234707922,10.545715954152698,10.758553740866612,10.73953185278524,9.791824500554222
USA,United States,USA.30_1,New Hampshire,NH|N.H.,,State,State,,US.NH,4.888264380561007,5.298822233412021,5.567985577053515,6.350002543131528,5.0196535746256785,5.142568206787132,4.4131951226128665,5.438333235846645,4.243681844075543,5.28520842658151,4.732709079318596,4.961249923706082,4.176943927341061,4.442152277628604,4.803194088406049,4.37000045776369,4.811527294582807,4.338473256429059,4.427155854966941,4.955695724487332,4.717500517103436,4.818680381774925,4.216458257039416,5.903266313340954,4.757222747802757,5.351110076904324,4.4106950124105,4.976804987589541,4.051180140177432,5.347086207071968,4.446736696031384,5.262638982137067,4.793058755662737,5.695624075995577,5.417777421739397,4.85250265333391,5.037014473809161,5.165417183770093,5.016873296101906,4.551457659403506,6.262846671210421,6.03501027425133,4.349586953057202,4.927362484402138,5.082985814412453,5.345559268527585,5.124652269151511,4.893125576443164,6.88930897182891,6.461180623372409,5.2009707980686,6.099375025431338,6.122498448689801,4.93146497938371,5.265140999688067,5.807086563110368,6.763058598836291,5.547988086276608,5.931877390543643,5.485625415378171,7.026252577039959,6.553684065077064,7.388054996066643,5.8398613823784915,5.613474146525083,6.078544023301878,7.113125101725278,6.642291641235374,6.442501110500781,5.725978893703915
USA,United States,USA.31_1,New Jersey,NJ|N.J.,,State,State,,US.NJ,10.871020112214296,11.477410606101722,11.70148055465136,12.250836803295021,11.593427135326266,11.482407011809192,11.074537602177392,11.687316159848834,10.240927067509432,11.90259337248628,10.893889363606798,11.11509179009334,10.447871568467908,10.600555250379804,11.286388651529975,10.917221747504366,10.875093078613299,10.413333299424943,10.996762424045158,10.940463708948235,11.036388651529967,11.314909023708788,10.761946049443011,12.07389136420358,11.467871319806159,11.810184167932599,10.893057477032718,11.356944444444466,10.49018532081889,11.208798839427828,11.231759360984546,11.116664858217613,11.13102253101492,11.699537602177381,11.530278071650775,11.835375580964282,11.627408175998289,11.706111314561658,11.252499446162494,11.135277472602013,12.833149493182168,12.75325080023874,11.030929678457786,11.56592627631296,11.515463200321927,11.685743939435062,11.047221544053835,11.377499446162489,13.098799359356937,12.521202765570768,11.476295301649335,12.333981662326414,12.685277133517815,11.24963672779227,11.873058855975145,12.165096537272163,12.975463980215599,12.257874213324678,12.239076798050514,11.828797630027504,12.813799088089576,12.924354383680571,13.514814984356931,12.031203206380232,11.257315572102883,12.321021299008999,13.181203036838122,12.961759327076118,12.604074661820045,12.553061421712266
USA,United States,USA.32_1,New Mexico,NM|N.M.,,State,State,,US.NM,12.566837481722834,11.778568855660888,11.683019506735898,12.072345675275656,12.7743376268064,11.395880573043433,11.861769070651386,11.798688944832241,11.791878647100754,11.665484885961007,11.26874992912587,11.184494460475927,11.782458762914127,12.020335092179783,11.008818416908161,11.49246620636822,11.427998885691522,11.69555301770489,11.089374358797357,11.88801889888578,11.358558533882203,11.291632359405696,11.710239081044037,10.928876286907945,11.505970234688538,10.795347874542424,11.079180299519217,12.145689963252195,11.844897477613799,11.096827005688638,12.010047958457434,12.451312084927608,11.564108680766822,11.475245745716217,11.338401736066663,11.577325522834505,12.059351107071029,11.21210390518275,11.639173355519466,12.343578947307003,12.11844258126016,11.696833484420376,11.7227693192946,12.13929682246976,12.795204979735004,12.70385586264357,12.941571078274444,11.917376850732708,12.683472809504963,12.709828698830554,13.160908562498681,12.776195155076016,12.673538378939625,13.255334264202872,12.255986827579372,12.892387227543088,12.975078399324707,12.617817366970067,12.425481498176316,12.733490036094144,12.7884394161037,12.860358424786034,13.619439989100414,12.187329218296432,13.096584678608247,13.046116609000146,13.460246210150407,13.898046716575422,13.522458940516424,12.808367728144768
USA,United States,USA.33_1,New York,NY|N.Y.,,State,State,,US.NY,6.941023227624744,7.424447408754252,7.934926805998173,8.582108400579108,7.484107667800298,7.7060525548388625,6.83122825399479,7.663245851394052,6.377236760011215,7.751403014422881,7.002544166609577,7.281038438228165,6.570160724126822,6.424970981530994,7.35676861143951,6.736637815955111,6.915964994374789,6.743289309496096,6.864417771010395,7.022792356613806,6.999151673791023,7.1320907949704475,6.456038099143963,8.225031945301106,7.044079125833808,7.7595467015316855,6.495628544322249,7.1745906272129885,6.268961686697646,7.138366261978618,6.687091100146219,7.202573550932603,7.085515304476227,7.721067069427339,7.4874998929208045,7.288673409802196,7.435964314421739,7.811344802588768,7.326739716111585,6.775628215945981,8.637704423157123,8.555784357082098,6.718176287377806,6.9910672371847795,7.1098250985842855,7.5466844971417215,7.050336300141656,7.009313179596148,9.172182103207257,8.339224930255758,7.278376939561653,8.451915147569466,8.424181852284955,7.055050641333172,7.458833446837332,8.021129148605999,8.786757717913375,7.797561297500366,7.809447626481993,7.410891803942249,8.598527080692069,8.566903329592725,9.514166634542923,7.798917902003983,7.107280851665313,7.869155535781625,8.98010263721848,8.53000017132677,8.212192923562592,7.721804443716327
USA,United States,USA.34_1,North Carolina,NC|N.C.,,State,State,,US.NC,15.235683186848979,15.281937001546245,15.535565948486346,15.919536997477232,15.538700408935568,15.181400146484402,15.464516042073592,15.525449422200538,14.116350504557309,15.353500061035177,14.32330027262372,14.764116821289088,14.607350311279314,14.128333892822292,14.823149719238307,14.949982808431011,14.203500264485706,14.333849843343117,14.33878712972008,14.213933563232445,14.978283081054707,15.079866536458354,14.7519502258301,15.252336171468116,15.355517222086618,15.546533253987652,14.324533437093129,14.94743357340497,14.504516703287782,14.598670450846376,14.725882924397808,14.393783213297558,15.152253570556658,14.678933563232443,15.118949381510438,15.443170267740902,15.920499471028677,15.121565653483097,14.482199910481787,15.01356643676761,16.594416707356796,16.092193145751978,14.986485697428401,15.308517049153673,15.404266459147157,15.118053792317733,14.715616302490261,14.937782999674496,16.40135381062828,15.76421630859378,15.052366943359408,15.618532358805362,15.912333068847682,15.16575683593752,15.53891993204755,15.536769866943374,15.788802998860708,16.195353495279964,15.450819905598982,15.222016550699896,15.344870300292987,16.100786590576195,16.28616643269859,15.083200225830097,14.934566701253274,16.140319722493512,16.40925023396811,16.47354965209963,16.082049662272155,16.54218978881838
USA,United States,USA.35_1,North Dakota,ND|N.D.,,State,State,,US.ND,2.0455587798474117,2.36869904761223,5.108735402425158,5.9242288626876745,5.264460948869318,4.154862587124716,4.3790487102434,4.881068869198084,5.191019604252858,4.524264646043995,4.595637960994973,5.473569054697099,4.78290207806758,5.830863010182118,4.600901944029597,3.524803864722178,3.752950975006724,4.399039324592157,4.465718377805246,4.113696004830177,3.974392266367014,4.248039499918643,3.41642143399109,5.703415186264966,4.803058938419137,4.491264702292066,5.497156120749111,5.266049104578369,3.6652941236309196,3.324159719429796,5.536000240550346,6.55050946403954,3.615140952316006,5.412431559843202,5.37445101270491,3.812620424756839,5.684363211837488,7.542667284198861,6.175784541111393,4.482793980018788,6.191823682598051,6.0899707569795725,5.4584840063955555,3.79833326152729,4.784872720755804,4.645424457624865,2.895137637269291,5.185803701363383,6.521689441157354,6.47358823290061,5.415646870931009,6.053725627824387,5.418931429993894,5.348722091375635,5.177042284198852,6.144376223695072,6.918337174957894,5.828993763643179,4.443816854439551,3.9823918361290063,5.154414666867747,5.067493543437905,7.012254692526459,4.172931177475903,4.324460706523847,6.681875939462718,7.200902063706356,5.927225479425185,4.646980255725363,3.903104251038819
USA,United States,USA.36_1,Ohio,OH|Ohio,,State,State,,US.OH,10.178088698044343,10.501114220712722,11.350098384283754,11.790607806436403,11.400801345725489,11.217369259105032,10.867777835621572,10.935898455451545,9.605800982705924,11.23138879514211,10.02656817467387,10.48776118459268,10.182679997861797,9.64790855856505,10.96893842111229,10.709101688160638,9.96669941821132,10.149297108369728,10.259562204398383,10.066470556321505,10.69377393535541,10.687646783566967,10.00978729646972,11.592715823104987,10.646127518797252,11.078251837437469,9.836764496448012,10.462696130291334,9.481601271286536,9.75732335109339,10.057892324410256,10.175816784029712,10.520608221315891,10.873447572795413,10.608136824065582,10.616343260123088,11.259215989455702,11.594934929741788,10.571192553152471,10.06859511830452,11.835653397304583,12.066251248627736,10.48619675979119,10.5921571818832,10.667614337198108,10.577356256223206,10.029722256130663,10.239084959341833,12.502650022818395,11.620931717617088,10.731356033624403,11.592059196522058,11.706062047621804,10.45490796456932,11.090019305858766,11.382339706919572,11.823303452036763,11.588107668808112,10.649300798403706,10.592630154478812,11.268728398341784,11.612797735874983,12.601797245998034,10.810082060371366,10.011192301831235,11.311604997223512,12.349853196486952,12.193268101511464,11.690147579417532,11.709941470077638
USA,United States,USA.37_1,Oklahoma,OK|Okla.,,State,State,,US.OK,15.60233563347044,15.649498472974917,16.466326596255616,16.860414266810196,17.617312170754037,16.23948324140811,16.98517603627955,15.577195345739824,15.387876111241042,15.471209337118106,15.202053861662833,15.117922629772801,15.976572407467282,16.537217497489845,16.126232437348722,16.319448322421533,15.342839902779327,15.884565921120819,15.12932244959014,15.625140789193182,15.679365654170823,15.882194827084277,15.690692726099456,15.59054320429415,15.920446103951198,15.403849305345446,15.404107666015648,16.55584514779106,15.31320421818838,14.699545438524723,16.36447156449442,16.37537550948598,15.561118277249781,15.05518794529877,15.755058524978026,15.367174447646192,16.475551752081525,15.878228079209336,15.647770003197914,15.031349454351462,16.431314588376637,16.222850230042386,15.711399977419878,14.993591473360032,15.92164309506127,15.718137090978507,15.511149898045526,15.349307551854116,17.21273805860064,16.79626782197909,16.23106844906519,16.460222973174357,15.715340291054616,15.98336328497516,16.11223325057769,16.49399411197002,17.229850969628014,16.03811339615659,15.804123197027243,15.739518701974239,16.18171758517415,16.888688659668002,17.72931877458601,15.506960070972733,15.44719494027153,16.471305510471712,17.24954247273192,16.96782851241566,16.135422168427255,15.819220085323161
USA,United States,USA.38_1,Oregon,OR|Ore.,,State,State,,US.OR,6.990780520510778,6.928246222602023,6.887454759752444,7.414170035514061,6.855540635850716,6.01769516861835,6.7764864076723414,6.746764463132588,8.435623136869799,7.225833734735734,7.083738781811614,7.5595873262789395,6.941373913280974,7.299924915760509,6.351621670193173,7.225713199466587,7.452207516048792,7.6499777808203975,7.333508456576719,6.928678692425365,7.125150081416891,6.542552377511811,6.85440765930728,7.406092018837707,7.249970252234671,6.642147089411211,6.975863267136788,7.192695241933843,7.004407214832047,7.18261587240319,7.2903677817221775,7.773468168791368,6.397451328586906,7.223843654139998,6.65566891965211,5.888209336656018,7.9238138193125,8.103663277840852,7.726696887317028,6.91561545065576,7.611756599128451,7.638703941368149,8.599710587051916,6.379684507811059,7.781658885142491,8.067720856537719,7.7742866447380266,7.871231367781377,7.831422149383296,7.345143031214827,7.416546351344034,7.501058529232381,7.51068361757756,8.417476725077146,8.058659449855156,7.530138413254581,7.793711495614289,7.54092656041053,6.995904151527033,7.270638213286541,7.448621677708,6.797893618105438,7.896847094286694,7.474211514676317,8.918153175147827,9.269102345143013,8.588100229440888,7.994579546587626,8.387026849236955,7.603294821616075
USA,United States,USA.39_1,Pennsylvania,Commonwealth of Pennsylvania|PA,,State,State,,US.PA,9.168726833511476,9.683934184140403,10.131242034720197,10.67942170916865,9.950942551714846,9.897279645811855,9.480109295155293,9.95218527931839,8.575408350146807,10.209025343409143,9.066336616180251,9.441368045447026,8.926729828456692,8.653317903722632,9.545093982624579,9.306226564803234,8.976650156464979,8.93948132976798,9.206371177817323,9.13998416924629,9.513978000856815,9.543915265161308,9.004229985842935,10.335978276474696,9.55825521601073,10.011635056981524,8.898742042397581,9.47281425044224,8.66584853646143,9.140144290564214,9.095030481110607,9.1627830553355,9.405820728997787,9.686116862746934,9.547500168902337,9.735003575738896,9.91594435973739,10.15982716878257,9.583993098420928,9.22025192548647,11.003553512861165,11.04827999858739,9.363085371293385,9.696367985947353,9.59636773643256,9.81122909641868,9.216320484089428,9.488585216594217,11.4997827206018,10.578773105069544,9.746431497058055,10.514528420886174,10.749874225352565,9.487333468071341,10.13020746003159,10.397330460458454,11.006009170244349,10.431497288350068,10.045616428207316,9.802122286430722,10.637393150089693,10.938981196565473,11.664293003682099,10.070267529757544,9.268364710777826,10.378446989239402,11.348600365980635,11.205376909363972,10.765629260944891,10.762679132425584
USA,United States,USA.40_1,Rhode Island,State of Rhode Island and Providence Plantations|RI|R.I.,,State,State,,US.RI,9.392498270670595,10.144169108072939,10.350831604003929,10.85833638509117,9.797499593098982,9.675831095377626,9.122501627604189,10.130832926432314,8.728326416015648,9.920831298828148,9.379169718424501,9.44250386555992,8.676662699381533,9.108326212565126,9.448332722981794,9.119170125325544,9.400000508626325,8.89666646321617,9.229168192545595,9.505832926432314,9.3725041707357,9.684167480468773,8.979168192545595,10.45417175292971,9.4924992879232,9.957498168945335,9.164168294270857,9.555830891927107,8.637498474121116,9.801667785644554,9.321669514973982,9.472497558593773,9.342500305175804,10.190003967285179,9.909997558593773,9.618338521321638,9.396669006347679,9.501669820149763,9.40833180745445,9.22833150227867,10.844168599446638,10.799172973632835,9.080003356933616,9.645832316080751,9.77582956949872,9.921667989095075,9.464163716634138,9.609170532226585,11.153337097167991,10.88416442871096,9.640000915527366,10.524997965494814,10.688338216145857,9.410007731119814,9.70166931152346,10.11750437418622,11.023337300618513,10.195835367838564,10.342505391438825,9.727502441406273,11.112502034505232,10.8291692097982,11.591663614908876,10.237504577636741,9.686669921875023,10.402502950032575,11.454164123535179,10.950003560384138,10.720829264322939,10.344171142578148
USA,United States,USA.41_1,South Carolina,SC|S.C.,,State,State,,US.SC,17.489667256673204,17.527336205376553,17.724194505479616,17.913503943549284,17.852805158827064,17.44900037977433,17.732833353678405,17.68119405110679,16.405083719889348,17.47719412909615,16.57558339436852,16.980749681260864,17.037499915228977,16.430999925401498,16.96969350179039,17.233721839057097,16.351471710205104,16.62716640896269,16.403753238254154,16.322526635064047,17.137360551622194,17.253860643174935,17.089444563123934,17.333335961235914,17.5961118910048,17.687250264485694,16.39983308580189,17.074444834391297,16.791527726915174,16.71211505466039,16.91269293891061,16.571167076958577,17.335891554090733,16.55894453260636,17.237500000000026,17.527280595567515,18.230666436089436,17.204000430636963,16.66147189670141,17.196860843234607,18.6698049757216,17.970566134982658,16.978586154513916,17.40083363850914,17.529055870903886,17.35439224243167,16.978666517469648,17.1577220492893,18.504557969835087,17.748249732123508,17.11127734714086,17.69297197129994,17.938138665093344,17.274784088134794,17.67364256117081,17.58361485799156,17.901754336886963,18.338725365532795,17.560503556993286,17.34836086697051,17.29739227294924,18.220475429958793,18.489555104573583,17.27341630723744,17.112499745686875,18.37153091430666,18.676749589708137,18.664638858371337,18.225444115532795,18.677978346082924
USA,United States,USA.42_1,South Dakota,SD|S.D.,,State,State,,US.SD,5.540046275491709,5.401157381945055,7.547775005857616,8.302338250128804,8.304752352648189,7.284569334372516,7.438956225049395,7.231254370832635,7.642793218032803,7.288708686129965,6.857353618468143,7.619395541795465,7.222710287352645,8.416776764698545,7.526694681356266,6.72761895036525,6.688040180695381,7.182939203842248,7.141174947997172,6.869377208891383,6.889368821587779,6.937445576985695,6.342701240511626,8.106468301291025,8.128049035823414,7.0890198201050465,8.218864206167396,7.9396336901319176,6.049295155731339,6.361890006152724,8.296987305805388,8.994359379024326,6.544710406628312,7.612765542054802,7.650118806161312,6.420653447301414,7.976016805460186,9.40224341088602,8.456346661354624,7.156235959678355,8.521145372775038,8.486639801137201,7.851596499712059,6.055686715933011,7.5213463220841135,7.3650859120128205,5.746904634468744,7.35144687415045,8.764719242752705,9.02478031815192,8.04585167182673,8.303342479663916,8.15461528624372,8.076334763970587,8.230616827325525,8.784014205094243,9.203034218589048,8.539847114758638,6.8609379806798225,6.773837095826555,7.647182467394278,7.402796667748784,9.869413846753039,7.0066208500565255,6.815127770280682,8.907155511318129,9.428195648752316,8.57704200604899,7.165421024084982,6.457350471692233
USA,United States,USA.43_1,Tennessee,TN|Tenn.,,State,State,,US.TN,14.244999249776233,14.536211840311703,15.005479049682634,15.273649215698265,15.366708246866883,14.780125109354676,15.081792259216334,14.988729286193882,13.442124493916841,14.61854152679446,13.589895629882832,13.997937583923365,14.319312349955263,13.658646138509136,14.372521209716822,14.574624697367375,13.692812283833836,13.922687848409035,13.570315869649272,13.665166600545271,14.19445845286054,14.460916964213078,14.20452054341636,14.806149927775095,14.522208531697615,14.534396616617864,13.311500231424992,14.379478899637888,13.742000007629414,13.508419354756702,14.240313021341976,13.978500239054378,14.413066164652525,13.857041358947768,14.315583229064975,14.155565706888856,15.073917452494328,14.818500582377146,13.972791798909531,13.959042167663597,15.499978828430192,15.190530840555851,14.111315663655626,14.217708778381379,14.483187548319515,14.362544886271186,13.804187838236516,13.939312807718926,15.841878000895207,15.414062309265157,14.664979998270695,14.763750457763697,14.992874844869002,14.359402402242049,14.964586702982615,15.085752677917503,15.217753791809102,15.725024477640815,14.435669581095405,14.417395528157579,14.62748190561932,15.197815322876002,15.946271133422877,14.278979301452656,13.959604390462266,15.30600350697837,16.002291742960633,15.811291631062838,15.336437034606957,15.722089640299506
USA,United States,USA.44_1,Texas,TX|Tex.,,State,State,,US.TX,19.025384775797544,18.919538253392954,18.76974331782417,19.21810876895222,19.70719197591148,18.91924648773978,19.33384596017693,18.548333378327218,17.907217818040134,18.026705140333927,17.989310650947786,17.877064025096427,18.819509868132783,18.89015366969967,18.572083409627307,18.753089767847325,17.880166518382556,18.640531833355272,17.686865586500925,18.467326902731887,18.016227399385908,18.65754803388549,18.393577027932213,17.982641190748964,18.431262774345225,18.048205165373997,17.489820724878573,18.89080129770134,18.026429259471428,17.57041034209425,18.72348429361982,18.64682050851678,18.461589930607744,17.76899684025693,18.49372098873825,18.29020505073744,18.944266099196238,18.067583670982973,18.364201746231497,18.34987515180541,19.08116970551322,18.58102905077813,18.396442354642456,18.186006223238454,19.025458223391826,18.820516390678232,18.864106007111392,18.041387890546773,19.747297795613637,19.531394215119217,19.506160256801525,19.024125084510235,18.67833971854971,18.95182393391929,18.820830076168765,19.2071410643749,19.823355885041085,18.558384685027306,18.95094224000591,19.11390373034357,18.755564166338043,19.935939113910404,20.15777548765527,18.733855868608554,18.709314111562893,19.12883012233638,19.869211881588683,19.9737242478591,19.31007361778848,19.17133012429264
USA,United States,USA.45_1,Utah,UT,,State,State,,US.UT,8.956395002724486,8.19327321812728,8.199601496820884,9.093862041528695,9.640262609288333,7.912671923982946,8.873949498715632,8.54089657327406,9.563451164356204,9.131241071396994,8.970978369229101,8.73043478260872,8.780054263792204,9.118723087034388,7.748740934289041,8.261630989848726,8.87844218931339,8.532826166567622,8.035501264489232,8.920316784623765,8.615905629033653,8.085869006834193,8.896485403309716,7.963997528518476,8.827654194486337,7.684447390791324,8.630968845754452,9.501567210321872,8.913723218613796,8.295492495661227,9.242861960590773,10.015362482485585,7.986017979055229,8.917155699799045,7.902889727164033,8.246778452223646,9.612337256168985,9.196874983414375,9.02006332286893,8.971666673300945,9.261277245784177,8.590236005921318,9.403635528122189,8.300815228448423,9.919927492003533,9.606461793097921,9.78575217758402,9.0143931347391,9.094758633599781,9.645253781304865,10.178441730444002,9.98729161801547,9.595842643406106,10.658783821437686,9.5799401380014,9.864296877211444,9.70930528502536,10.032141096695625,9.193517662822364,9.332817331949892,9.26029327503152,8.853209542537101,10.732590473562075,8.927236797498642,11.001793410812624,11.319559075175874,10.666494651462747,10.924348035066055,10.893151938396967,9.539118177994453
USA,United States,USA.46_1,Vermont,VT,,State,State,,US.VT,5.80976275489446,6.1435137067522545,6.568154907226585,7.467026192801366,6.006666528610978,6.168868364606605,5.368214997791128,6.383095768519837,5.241548701695052,6.416606430780348,5.890654137021045,6.05160638718381,5.317796870640365,5.262618909563353,5.992856779552663,5.436666833786769,5.8052970159621635,5.388988567533967,5.374348667689749,5.786608269101123,5.617798469180173,5.698095121837819,5.0657734462193345,6.913336326962451,5.686428687686036,6.387380581810376,5.217321014404324,5.999345034644729,4.936368924095542,6.20059847150533,5.3617267426990525,6.11345371064688,5.736015937441896,6.444108218238488,6.257857804071354,5.733812132335866,5.946190316336516,6.164584641229562,5.978332773844419,5.459701792399106,7.224820890880783,6.9753665742420266,5.276967984154136,5.691606140136745,5.821607753208724,6.3398841494605875,6.063987804594514,5.731667545863583,7.854526410784061,7.299405851818288,6.046250188918369,7.284999920073024,7.175058710007458,5.914589545840324,6.1796461559477605,6.909765225365068,7.7794084821428795,6.427502841041222,6.815895334879585,6.420834750220915,7.854288809640091,7.4968476795015135,8.427857971191429,6.811428142729279,6.369345238095259,6.802741713750947,7.810595085507377,7.3669650486537535,7.122975558326378,6.377804783412405
USA,United States,USA.47_1,Virginia,VA,,State,State,,US.VA,12.990071733623557,13.153141492478412,13.505975341796898,14.029560397533677,13.414308274722293,13.170886273756116,13.290124187063688,13.534219739115855,11.98914938852299,13.474769603107015,12.287748252922773,12.672942206200153,12.317180346766278,12.133776465882667,12.881009809345235,12.895868352795341,12.192819213867205,12.265655798945886,12.44214858467699,12.223209473089142,12.925780665620868,13.023829531838734,12.632535796469853,13.398708489600674,13.23507096310882,13.328935999227781,12.373918747056479,12.9264541084885,12.27308634223669,12.389400141289917,12.74141829470373,12.363297547685363,12.974967263945473,12.747269661544934,13.101985969272926,13.326687005225674,13.499379378514954,13.208900949464644,12.549431994282633,12.775230256209156,14.42312065827933,14.216233068155082,12.806156575087982,13.109538691094604,13.313688627202486,13.117094713576316,12.543120374747227,12.82083341990805,14.431332862799914,13.751347654085654,12.97883038892815,13.518227175448828,13.892997049101723,12.977294553932595,13.50817693615638,13.519968030131475,13.894365091526794,14.048602987519425,13.356102920424021,13.097748354648047,13.485322895455885,14.109595451625543,14.384504072040551,13.042481669973839,12.657659717316344,13.896173853231682,14.289857807565264,14.42019465020365,13.98696819332477,14.437542215983095
USA,United States,USA.48_1,Washington,WA|Wash.,,State,State,,US.WA,6.888911886776228,7.4189642513499665,7.840549214681005,8.486542705461124,7.228774665383753,6.320794049431318,7.344931090111847,7.474176563936145,9.397382369695947,7.5040396297679495,7.570823938706364,8.325343173157961,7.804411585190735,8.089755189185075,7.027774347043528,8.167215624042617,8.279392406987228,8.778195579379235,7.962248200061286,7.46922535615811,7.663284361596216,7.374107989142952,7.314293954886661,7.959081343108551,8.005107625325545,7.2012654024012095,7.574588581160039,7.673960457596148,7.532509777592698,7.821022811590477,7.638617392147315,8.314509762034717,7.410443982891029,8.084264897365221,7.352293874703221,6.56608111811622,8.404597951851665,8.850588241277975,8.369989941166912,8.035754843319188,8.516950599820035,8.305637613932314,9.135229013480412,7.427068762685759,8.831274653416079,8.718180039349747,7.611352868173654,8.519038660386045,9.078561880074327,8.214313821231642,7.761667229147534,8.193146858963322,8.257313956466396,8.951251370299124,9.042924439673348,8.434777891869663,8.647601557712951,8.24875772513598,7.60542530732999,7.9128037396599495,8.37591534782861,7.49517944934324,8.395755184398004,8.298774479884747,9.096627179314126,9.915964582854647,9.401225430357718,8.159677183861845,8.941794391706901,8.070114644368525
USA,United States,USA.49_1,West Virginia,WV|W.Va.,,State,State,,US.WV,11.269279849890538,11.486783715450423,11.917878954338335,12.318449794884904,11.772500841545357,11.52568172108046,11.412765872839747,11.781590687144908,10.057348216663732,11.780227106267782,10.496402301210367,10.874507811575247,10.734053085789554,10.10204490892817,11.277651492032158,11.295416306004403,10.489280145818563,10.697916805382945,10.571025755911194,10.489280839399882,11.359431318803283,11.300795838327138,10.93579647179808,11.898109112363889,11.460151348692017,11.646969095865913,10.370150733716585,11.051855861779444,10.434128524317899,10.549737317634367,10.662196558172065,10.47954515399357,11.293941983309685,11.004885956735341,11.40234781901043,11.371784117727586,11.734924108331873,11.678712232185154,10.945113118489607,10.860644508130648,12.558940101392372,12.533835116299736,11.109699965968298,11.396250430020435,11.515757728345482,11.30231362545131,10.743750046238778,10.956893481630289,12.66117745601772,11.997765072909289,11.251287888035648,11.811401505903783,12.112007857814001,11.220233940355735,11.874852290298028,11.89674599387431,12.084548279733392,12.26757884170072,11.375496396151481,11.322728151263638,11.513981350985466,12.297390007250252,12.76162872314456,11.332122710256888,10.809924293286903,12.062049542051392,12.652574735699295,12.697158836595966,12.257121484929888,12.682203142570748
USA,United States,USA.50_1,Wisconsin,WI|Wis.,,State,State,,US.WI,4.726515012798909,4.853910345432577,6.680714997791132,7.2110207033363976,6.778225331492261,6.588041105724538,6.143116548876757,6.188419794520286,6.049512960590865,5.972597698525452,6.043582080659429,6.460184376373974,5.751839483351958,6.07321454993577,6.879047416918236,5.5793621905438515,5.760735885818316,5.462142818830775,6.606204481248763,5.8260498112930605,6.0539396608030955,6.078474059662288,4.906688102292833,7.366053236924235,6.180367579604659,6.374296715146045,5.822521364946932,6.567922177665703,5.481817904385679,5.224786971451418,6.2431707737249935,6.951233577315449,5.782309220879644,6.796114412117849,6.717099976642842,5.743434103433216,6.770584674521463,8.440464934642202,6.863463635465308,5.605682049375616,7.544913393491304,7.051254213011134,6.422287026937927,5.86924301741962,6.594263900822914,6.529289252211025,5.207305155172004,6.3150864043793336,8.957958013361173,7.922077994738842,7.042261898156387,7.764231436593211,7.453473679843942,6.68953048243669,6.910446999289799,7.68513278052922,8.177286526238271,7.443022796498776,5.885371128098821,6.204891211439549,7.825847483713417,7.195489700119239,9.074242635619607,5.9572944872307305,5.084631922337934,7.7112480328712865,8.486147437157593,7.664263744271698,6.829642529508277,6.194963404007306
USA,United States,USA.51_1,Wyoming,WY|Wyo.,,State,State,,US.WY,3.9901338236672785,3.3121311142331202,4.185736796969484,5.334772636776909,5.469910580771337,3.7425153527941197,4.5086828799475045,4.117060733976842,4.992038572402261,4.236793568020786,4.389627710978218,4.3811827886672505,4.431421273095296,5.1709520748683575,3.54829600197931,3.9927979242234195,4.478147624787856,4.289575831095405,3.6784183229719125,4.418400360289094,4.054397088005459,3.8706921441214672,3.9885042667389143,3.626774338313529,4.487068180810856,3.52065500077749,4.427009223756362,5.010572733197908,3.525424416859972,3.7218560877300697,4.809873914718641,5.906554817018066,3.7046160516284963,4.321629801250661,3.6783037117549546,3.3675256388528205,5.283735052744575,5.334241235823877,5.362239705948625,4.525416628519717,5.050000081743543,4.87625231515797,5.190702545075216,3.033080343973083,5.609278093065555,4.866632874806736,4.443073095594154,4.463444895971411,5.289303693317261,5.721435778481639,5.240506199428036,5.452068265279162,4.526086493900867,5.6309889657157015,5.098916887101699,5.3692962601071486,5.656171757834319,5.671907906305241,4.230746886843747,4.324977572759006,4.801551028660389,4.441751893361436,6.653095635913687,4.768556894574867,5.040810793922081,6.359817691076387,6.170818537757526,5.709702746073428,5.3629090490795575,4.125535015832829
